image_path,xmin,ymin,xmax,ymax,label
high_resolution_photos/2010/Breton-Chandeleur Islands/Chandeleur North A/07May10Camera1-Card1-0483.jpg,2351.25,15.32,2367.25,31.32,UNTE bird
high_resolution_photos/2010/Breton-Chandeleur Islands/Chandeleur North A/07May10Camera1-Card1-0483.jpg,2361.25,19.32,2377.25,35.32,UNTE bird
high_resolution_photos/2010/Breton-Chandeleur Islands/Chandeleur North A/07May10Camera1-Card1-0483.jpg,2387.24,23.33,2403.24,39.33,UNTE bird
high_resolution_photos/2010/Breton-Chandeleur Islands/Chandeleur North A/07May10Camera1-Card1-0483.jpg,2345.91,53.98,2361.91,69.98,UNTE bird
high_resolution_photos/2010/Breton-Chandeleur Islands/Chandeleur North A/07May10Camera1-Card1-0483.jpg,2363.24,55.32,2379.24,71.32,UNTE bird
high_resolution_photos/2010/Breton-Chandeleur Islands/Chandeleur North A/07May10Camera1-Card1-0483.jpg,2367.24,91.31,2383.24,107.31,UNTE bird
high_resolution_photos/2010/Breton-Chandeleur Islands/Chandeleur North A/07May10Camera1-Card1-0483.jpg,643.5,35.16,659.5,51.16,UNTE bird
high_resolution_photos/2010/Breton-Chandeleur Islands/Chandeleur North A/07May10Camera1-Card1-0483.jpg,643.5,57.16,659.5,73.16,UNTE bird
high_resolution_photos/2010/Breton-Chandeleur Islands/Chandeleur North A/07May10Camera1-Card1-0483.jpg,701.89,64.42,717.89,80.42,UNTE bird
high_resolution_photos/2010/Breton-Chandeleur Islands/Chandeleur North A/07May10Camera1-Card1-0483.jpg,723.49,51.17,739.49,67.17,UNTE bird
high_resolution_photos/2010/Breton-Chandeleur Islands/Chandeleur North A/07May10Camera1-Card1-0483.jpg,739.48,79.17,755.48,95.17,UNTE bird
high_resolution_photos/2010/Breton-Chandeleur Islands/Chandeleur North A/07May10Camera1-Card1-0483.jpg,815.47,35.18,831.47,51.18,UNTE bird
high_resolution_photos/2010/Breton-Chandeleur Islands/Chandeleur North A/07May10Camera1-Card1-0483.jpg,811.47,39.18,827.47,55.18,UNTE bird
high_resolution_photos/2010/Breton-Chandeleur Islands/Chandeleur North A/07May10Camera1-Card1-0483.jpg,803.47,49.18,819.47,65.18,UNTE bird
high_resolution_photos/2010/Breton-Chandeleur Islands/Chandeleur North A/07May10Camera1-Card1-0483.jpg,883.46,47.18,899.46,63.18,UNTE bird
high_resolution_photos/2010/Breton-Chandeleur Islands/Chandeleur North A/07May10Camera1-Card1-0483.jpg,887.46,55.18,903.46,71.18,UNTE bird
high_resolution_photos/2010/Breton-Chandeleur Islands/Chandeleur North A/07May10Camera1-Card1-0483.jpg,959.45,35.19,975.45,51.19,UNTE bird
high_resolution_photos/2010/Breton-Chandeleur Islands/Chandeleur North A/07May10Camera1-Card1-0483.jpg,959.45,59.19,975.45,75.19,UNTE bird
high_resolution_photos/2010/Breton-Chandeleur Islands/Chandeleur North A/07May10Camera1-Card1-0483.jpg,959.45,79.19,975.45,95.19,UNTE bird
high_resolution_photos/2010/Breton-Chandeleur Islands/Chandeleur North A/07May10Camera1-Card1-0483.jpg,1031.44,67.19,1047.44,83.19,UNTE bird
high_resolution_photos/2010/Breton-Chandeleur Islands/Chandeleur North A/07May10Camera1-Card1-0483.jpg,1035.44,71.19,1051.44,87.19,UNTE bird
high_resolution_photos/2010/Breton-Chandeleur Islands/Chandeleur North A/07May10Camera1-Card1-0483.jpg,1071.44,47.2,1087.44,63.2,UNTE bird
high_resolution_photos/2010/Breton-Chandeleur Islands/Chandeleur North A/07May10Camera1-Card1-0483.jpg,1053.44,79.2,1069.44,95.2,UNTE bird
high_resolution_photos/2010/Breton-Chandeleur Islands/Chandeleur North A/07May10Camera1-Card1-0483.jpg,2317.25,103.31,2333.25,119.31,UNTE bird
high_resolution_photos/2010/Breton-Chandeleur Islands/Chandeleur North A/07May10Camera1-Card1-0483.jpg,2311.25,107.31,2327.25,123.31,UNTE bird
high_resolution_photos/2010/Breton-Chandeleur Islands/Chandeleur North A/07May10Camera1-Card1-0483.jpg,2297.25,111.3,2313.25,127.3,UNTE bird
high_resolution_photos/2010/Breton-Chandeleur Islands/Chandeleur North A/07May10Camera1-Card1-0483.jpg,2283.25,115.3,2299.25,131.3,UNTE bird
high_resolution_photos/2010/Breton-Chandeleur Islands/Chandeleur North A/07May10Camera1-Card1-0483.jpg,2279.25,119.3,2295.25,135.3,UNTE bird
high_resolution_photos/2010/Breton-Chandeleur Islands/Chandeleur North A/07May10Camera1-Card1-0483.jpg,2273.25,139.3,2289.25,155.3,UNTE bird
high_resolution_photos/2010/Breton-Chandeleur Islands/Chandeleur North A/07May10Camera1-Card1-0483.jpg,679.49,123.15,695.49,139.15,UNTE bird
high_resolution_photos/2010/Breton-Chandeleur Islands/Chandeleur North A/07May10Camera1-Card1-0483.jpg,691.48,123.16,707.48,139.16,UNTE bird
high_resolution_photos/2010/Breton-Chandeleur Islands/Chandeleur North A/07May10Camera1-Card1-0483.jpg,723.48,145.16,739.48,161.16,UNTE bird
high_resolution_photos/2010/Breton-Chandeleur Islands/Chandeleur North A/07May10Camera1-Card1-0483.jpg,747.48,123.16,763.48,139.16,UNTE bird
high_resolution_photos/2010/Breton-Chandeleur Islands/Chandeleur North A/07May10Camera1-Card1-0483.jpg,759.47,151.16,775.47,167.16,UNTE bird
high_resolution_photos/2010/Breton-Chandeleur Islands/Chandeleur North A/07May10Camera1-Card1-0483.jpg,777.25,134.72,793.25,150.72,UNTE bird
high_resolution_photos/2010/Breton-Chandeleur Islands/Chandeleur North A/07May10Camera1-Card1-0483.jpg,808.72,138.16,824.72,154.16,UNTE bird
high_resolution_photos/2010/Breton-Chandeleur Islands/Chandeleur North A/07May10Camera1-Card1-0483.jpg,2231.25,179.29,2247.25,195.29,UNTE bird
high_resolution_photos/2010/Breton-Chandeleur Islands/Chandeleur North A/07May10Camera1-Card1-0483.jpg,2271.25,179.29,2287.25,195.29,LAGU stand
high_resolution_photos/2010/Breton-Chandeleur Islands/Chandeleur North A/07May10Camera1-Card1-0483.jpg,2265.91,185.96,2281.91,201.96,UNTE bird
high_resolution_photos/2010/Breton-Chandeleur Islands/Chandeleur North A/07May10Camera1-Card1-0483.jpg,2213.25,215.28,2229.25,231.28,UNTE bird
high_resolution_photos/2010/Breton-Chandeleur Islands/Chandeleur North A/07May10Camera1-Card1-0483.jpg,2053.27,239.26,2069.27,255.26,UNTE bird
high_resolution_photos/2010/Breton-Chandeleur Islands/Chandeleur North A/07May10Camera1-Card1-0483.jpg,2111.26,239.27,2127.26,255.27,UNTE bird
high_resolution_photos/2010/Breton-Chandeleur Islands/Chandeleur North A/07May10Camera1-Card1-0483.jpg,2059.27,243.26,2075.27,259.26,UNTE bird
high_resolution_photos/2010/Breton-Chandeleur Islands/Chandeleur North A/07May10Camera1-Card1-0483.jpg,2075.27,275.26,2091.27,291.26,UNTE bird
high_resolution_photos/2010/Breton-Chandeleur Islands/Chandeleur North A/07May10Camera1-Card1-0483.jpg,2055.27,299.25,2071.27,315.25,UNTE bird
high_resolution_photos/2010/Breton-Chandeleur Islands/Chandeleur North A/07May10Camera1-Card1-0483.jpg,2047.27,307.25,2063.27,323.25,UNTE bird
high_resolution_photos/2010/Breton-Chandeleur Islands/Chandeleur North A/07May10Camera1-Card1-0483.jpg,2011.27,315.25,2027.27,331.25,UNTE bird
high_resolution_photos/2010/Breton-Chandeleur Islands/Chandeleur North A/07May10Camera1-Card1-0483.jpg,2007.27,319.25,2023.27,335.25,UNTE bird
high_resolution_photos/2010/Breton-Chandeleur Islands/Chandeleur North A/07May10Camera1-Card1-0483.jpg,1943.28,323.24,1959.28,339.24,UNTE bird
high_resolution_photos/2010/Breton-Chandeleur Islands/Chandeleur North A/07May10Camera1-Card1-0483.jpg,1947.28,327.24,1963.28,343.24,UNTE bird
high_resolution_photos/2010/Breton-Chandeleur Islands/Chandeleur North A/07May10Camera1-Card1-0483.jpg,1959.28,327.24,1975.28,343.24,UNTE bird
high_resolution_photos/2010/Breton-Chandeleur Islands/Chandeleur North A/07May10Camera1-Card1-0483.jpg,1991.27,345.24,2007.27,361.24,UNTE bird
high_resolution_photos/2010/Breton-Chandeleur Islands/Chandeleur North A/07May10Camera1-Card1-0483.jpg,1989.27,355.24,2005.27,371.24,UNTE bird
high_resolution_photos/2010/Breton-Chandeleur Islands/Chandeleur North A/07May10Camera1-Card1-0483.jpg,1927.27,443.22,1943.27,459.22,UNTE bird
high_resolution_photos/2010/Breton-Chandeleur Islands/Chandeleur North A/07May10Camera1-Card1-0483.jpg,1891.28,451.22,1907.28,467.22,UNTE bird
high_resolution_photos/2010/Breton-Chandeleur Islands/Chandeleur North A/07May10Camera1-Card1-0483.jpg,1883.28,455.22,1899.28,471.22,UNTE bird
high_resolution_photos/2010/Breton-Chandeleur Islands/Chandeleur North A/07May10Camera1-Card1-0483.jpg,1879.28,463.21,1895.28,479.21,UNTE bird
high_resolution_photos/2010/Breton-Chandeleur Islands/Chandeleur North A/07May10Camera1-Card1-0483.jpg,1983.26,467.22,1999.26,483.22,UNTE bird
high_resolution_photos/2010/Breton-Chandeleur Islands/Chandeleur North A/07May10Camera1-Card1-0483.jpg,2003.26,467.23,2019.26,483.23,UNTE bird
high_resolution_photos/2010/Breton-Chandeleur Islands/Chandeleur North A/07May10Camera1-Card1-0483.jpg,1923.27,493.21,1939.27,509.21,UNTE bird
high_resolution_photos/2010/Breton-Chandeleur Islands/Chandeleur North A/07May10Camera1-Card1-0483.jpg,1923.27,531.21,1939.27,547.21,UNTE bird
high_resolution_photos/2010/Breton-Chandeleur Islands/Chandeleur North A/07May10Camera1-Card1-0483.jpg,1919.27,535.21,1935.27,551.21,UNTE bird
high_resolution_photos/2010/Breton-Chandeleur Islands/Chandeleur North A/07May10Camera1-Card1-0483.jpg,1935.26,539.21,1951.26,555.21,UNTE bird
high_resolution_photos/2010/Breton-Chandeleur Islands/Chandeleur North A/07May10Camera1-Card1-0483.jpg,1907.27,559.2,1923.27,575.2,UNTE bird
high_resolution_photos/2010/Breton-Chandeleur Islands/Chandeleur North A/07May10Camera1-Card1-0483.jpg,1871.27,579.2,1887.27,595.2,UNTE bird
high_resolution_photos/2010/Breton-Chandeleur Islands/Chandeleur North A/07May10Camera1-Card1-0483.jpg,1631.31,529.18,1647.31,545.18,UNTE bird
high_resolution_photos/2010/Breton-Chandeleur Islands/Chandeleur North A/07May10Camera1-Card1-0483.jpg,1623.31,539.18,1639.31,555.18,UNTE bird
high_resolution_photos/2010/Breton-Chandeleur Islands/Chandeleur North A/07May10Camera1-Card1-0483.jpg,1619.31,555.18,1635.31,571.18,UNTE bird
high_resolution_photos/2010/Breton-Chandeleur Islands/Chandeleur North A/07May10Camera1-Card1-0483.jpg,1811.28,533.2,1827.28,549.2,UNTE bird
high_resolution_photos/2010/Breton-Chandeleur Islands/Chandeleur North A/07May10Camera1-Card1-0483.jpg,1807.28,543.2,1823.28,559.2,UNTE bird
high_resolution_photos/2010/Breton-Chandeleur Islands/Chandeleur North A/07May10Camera1-Card1-0483.jpg,1971.26,535.21,1987.26,551.21,LAGU stand
high_resolution_photos/2010/Breton-Chandeleur Islands/Chandeleur North A/07May10Camera1-Card1-0483.jpg,1969.26,547.21,1985.26,563.21,LAGU stand
high_resolution_photos/2010/Breton-Chandeleur Islands/Chandeleur North A/07May10Camera1-Card1-0483.jpg,1711.29,655.17,1727.29,671.17,UNTE bird
high_resolution_photos/2010/Breton-Chandeleur Islands/Chandeleur North A/07May10Camera1-Card1-0483.jpg,1703.28,693.16,1719.28,709.16,UNTE bird
high_resolution_photos/2010/Breton-Chandeleur Islands/Chandeleur North A/07May10Camera1-Card1-0483.jpg,1707.28,699.16,1723.28,715.16,UNTE bird
high_resolution_photos/2010/Breton-Chandeleur Islands/Chandeleur North A/07May10Camera1-Card1-0483.jpg,1703.28,723.16,1719.28,739.16,UNTE bird
high_resolution_photos/2010/Breton-Chandeleur Islands/Chandeleur North A/07May10Camera1-Card1-0483.jpg,1757.27,715.17,1773.27,731.17,UNTE bird
high_resolution_photos/2010/Breton-Chandeleur Islands/Chandeleur North A/07May10Camera1-Card1-0483.jpg,1775.27,729.17,1791.27,745.17,UNTE bird
high_resolution_photos/2010/Breton-Chandeleur Islands/Chandeleur North A/07May10Camera1-Card1-0483.jpg,1489.31,755.14,1505.31,771.14,UNTE bird
high_resolution_photos/2010/Breton-Chandeleur Islands/Chandeleur North A/07May10Camera1-Card1-0483.jpg,1483.31,771.13,1499.31,787.13,UNTE bird
high_resolution_photos/2010/Breton-Chandeleur Islands/Chandeleur North A/07May10Camera1-Card1-0483.jpg,1503.3,789.13,1519.3,805.13,UNTE bird
high_resolution_photos/2010/Breton-Chandeleur Islands/Chandeleur North A/07May10Camera1-Card1-0483.jpg,1461.3,887.11,1477.3,903.11,UNTE bird
high_resolution_photos/2010/Breton-Chandeleur Islands/Chandeleur North A/07May10Camera1-Card1-0483.jpg,1447.3,891.11,1463.3,907.11,UNTE bird
high_resolution_photos/2010/Breton-Chandeleur Islands/Chandeleur North A/07May10Camera1-Card1-0483.jpg,1435.3,895.11,1451.3,911.11,UNTE bird
high_resolution_photos/2010/Breton-Chandeleur Islands/Chandeleur North A/07May10Camera1-Card1-0483.jpg,1419.31,903.11,1435.31,919.11,UNTE bird
high_resolution_photos/2010/Breton-Chandeleur Islands/Chandeleur North A/07May10Camera1-Card1-0483.jpg,1415.31,915.11,1431.31,931.11,UNTE bird
high_resolution_photos/2010/Breton-Chandeleur Islands/Chandeleur North A/07May10Camera1-Card1-0483.jpg,1328.65,953.76,1344.65,969.76,UNTE bird
high_resolution_photos/2010/Breton-Chandeleur Islands/Chandeleur North A/07May10Camera1-Card1-0483.jpg,1335.31,963.09,1351.31,979.09,UNTE bird
high_resolution_photos/2010/Breton-Chandeleur Islands/Chandeleur North A/07May10Camera1-Card1-0483.jpg,1339.31,979.09,1355.31,995.09,UNTE bird
high_resolution_photos/2010/Breton-Chandeleur Islands/Chandeleur North A/07May10Camera1-Card1-0483.jpg,1299.31,1019.08,1315.31,1035.08,UNTE bird
high_resolution_photos/2010/Breton-Chandeleur Islands/Chandeleur North A/07May10Camera1-Card1-0483.jpg,1311.31,1031.08,1327.31,1047.08,UNTE bird
high_resolution_photos/2010/Breton-Chandeleur Islands/Chandeleur North A/07May10Camera1-Card1-0483.jpg,1315.31,1039.08,1331.31,1055.08,UNTE bird
high_resolution_photos/2010/Breton-Chandeleur Islands/Chandeleur North A/07May10Camera1-Card1-0483.jpg,1319.31,1059.08,1335.31,1075.08,UNTE bird
high_resolution_photos/2010/Breton-Chandeleur Islands/Chandeleur North A/07May10Camera1-Card1-0483.jpg,1283.31,1071.07,1299.31,1087.07,UNTE bird
high_resolution_photos/2010/Breton-Chandeleur Islands/Chandeleur North A/07May10Camera1-Card1-0483.jpg,1251.31,1091.06,1267.31,1107.06,UNTE bird
high_resolution_photos/2010/Breton-Chandeleur Islands/Chandeleur North A/07May10Camera1-Card1-0483.jpg,1235.32,1095.06,1251.32,1111.06,UNTE bird
high_resolution_photos/2010/Breton-Chandeleur Islands/Chandeleur North A/07May10Camera1-Card1-0483.jpg,1255.31,1095.06,1271.31,1111.06,UNTE bird
high_resolution_photos/2010/Breton-Chandeleur Islands/Chandeleur North A/07May10Camera1-Card1-0483.jpg,1163.33,1107.05,1179.33,1123.05,UNTE bird
high_resolution_photos/2010/Breton-Chandeleur Islands/Chandeleur North A/07May10Camera1-Card1-0483.jpg,1175.32,1111.05,1191.32,1127.05,UNTE bird
high_resolution_photos/2010/Breton-Chandeleur Islands/Chandeleur North A/07May10Camera1-Card1-0483.jpg,1223.32,1111.06,1239.32,1127.06,UNTE bird
high_resolution_photos/2010/Breton-Chandeleur Islands/Chandeleur North A/07May10Camera1-Card1-0483.jpg,1203.32,1115.06,1219.32,1131.06,UNTE bird
high_resolution_photos/2010/Breton-Chandeleur Islands/Chandeleur North A/07May10Camera1-Card1-0483.jpg,1171.32,1151.05,1187.32,1167.05,UNTE bird
high_resolution_photos/2010/Breton-Chandeleur Islands/Chandeleur North A/07May10Camera1-Card1-0483.jpg,1167.32,1163.05,1183.32,1179.05,UNTE bird
high_resolution_photos/2010/Breton-Chandeleur Islands/Chandeleur North A/07May10Camera1-Card1-0483.jpg,1087.33,1215.03,1103.33,1231.03,LAGU stand
high_resolution_photos/2010/Breton-Chandeleur Islands/Chandeleur North A/07May10Camera1-Card1-0483.jpg,1101.32,1219.03,1117.32,1235.03,UNTE bird
high_resolution_photos/2010/Breton-Chandeleur Islands/Chandeleur North A/07May10Camera1-Card1-0483.jpg,1069.33,1223.03,1085.33,1239.03,UNTE bird
high_resolution_photos/2010/Breton-Chandeleur Islands/Chandeleur North A/07May10Camera1-Card1-0483.jpg,1127.32,1235.03,1143.32,1251.03,UNTE bird
high_resolution_photos/2010/Breton-Chandeleur Islands/Chandeleur North A/07May10Camera1-Card1-0483.jpg,1173.98,1240.37,1189.98,1256.37,UNTE bird
high_resolution_photos/2010/Breton-Chandeleur Islands/Chandeleur North A/07May10Camera1-Card1-0483.jpg,1147.31,1243.03,1163.31,1259.03,UNTE bird
high_resolution_photos/2010/Breton-Chandeleur Islands/Chandeleur North A/07May10Camera1-Card1-0483.jpg,1183.31,1255.03,1199.31,1271.03,UNTE bird
high_resolution_photos/2010/Breton-Chandeleur Islands/Chandeleur North A/07May10Camera1-Card1-0483.jpg,1037.33,1255.02,1053.33,1271.02,UNTE bird
high_resolution_photos/2010/Breton-Chandeleur Islands/Chandeleur North A/07May10Camera1-Card1-0483.jpg,1047.33,1259.02,1063.33,1275.02,UNTE bird
high_resolution_photos/2010/Breton-Chandeleur Islands/Chandeleur North A/07May10Camera1-Card1-0483.jpg,1055.33,1265.02,1071.33,1281.02,UNTE bird
high_resolution_photos/2010/Breton-Chandeleur Islands/Chandeleur North A/07May10Camera1-Card1-0483.jpg,1059.33,1271.02,1075.33,1287.02,UNTE bird
high_resolution_photos/2010/Breton-Chandeleur Islands/Chandeleur North A/07May10Camera1-Card1-0483.jpg,1063.32,1289.02,1079.32,1305.02,UNTE bird
high_resolution_photos/2010/Breton-Chandeleur Islands/Chandeleur North A/07May10Camera1-Card1-0483.jpg,1083.32,1307.02,1099.32,1323.02,UNTE bird
high_resolution_photos/2010/Breton-Chandeleur Islands/Chandeleur North A/07May10Camera1-Card1-0483.jpg,873.35,1291.0,889.35,1307.0,UNTE bird
high_resolution_photos/2010/Breton-Chandeleur Islands/Chandeleur North A/07May10Camera1-Card1-0483.jpg,867.35,1299.0,883.35,1315.0,UNTE bird
high_resolution_photos/2010/Breton-Chandeleur Islands/Chandeleur North A/07May10Camera1-Card1-0483.jpg,863.35,1303.0,879.35,1319.0,UNTE bird
high_resolution_photos/2010/Breton-Chandeleur Islands/Chandeleur North A/07May10Camera1-Card1-0483.jpg,979.34,1291.01,995.34,1307.01,UNTE bird
high_resolution_photos/2010/Breton-Chandeleur Islands/Chandeleur North A/07May10Camera1-Card1-0483.jpg,959.34,1303.01,975.34,1319.01,UNTE bird
high_resolution_photos/2010/Breton-Chandeleur Islands/Chandeleur North A/07May10Camera1-Card1-0483.jpg,955.34,1311.0,971.34,1327.0,UNTE bird
high_resolution_photos/2010/Breton-Chandeleur Islands/Chandeleur North A/07May10Camera1-Card1-0483.jpg,931.34,1335.0,947.34,1351.0,UNTE bird
high_resolution_photos/2010/Breton-Chandeleur Islands/Chandeleur North A/07May10Camera1-Card1-0483.jpg,903.34,1341.0,919.34,1357.0,UNTE bird
high_resolution_photos/2010/Breton-Chandeleur Islands/Chandeleur North A/07May10Camera1-Card1-0483.jpg,805.36,1346.99,821.36,1362.99,UNTE bird
high_resolution_photos/2010/Breton-Chandeleur Islands/Chandeleur North A/07May10Camera1-Card1-0483.jpg,891.34,1342.99,907.34,1358.99,UNTE bird
high_resolution_photos/2010/Breton-Chandeleur Islands/Chandeleur North A/07May10Camera1-Card1-0483.jpg,887.34,1346.99,903.34,1362.99,UNTE bird
high_resolution_photos/2010/Breton-Chandeleur Islands/Chandeleur North A/07May10Camera1-Card1-0483.jpg,883.34,1350.99,899.34,1366.99,UNTE bird
high_resolution_photos/2010/Breton-Chandeleur Islands/Chandeleur North A/07May10Camera1-Card1-0483.jpg,799.36,1354.98,815.36,1370.98,UNTE bird
high_resolution_photos/2010/Breton-Chandeleur Islands/Chandeleur North A/07May10Camera1-Card1-0483.jpg,939.33,1359.0,955.33,1375.0,UNTE bird
high_resolution_photos/2010/Breton-Chandeleur Islands/Chandeleur North A/07May10Camera1-Card1-0483.jpg,875.34,1362.99,891.34,1378.99,UNTE bird
high_resolution_photos/2010/Breton-Chandeleur Islands/Chandeleur North A/07May10Camera1-Card1-0483.jpg,787.36,1366.98,803.36,1382.98,UNTE bird
high_resolution_photos/2010/Breton-Chandeleur Islands/Chandeleur North A/07May10Camera1-Card1-0483.jpg,943.33,1367.0,959.33,1383.0,UNTE bird
high_resolution_photos/2010/Breton-Chandeleur Islands/Chandeleur North A/07May10Camera1-Card1-0483.jpg,775.36,1370.98,791.36,1386.98,UNTE bird
high_resolution_photos/2010/Breton-Chandeleur Islands/Chandeleur North A/07May10Camera1-Card1-0483.jpg,851.35,1370.99,867.35,1386.99,UNTE bird
high_resolution_photos/2010/Breton-Chandeleur Islands/Chandeleur North A/07May10Camera1-Card1-0483.jpg,767.36,1374.98,783.36,1390.98,UNTE bird
high_resolution_photos/2010/Breton-Chandeleur Islands/Chandeleur North A/07May10Camera1-Card1-0483.jpg,811.35,1378.98,827.35,1394.98,UNTE bird
high_resolution_photos/2010/Breton-Chandeleur Islands/Chandeleur North A/07May10Camera1-Card1-0483.jpg,943.33,1386.99,959.33,1402.99,UNTE bird
high_resolution_photos/2010/Breton-Chandeleur Islands/Chandeleur North A/07May10Camera1-Card1-0483.jpg,823.35,1402.98,839.35,1418.98,UNTE bird
high_resolution_photos/2010/Breton-Chandeleur Islands/Chandeleur North A/07May10Camera1-Card1-0483.jpg,751.36,1414.97,767.36,1430.97,UNTE bird
high_resolution_photos/2010/Breton-Chandeleur Islands/Chandeleur North A/07May10Camera1-Card1-0483.jpg,771.35,1414.97,787.35,1430.97,UNTE bird
high_resolution_photos/2010/Breton-Chandeleur Islands/Chandeleur North A/07May10Camera1-Card1-0483.jpg,755.36,1418.97,771.36,1434.97,UNTE bird
high_resolution_photos/2010/Breton-Chandeleur Islands/Chandeleur North A/07May10Camera1-Card1-0483.jpg,815.35,1422.98,831.35,1438.98,UNTE bird
high_resolution_photos/2010/Breton-Chandeleur Islands/Chandeleur North A/07May10Camera1-Card1-0483.jpg,807.35,1426.97,823.35,1442.97,UNTE bird
high_resolution_photos/2010/Breton-Chandeleur Islands/Chandeleur North A/07May10Camera1-Card1-0483.jpg,803.35,1430.97,819.35,1446.97,UNTE bird
high_resolution_photos/2010/Breton-Chandeleur Islands/Chandeleur North A/07May10Camera1-Card1-0483.jpg,743.35,1458.96,759.35,1474.96,UNTE bird
high_resolution_photos/2010/Breton-Chandeleur Islands/Chandeleur North A/07May10Camera1-Card1-0483.jpg,727.36,1466.96,743.36,1482.96,UNTE bird
high_resolution_photos/2010/Breton-Chandeleur Islands/Chandeleur North A/07May10Camera1-Card1-0483.jpg,719.36,1478.96,735.36,1494.96,UNTE bird
high_resolution_photos/2010/Breton-Chandeleur Islands/Chandeleur North A/07May10Camera1-Card1-0483.jpg,615.37,1486.95,631.37,1502.95,UNTE bird
high_resolution_photos/2010/Breton-Chandeleur Islands/Chandeleur North A/07May10Camera1-Card1-0483.jpg,699.36,1490.95,715.36,1506.95,UNTE bird
high_resolution_photos/2010/Breton-Chandeleur Islands/Chandeleur North A/07May10Camera1-Card1-0483.jpg,603.37,1496.94,619.37,1512.94,UNTE bird
high_resolution_photos/2010/Breton-Chandeleur Islands/Chandeleur North A/07May10Camera1-Card1-0483.jpg,687.36,1494.95,703.36,1510.95,UNTE bird
high_resolution_photos/2010/Breton-Chandeleur Islands/Chandeleur North A/07May10Camera1-Card1-0483.jpg,647.36,1514.95,663.36,1530.95,UNTE bird
high_resolution_photos/2010/Breton-Chandeleur Islands/Chandeleur North A/07May10Camera1-Card1-0483.jpg,555.38,1524.94,571.38,1540.94,UNTE bird
high_resolution_photos/2010/Breton-Chandeleur Islands/Chandeleur North A/07May10Camera1-Card1-0483.jpg,599.37,1522.94,615.37,1538.94,UNTE bird
high_resolution_photos/2010/Breton-Chandeleur Islands/Chandeleur North A/07May10Camera1-Card1-0483.jpg,539.38,1526.93,555.38,1542.93,UNTE bird
high_resolution_photos/2010/Breton-Chandeleur Islands/Chandeleur North A/07May10Camera1-Card1-0483.jpg,603.37,1526.94,619.37,1542.94,UNTE bird
high_resolution_photos/2010/Breton-Chandeleur Islands/Chandeleur North A/07May10Camera1-Card1-0483.jpg,607.37,1534.94,623.37,1550.94,UNTE bird
high_resolution_photos/2010/Breton-Chandeleur Islands/Chandeleur North A/07May10Camera1-Card1-0483.jpg,607.37,1562.94,623.37,1578.94,UNTE bird
high_resolution_photos/2010/Breton-Chandeleur Islands/Chandeleur North A/07May10Camera1-Card1-0483.jpg,655.36,1562.94,671.36,1578.94,UNTE bird
high_resolution_photos/2010/Breton-Chandeleur Islands/Chandeleur North A/07May10Camera1-Card1-0483.jpg,641.36,1566.94,657.36,1582.94,UNTE bird
high_resolution_photos/2010/Breton-Chandeleur Islands/Chandeleur North A/07May10Camera1-Card1-0483.jpg,571.37,1570.93,587.37,1586.93,UNTE bird
high_resolution_photos/2010/Breton-Chandeleur Islands/Chandeleur North A/07May10Camera1-Card1-0483.jpg,539.37,1582.93,555.37,1598.93,UNTE bird
high_resolution_photos/2010/Breton-Chandeleur Islands/Chandeleur North A/07May10Camera1-Card1-0483.jpg,607.36,1582.93,623.36,1598.93,UNTE bird
high_resolution_photos/2010/Breton-Chandeleur Islands/Chandeleur North A/07May10Camera1-Card1-0483.jpg,554.04,1589.59,570.04,1605.59,UNTE bird
high_resolution_photos/2010/Breton-Chandeleur Islands/Chandeleur North A/07May10Camera1-Card1-0483.jpg,599.36,1594.93,615.36,1610.93,UNTE bird
high_resolution_photos/2010/Breton-Chandeleur Islands/Chandeleur North A/07May10Camera1-Card1-0483.jpg,595.36,1598.93,611.36,1614.93,UNTE bird
high_resolution_photos/2010/Breton-Chandeleur Islands/Chandeleur North A/07May10Camera1-Card1-0483.jpg,553.37,1602.92,569.37,1618.92,UNTE bird
high_resolution_photos/2010/Breton-Chandeleur Islands/Chandeleur North A/07May10Camera1-Card1-0483.jpg,591.36,1610.93,607.36,1626.93,UNTE bird
high_resolution_photos/2010/Breton-Chandeleur Islands/Chandeleur North A/07May10Camera1-Card1-0483.jpg,591.36,1642.92,607.36,1658.92,UNTE bird
high_resolution_photos/2010/Breton-Chandeleur Islands/Chandeleur North A/07May10Camera1-Card1-0483.jpg,2483.1,1471.12,2499.1,1487.12,UNTE bird
high_resolution_photos/2010/Breton-Chandeleur Islands/Chandeleur North A/07May10Camera1-Card1-0483.jpg,2467.1,1479.12,2483.1,1495.12,UNTE bird
high_resolution_photos/2010/Breton-Chandeleur Islands/Chandeleur North A/07May10Camera1-Card1-0483.jpg,2451.1,1487.12,2467.1,1503.12,UNTE bird
high_resolution_photos/2010/Breton-Chandeleur Islands/Chandeleur North A/07May10Camera1-Card1-0483.jpg,2447.1,1495.11,2463.1,1511.11,UNTE bird
high_resolution_photos/2010/Breton-Chandeleur Islands/Chandeleur North A/07May10Camera1-Card1-0483.jpg,119.44,1580.89,135.44,1596.89,UNTE bird
high_resolution_photos/2010/Breton-Chandeleur Islands/Chandeleur North A/07May10Camera1-Card1-0483.jpg,115.44,1586.89,131.44,1602.89,LAGU stand
high_resolution_photos/2010/Breton-Chandeleur Islands/Chandeleur North A/07May10Camera1-Card1-0483.jpg,435.39,1586.92,451.39,1602.92,UNTE bird
high_resolution_photos/2010/Breton-Chandeleur Islands/Chandeleur North A/07May10Camera1-Card1-0483.jpg,439.39,1594.92,455.39,1610.92,UNTE bird
high_resolution_photos/2010/Breton-Chandeleur Islands/Chandeleur North A/07May10Camera1-Card1-0483.jpg,495.38,1598.92,511.38,1614.92,UNTE bird
high_resolution_photos/2010/Breton-Chandeleur Islands/Chandeleur North A/07May10Camera1-Card1-0483.jpg,443.39,1610.91,459.39,1626.91,UNTE bird
high_resolution_photos/2010/Breton-Chandeleur Islands/Chandeleur North A/07May10Camera1-Card1-0483.jpg,426.05,1625.58,442.05,1641.58,UNTE bird
high_resolution_photos/2010/Breton-Chandeleur Islands/Chandeleur North A/07May10Camera1-Card1-0483.jpg,463.38,1622.91,479.38,1638.91,UNTE bird
high_resolution_photos/2010/Breton-Chandeleur Islands/Chandeleur North A/07May10Camera1-Card1-0483.jpg,415.39,1644.91,431.39,1660.91,UNTE bird
high_resolution_photos/2010/Breton-Chandeleur Islands/Chandeleur North A/07May10Camera1-Card1-0483.jpg,465.38,1642.91,481.38,1658.91,UNTE bird
high_resolution_photos/2010/Breton-Chandeleur Islands/Chandeleur North A/07May10Camera1-Card1-0483.jpg,407.39,1654.9,423.39,1670.9,UNTE bird
high_resolution_photos/2010/Breton-Chandeleur Islands/Chandeleur North A/07May10Camera1-Card1-0483.jpg,403.39,1658.9,419.39,1674.9,UNTE bird
high_resolution_photos/2010/Breton-Chandeleur Islands/Chandeleur North A/07May10Camera1-Card1-0483.jpg,407.38,1678.9,423.38,1694.9,UNTE bird
high_resolution_photos/2010/Breton-Chandeleur Islands/Chandeleur North A/07May10Camera1-Card1-0483.jpg,407.38,1706.9,423.38,1722.9,UNTE bird
high_resolution_photos/2010/Breton-Chandeleur Islands/Chandeleur North A/07May10Camera1-Card1-0483.jpg,2215.12,1639.07,2231.12,1655.07,UNTE bird
high_resolution_photos/2010/Breton-Chandeleur Islands/Chandeleur North A/07May10Camera1-Card1-0483.jpg,2203.12,1649.07,2219.12,1665.07,UNTE bird
high_resolution_photos/2010/Breton-Chandeleur Islands/Chandeleur North A/07May10Camera1-Card1-0483.jpg,2199.12,1667.07,2215.12,1683.07,UNTE bird
high_resolution_photos/2010/Breton-Chandeleur Islands/Chandeleur North A/07May10Camera1-Card1-0483.jpg,2195.12,1671.07,2211.12,1687.07,UNTE bird
high_resolution_photos/2010/Breton-Chandeleur Islands/Chandeleur North A/07May10Camera1-Card1-0483.jpg,2179.12,1683.06,2195.12,1699.06,UNTE bird
high_resolution_photos/2010/Breton-Chandeleur Islands/Chandeleur North A/07May10Camera1-Card1-0483.jpg,2175.12,1695.06,2191.12,1711.06,UNTE bird
high_resolution_photos/2010/Breton-Chandeleur Islands/Chandeleur North A/07May10Camera1-Card1-0483.jpg,307.4,1694.89,323.4,1710.89,UNTE bird
high_resolution_photos/2010/Breton-Chandeleur Islands/Chandeleur North A/07May10Camera1-Card1-0483.jpg,320.73,1705.55,336.73,1721.55,UNTE bird
high_resolution_photos/2010/Breton-Chandeleur Islands/Chandeleur North A/07May10Camera1-Card1-0483.jpg,327.39,1722.89,343.39,1738.89,UNTE bird
high_resolution_photos/2010/Breton-Chandeleur Islands/Chandeleur North A/07May10Camera1-Card1-0483.jpg,359.39,1724.89,375.39,1740.89,UNTE bird
high_resolution_photos/2010/Breton-Chandeleur Islands/Chandeleur North A/07May10Camera1-Card1-0483.jpg,343.39,1730.89,359.39,1746.89,UNTE bird
high_resolution_photos/2010/Breton-Chandeleur Islands/Chandeleur North A/07May10Camera1-Card1-0483.jpg,367.39,1730.89,383.39,1746.89,UNTE bird
high_resolution_photos/2010/Breton-Chandeleur Islands/Chandeleur North A/07May10Camera1-Card1-0483.jpg,185.41,1782.86,201.41,1798.86,UNTE bird
high_resolution_photos/2010/Breton-Chandeleur Islands/Chandeleur North A/07May10Camera1-Card1-0483.jpg,205.4,1786.87,221.4,1802.87,UNTE bird
high_resolution_photos/2010/Breton-Chandeleur Islands/Chandeleur North A/07May10Camera1-Card1-0483.jpg,223.4,1786.87,239.4,1802.87,UNTE bird
high_resolution_photos/2010/Breton-Chandeleur Islands/Chandeleur North A/07May10Camera1-Card1-0483.jpg,263.39,1806.87,279.39,1822.87,UNTE bird
high_resolution_photos/2010/Breton-Chandeleur Islands/Chandeleur North A/07May10Camera1-Card1-0483.jpg,227.4,1810.86,243.4,1826.86,UNTE bird
high_resolution_photos/2010/Breton-Chandeleur Islands/Chandeleur North A/07May10Camera1-Card1-0483.jpg,219.4,1814.86,235.4,1830.86,UNTE bird
high_resolution_photos/2010/Breton-Chandeleur Islands/Chandeleur North A/07May10Camera1-Card1-0483.jpg,251.39,1814.87,267.39,1830.87,UNTE bird
high_resolution_photos/2010/Breton-Chandeleur Islands/Chandeleur North A/07May10Camera1-Card1-0483.jpg,177.4,1826.86,193.4,1842.86,UNTE bird
high_resolution_photos/2010/Breton-Chandeleur Islands/Chandeleur North A/07May10Camera1-Card1-0483.jpg,205.4,1826.86,221.4,1842.86,UNTE bird
high_resolution_photos/2010/Breton-Chandeleur Islands/Chandeleur North A/07May10Camera1-Card1-0483.jpg,1888.49,1804.35,1904.49,1820.35,UNTE bird
high_resolution_photos/2010/Breton-Chandeleur Islands/Chandeleur North A/07May10Camera1-Card1-0483.jpg,1879.15,1811.02,1895.15,1827.02,UNTE bird
high_resolution_photos/2010/Breton-Chandeleur Islands/Chandeleur North A/07May10Camera1-Card1-0483.jpg,1875.15,1819.01,1891.15,1835.01,UNTE bird
high_resolution_photos/2010/Breton-Chandeleur Islands/Chandeleur North A/07May10Camera1-Card1-0483.jpg,1837.16,1835.01,1853.16,1851.01,UNTE bird
high_resolution_photos/2010/Breton-Chandeleur Islands/Chandeleur North A/07May10Camera1-Card1-0483.jpg,95.42,1822.85,111.42,1838.85,LAGU stand
high_resolution_photos/2010/Breton-Chandeleur Islands/Chandeleur North A/07May10Camera1-Card1-0483.jpg,99.42,1826.85,115.42,1842.85,LAGU stand
high_resolution_photos/2010/Breton-Chandeleur Islands/Chandeleur North A/07May10Camera1-Card1-0483.jpg,43.42,1850.84,59.42,1866.84,UNTE bird
high_resolution_photos/2010/Breton-Chandeleur Islands/Chandeleur North A/07May10Camera1-Card1-0483.jpg,55.42,1858.84,71.42,1874.84,UNTE bird
high_resolution_photos/2010/Breton-Chandeleur Islands/Chandeleur North A/07May10Camera1-Card1-0483.jpg,1759.17,1863.0,1775.17,1879.0,UNTE bird
high_resolution_photos/2010/Breton-Chandeleur Islands/Chandeleur North A/07May10Camera1-Card1-0483.jpg,1719.17,1866.99,1735.17,1882.99,UNTE bird
high_resolution_photos/2010/Breton-Chandeleur Islands/Chandeleur North A/07May10Camera1-Card1-0483.jpg,1731.17,1866.99,1747.17,1882.99,UNTE bird
high_resolution_photos/2010/Breton-Chandeleur Islands/Chandeleur North A/07May10Camera1-Card1-0483.jpg,1775.16,1871.0,1791.16,1887.0,UNTE bird
high_resolution_photos/2010/Breton-Chandeleur Islands/Chandeleur North A/07May10Camera1-Card1-0483.jpg,1779.16,1875.0,1795.16,1891.0,UNTE bird
high_resolution_photos/2010/Breton-Chandeleur Islands/Chandeleur North A/07May10Camera1-Card1-0483.jpg,1783.16,1883.0,1799.16,1899.0,UNTE bird
high_resolution_photos/2010/Breton-Chandeleur Islands/Chandeleur North A/07May10Camera1-Card1-0483.jpg,1787.16,1891.0,1803.16,1907.0,UNTE bird
high_resolution_photos/2010/Breton-Chandeleur Islands/Chandeleur North A/07May10Camera1-Card1-0483.jpg,1783.16,1894.99,1799.16,1910.99,UNTE bird
high_resolution_photos/2010/Breton-Chandeleur Islands/Chandeleur North A/07May10Camera1-Card1-0483.jpg,1779.16,1902.99,1795.16,1918.99,UNTE bird
high_resolution_photos/2010/Breton-Chandeleur Islands/Chandeleur North A/07May10Camera1-Card1-0483.jpg,1775.16,1914.99,1791.16,1930.99,UNTE bird
high_resolution_photos/2010/Breton-Chandeleur Islands/Chandeleur North A/07May10Camera1-Card1-0483.jpg,1671.18,1910.98,1687.18,1926.98,UNTE bird
high_resolution_photos/2010/Breton-Chandeleur Islands/Chandeleur North A/07May10Camera1-Card1-0483.jpg,1683.17,1910.98,1699.17,1926.98,UNTE bird
high_resolution_photos/2010/Breton-Chandeleur Islands/Chandeleur North A/07May10Camera1-Card1-0483.jpg,1643.18,1926.98,1659.18,1942.98,UNTE bird
high_resolution_photos/2010/Breton-Chandeleur Islands/Chandeleur North A/07May10Camera1-Card1-0483.jpg,1639.18,1934.98,1655.18,1950.98,UNTE bird
high_resolution_photos/2010/Breton-Chandeleur Islands/Chandeleur North A/07May10Camera1-Card1-0483.jpg,1607.18,1974.97,1623.18,1990.97,UNTE bird
high_resolution_photos/2010/Breton-Chandeleur Islands/Chandeleur North A/07May10Camera1-Card1-0483.jpg,1595.18,1986.96,1611.18,2002.96,UNTE bird
high_resolution_photos/2010/Breton-Chandeleur Islands/Chandeleur North A/07May10Camera1-Card1-0483.jpg,1595.18,1994.96,1611.18,2010.96,UNTE bird
high_resolution_photos/2010/Sabine-Calcasieu/Rabbit Island/17May10Camera2-Card1-5745.jpg,1685.52,37.51,1701.52,53.51,WHEG site
high_resolution_photos/2010/Sabine-Calcasieu/Rabbit Island/17May10Camera2-Card1-5745.jpg,1683.52,39.51,1699.52,55.51,WHEG site
high_resolution_photos/2010/Sabine-Calcasieu/Rabbit Island/17May10Camera2-Card1-5745.jpg,2643.22,34.41,2659.22,50.41,ROSP site
high_resolution_photos/2010/Sabine-Calcasieu/Rabbit Island/17May10Camera2-Card1-5745.jpg,1043.38,46.62,1059.38,62.62,ROSP site
high_resolution_photos/2010/Sabine-Calcasieu/Rabbit Island/17May10Camera2-Card1-5745.jpg,1921.33,46.96,1937.33,62.96,ROSP site
high_resolution_photos/2010/Sabine-Calcasieu/Rabbit Island/17May10Camera2-Card1-5745.jpg,1381.35,56.17,1397.35,72.17,ROSP site
high_resolution_photos/2010/Sabine-Calcasieu/Rabbit Island/17May10Camera2-Card1-5745.jpg,1745.52,53.51,1761.52,69.51,WHEG site
high_resolution_photos/2010/Sabine-Calcasieu/Rabbit Island/17May10Camera2-Card1-5745.jpg,1749.52,70.51,1765.52,86.51,WHEG site
high_resolution_photos/2010/Sabine-Calcasieu/Rabbit Island/17May10Camera2-Card1-5745.jpg,1718.91,76.04,1734.91,92.04,ROSP site
high_resolution_photos/2010/Sabine-Calcasieu/Rabbit Island/17May10Camera2-Card1-5745.jpg,1675.29,91.39,1691.29,107.39,ROSP site
high_resolution_photos/2010/Sabine-Calcasieu/Rabbit Island/17May10Camera2-Card1-5745.jpg,2003.81,93.19,2019.81,109.19,ROSP site
high_resolution_photos/2010/Sabine-Calcasieu/Rabbit Island/17May10Camera2-Card1-5745.jpg,293.29,98.4,309.29,114.4,ROSP site
high_resolution_photos/2010/Sabine-Calcasieu/Rabbit Island/17May10Camera2-Card1-5745.jpg,240.92,104.05,256.92,120.05,ROSP site
high_resolution_photos/2010/Sabine-Calcasieu/Rabbit Island/17May10Camera2-Card1-5745.jpg,2718.25,116.5,2734.25,132.5,ROSP site
high_resolution_photos/2010/Sabine-Calcasieu/Rabbit Island/17May10Camera2-Card1-5745.jpg,1644.29,124.86,1660.29,140.86,WHEG site
high_resolution_photos/2010/Sabine-Calcasieu/Rabbit Island/17May10Camera2-Card1-5745.jpg,1921.03,124.06,1937.03,140.06,ROSP site
high_resolution_photos/2010/Sabine-Calcasieu/Rabbit Island/17May10Camera2-Card1-5745.jpg,2043.38,123.83,2059.38,139.83,LAGU sit
high_resolution_photos/2010/Sabine-Calcasieu/Rabbit Island/17May10Camera2-Card1-5745.jpg,477.27,129.08,493.27,145.08,ROSP site
high_resolution_photos/2010/Sabine-Calcasieu/Rabbit Island/17May10Camera2-Card1-5745.jpg,574.51,139.52,590.51,155.52,ROSP site
high_resolution_photos/2010/Sabine-Calcasieu/Rabbit Island/17May10Camera2-Card1-5745.jpg,557.51,153.52,573.51,169.52,WHEG site
high_resolution_photos/2010/Sabine-Calcasieu/Rabbit Island/17May10Camera2-Card1-5745.jpg,559.51,155.52,575.51,171.52,WHEG site
high_resolution_photos/2010/Sabine-Calcasieu/Rabbit Island/17May10Camera2-Card1-5745.jpg,608.26,144.08,624.26,160.08,ROSP site
high_resolution_photos/2010/Sabine-Calcasieu/Rabbit Island/17May10Camera2-Card1-5745.jpg,2820.87,140.16,2836.87,156.16,WHEG site
high_resolution_photos/2010/Sabine-Calcasieu/Rabbit Island/17May10Camera2-Card1-5745.jpg,2577.64,154.63,2593.64,170.63,ROSP site
high_resolution_photos/2010/Sabine-Calcasieu/Rabbit Island/17May10Camera2-Card1-5745.jpg,2699.94,161.1,2715.94,177.1,WHEG site
high_resolution_photos/2010/Sabine-Calcasieu/Rabbit Island/17May10Camera2-Card1-5745.jpg,2699.54,165.5,2715.54,181.5,WHEG site
high_resolution_photos/2010/Sabine-Calcasieu/Rabbit Island/17May10Camera2-Card1-5745.jpg,2697.54,167.5,2713.54,183.5,WHEG site
high_resolution_photos/2010/Sabine-Calcasieu/Rabbit Island/17May10Camera2-Card1-5745.jpg,1949.15,167.26,1965.15,183.26,ROSP site
high_resolution_photos/2010/Sabine-Calcasieu/Rabbit Island/17May10Camera2-Card1-5745.jpg,2673.65,179.42,2689.65,195.42,WHEG site
high_resolution_photos/2010/Sabine-Calcasieu/Rabbit Island/17May10Camera2-Card1-5745.jpg,1643.52,185.51,1659.52,201.51,ROSP site
high_resolution_photos/2010/Sabine-Calcasieu/Rabbit Island/17May10Camera2-Card1-5745.jpg,1641.52,199.51,1657.52,215.51,LAGU sit
high_resolution_photos/2010/Sabine-Calcasieu/Rabbit Island/17May10Camera2-Card1-5745.jpg,1636.52,223.51,1652.52,239.51,ROSP site
high_resolution_photos/2010/Sabine-Calcasieu/Rabbit Island/17May10Camera2-Card1-5745.jpg,1868.12,188.03,1884.12,204.03,LAGU sit
high_resolution_photos/2010/Sabine-Calcasieu/Rabbit Island/17May10Camera2-Card1-5745.jpg,2808.91,193.36,2824.91,209.36,WHEG site
high_resolution_photos/2010/Sabine-Calcasieu/Rabbit Island/17May10Camera2-Card1-5745.jpg,619.51,193.79,635.51,209.79,ROSP site
high_resolution_photos/2010/Sabine-Calcasieu/Rabbit Island/17May10Camera2-Card1-5745.jpg,1867.35,210.13,1883.35,226.13,ROSP site
high_resolution_photos/2010/Sabine-Calcasieu/Rabbit Island/17May10Camera2-Card1-5745.jpg,145.92,216.16,161.92,232.16,WHEG site
high_resolution_photos/2010/Sabine-Calcasieu/Rabbit Island/17May10Camera2-Card1-5745.jpg,2387.2,230.03,2403.2,246.03,WHEG site
high_resolution_photos/2010/Sabine-Calcasieu/Rabbit Island/17May10Camera2-Card1-5745.jpg,1655.34,246.48,1671.34,262.48,ROSP site
high_resolution_photos/2010/Sabine-Calcasieu/Rabbit Island/17May10Camera2-Card1-5745.jpg,2421.53,248.5,2437.53,264.5,WHEG site
high_resolution_photos/2010/Sabine-Calcasieu/Rabbit Island/17May10Camera2-Card1-5745.jpg,2423.53,271.5,2439.53,287.5,ROSP site
high_resolution_photos/2010/Sabine-Calcasieu/Rabbit Island/17May10Camera2-Card1-5745.jpg,1070.52,258.52,1086.52,274.52,ROSP site
high_resolution_photos/2010/Sabine-Calcasieu/Rabbit Island/17May10Camera2-Card1-5745.jpg,1079.52,259.52,1095.52,275.52,LAGU sit
high_resolution_photos/2010/Sabine-Calcasieu/Rabbit Island/17May10Camera2-Card1-5745.jpg,2771.54,257.5,2787.54,273.5,BCNH site
high_resolution_photos/2010/Sabine-Calcasieu/Rabbit Island/17May10Camera2-Card1-5745.jpg,2773.54,263.5,2789.54,279.5,WHEG site
high_resolution_photos/2010/Sabine-Calcasieu/Rabbit Island/17May10Camera2-Card1-5745.jpg,68.78,262.15,84.78,278.15,WHIB site
high_resolution_photos/2010/Sabine-Calcasieu/Rabbit Island/17May10Camera2-Card1-5745.jpg,2211.53,280.51,2227.53,296.51,ROSP site
high_resolution_photos/2010/Sabine-Calcasieu/Rabbit Island/17May10Camera2-Card1-5745.jpg,2211.53,289.51,2227.53,305.51,ROSP site
high_resolution_photos/2010/Sabine-Calcasieu/Rabbit Island/17May10Camera2-Card1-5745.jpg,2772.65,291.99,2788.65,307.99,ROSP site
high_resolution_photos/2010/Sabine-Calcasieu/Rabbit Island/17May10Camera2-Card1-5745.jpg,2559.36,298.38,2575.36,314.38,WHEG site
high_resolution_photos/2010/Sabine-Calcasieu/Rabbit Island/17May10Camera2-Card1-5745.jpg,2626.54,308.5,2642.54,324.5,WHIB site
high_resolution_photos/2010/Sabine-Calcasieu/Rabbit Island/17May10Camera2-Card1-5745.jpg,2625.54,316.5,2641.54,332.5,WHIB site
high_resolution_photos/2010/Sabine-Calcasieu/Rabbit Island/17May10Camera2-Card1-5745.jpg,576.96,344.21,592.96,360.21,LAGU sit
high_resolution_photos/2010/Sabine-Calcasieu/Rabbit Island/17May10Camera2-Card1-5745.jpg,2658.6,346.76,2674.6,362.76,WHEG site
high_resolution_photos/2010/Sabine-Calcasieu/Rabbit Island/17May10Camera2-Card1-5745.jpg,2258.87,365.23,2274.87,381.23,ROSP site
high_resolution_photos/2010/Sabine-Calcasieu/Rabbit Island/17May10Camera2-Card1-5745.jpg,1028.32,376.12,1044.32,392.12,ROSP site
high_resolution_photos/2010/Sabine-Calcasieu/Rabbit Island/17May10Camera2-Card1-5745.jpg,2156.34,376.21,2172.34,392.21,WHEG site
high_resolution_photos/2010/Sabine-Calcasieu/Rabbit Island/17May10Camera2-Card1-5745.jpg,2201.13,375.8,2217.13,391.8,WHIB site
high_resolution_photos/2010/Sabine-Calcasieu/Rabbit Island/17May10Camera2-Card1-5745.jpg,2892.54,375.5,2908.54,391.5,ROSP site
high_resolution_photos/2010/Sabine-Calcasieu/Rabbit Island/17May10Camera2-Card1-5745.jpg,2885.54,377.5,2901.54,393.5,ROSP site
high_resolution_photos/2010/Sabine-Calcasieu/Rabbit Island/17May10Camera2-Card1-5745.jpg,982.6,394.37,998.6,410.37,LAGU sit
high_resolution_photos/2010/Sabine-Calcasieu/Rabbit Island/17May10Camera2-Card1-5745.jpg,1021.65,396.2,1037.65,412.2,LAGU sit
high_resolution_photos/2010/Sabine-Calcasieu/Rabbit Island/17May10Camera2-Card1-5745.jpg,1048.16,398.84,1064.16,414.84,ROSP site
high_resolution_photos/2010/Sabine-Calcasieu/Rabbit Island/17May10Camera2-Card1-5745.jpg,2387.54,399.51,2403.54,415.51,ROSP site
high_resolution_photos/2010/Sabine-Calcasieu/Rabbit Island/17May10Camera2-Card1-5745.jpg,2395.54,404.51,2411.54,420.51,LAGU sit
high_resolution_photos/2010/Sabine-Calcasieu/Rabbit Island/17May10Camera2-Card1-5745.jpg,2395.54,419.51,2411.54,435.51,ROSP site
high_resolution_photos/2010/Sabine-Calcasieu/Rabbit Island/17May10Camera2-Card1-5745.jpg,2469.54,397.5,2485.54,413.5,WHIB site
high_resolution_photos/2010/Sabine-Calcasieu/Rabbit Island/17May10Camera2-Card1-5745.jpg,2477.54,399.5,2493.54,415.5,WHIB site
high_resolution_photos/2010/Sabine-Calcasieu/Rabbit Island/17May10Camera2-Card1-5745.jpg,2154.87,400.84,2170.87,416.84,WHIB site
high_resolution_photos/2010/Sabine-Calcasieu/Rabbit Island/17May10Camera2-Card1-5745.jpg,2155.53,409.51,2171.53,425.51,WHIB site
high_resolution_photos/2010/Sabine-Calcasieu/Rabbit Island/17May10Camera2-Card1-5745.jpg,2833.54,403.5,2849.54,419.5,ROSP site
high_resolution_photos/2010/Sabine-Calcasieu/Rabbit Island/17May10Camera2-Card1-5745.jpg,2831.54,405.5,2847.54,421.5,ROSP site
high_resolution_photos/2010/Sabine-Calcasieu/Rabbit Island/17May10Camera2-Card1-5745.jpg,2230.79,412.47,2246.79,428.47,ROSP site
high_resolution_photos/2010/Sabine-Calcasieu/Rabbit Island/17May10Camera2-Card1-5745.jpg,2288.46,412.66,2304.46,428.66,ROSP site
high_resolution_photos/2010/Sabine-Calcasieu/Rabbit Island/17May10Camera2-Card1-5745.jpg,2344.54,417.51,2360.54,433.51,ROSP site
high_resolution_photos/2010/Sabine-Calcasieu/Rabbit Island/17May10Camera2-Card1-5745.jpg,2337.54,419.51,2353.54,435.51,ROSP site
high_resolution_photos/2010/Sabine-Calcasieu/Rabbit Island/17May10Camera2-Card1-5745.jpg,2352.54,425.51,2368.54,441.51,LAGU sit
high_resolution_photos/2010/Sabine-Calcasieu/Rabbit Island/17May10Camera2-Card1-5745.jpg,919.52,419.52,935.52,435.52,LAGU sit
high_resolution_photos/2010/Sabine-Calcasieu/Rabbit Island/17May10Camera2-Card1-5745.jpg,909.52,425.52,925.52,441.52,LAGU sit
high_resolution_photos/2010/Sabine-Calcasieu/Rabbit Island/17May10Camera2-Card1-5745.jpg,999.42,419.29,1015.42,435.29,LAGU sit
high_resolution_photos/2010/Sabine-Calcasieu/Rabbit Island/17May10Camera2-Card1-5745.jpg,2779.21,421.08,2795.21,437.08,WHEG site
high_resolution_photos/2010/Sabine-Calcasieu/Rabbit Island/17May10Camera2-Card1-5745.jpg,2620.94,427.84,2636.94,443.84,ROSP site
high_resolution_photos/2010/Sabine-Calcasieu/Rabbit Island/17May10Camera2-Card1-5745.jpg,2943.54,433.5,2959.54,449.5,ROSP site
high_resolution_photos/2010/Sabine-Calcasieu/Rabbit Island/17May10Camera2-Card1-5745.jpg,2931.54,441.5,2947.54,457.5,ROSP site
high_resolution_photos/2010/Sabine-Calcasieu/Rabbit Island/17May10Camera2-Card1-5745.jpg,2513.98,436.97,2529.98,452.97,WHEG site
high_resolution_photos/2010/Sabine-Calcasieu/Rabbit Island/17May10Camera2-Card1-5745.jpg,1071.52,441.52,1087.52,457.52,ROSP site
high_resolution_photos/2010/Sabine-Calcasieu/Rabbit Island/17May10Camera2-Card1-5745.jpg,1072.52,451.52,1088.52,467.52,ROSP site
high_resolution_photos/2010/Sabine-Calcasieu/Rabbit Island/17May10Camera2-Card1-5745.jpg,1104.96,441.91,1120.96,457.91,ROSP site
high_resolution_photos/2010/Sabine-Calcasieu/Rabbit Island/17May10Camera2-Card1-5745.jpg,2424.27,440.65,2440.27,456.65,ROSP site
high_resolution_photos/2010/Sabine-Calcasieu/Rabbit Island/17May10Camera2-Card1-5745.jpg,2190.98,444.13,2206.98,460.13,WHEG site
high_resolution_photos/2010/Sabine-Calcasieu/Rabbit Island/17May10Camera2-Card1-5745.jpg,991.52,455.52,1007.52,471.52,LAGU sit
high_resolution_photos/2010/Sabine-Calcasieu/Rabbit Island/17May10Camera2-Card1-5745.jpg,989.52,462.52,1005.52,478.52,LAGU sit
high_resolution_photos/2010/Sabine-Calcasieu/Rabbit Island/17May10Camera2-Card1-5745.jpg,2397.64,468.68,2413.64,484.68,ROSP site
high_resolution_photos/2010/Sabine-Calcasieu/Rabbit Island/17May10Camera2-Card1-5745.jpg,2578.82,474.9,2594.82,490.9,WHEG site
high_resolution_photos/2010/Sabine-Calcasieu/Rabbit Island/17May10Camera2-Card1-5745.jpg,1057.52,485.52,1073.52,501.52,WHIB site
high_resolution_photos/2010/Sabine-Calcasieu/Rabbit Island/17May10Camera2-Card1-5745.jpg,1059.52,487.52,1075.52,503.52,WHIB site
high_resolution_photos/2010/Sabine-Calcasieu/Rabbit Island/17May10Camera2-Card1-5745.jpg,1059.52,505.52,1075.52,521.52,ROSP site
high_resolution_photos/2010/Sabine-Calcasieu/Rabbit Island/17May10Camera2-Card1-5745.jpg,2486.54,482.89,2502.54,498.89,LAGU sit
high_resolution_photos/2010/Sabine-Calcasieu/Rabbit Island/17May10Camera2-Card1-5745.jpg,1121.45,488.48,1137.45,504.48,ROSP site
high_resolution_photos/2010/Sabine-Calcasieu/Rabbit Island/17May10Camera2-Card1-5745.jpg,1090.73,500.59,1106.73,516.59,ROSP site
high_resolution_photos/2010/Sabine-Calcasieu/Rabbit Island/17May10Camera2-Card1-5745.jpg,2476.76,503.95,2492.76,519.95,ROSP site
high_resolution_photos/2010/Sabine-Calcasieu/Rabbit Island/17May10Camera2-Card1-5745.jpg,1143.88,509.06,1159.88,525.06,ROSP site
high_resolution_photos/2010/Sabine-Calcasieu/Rabbit Island/17May10Camera2-Card1-5745.jpg,1145.56,538.21,1161.56,554.21,ROSP site
high_resolution_photos/2010/Sabine-Calcasieu/Rabbit Island/17May10Camera2-Card1-5745.jpg,2112.87,548.36,2128.87,564.36,ROSP site
high_resolution_photos/2010/Sabine-Calcasieu/Rabbit Island/17May10Camera2-Card1-5745.jpg,2595.54,550.5,2611.54,566.5,WHEG site
high_resolution_photos/2010/Sabine-Calcasieu/Rabbit Island/17May10Camera2-Card1-5745.jpg,2601.54,550.5,2617.54,566.5,WHEG site
high_resolution_photos/2010/Sabine-Calcasieu/Rabbit Island/17May10Camera2-Card1-5745.jpg,2750.99,567.86,2766.99,583.86,LAGU sit
high_resolution_photos/2010/Sabine-Calcasieu/Rabbit Island/17May10Camera2-Card1-5745.jpg,2493.54,565.51,2509.54,581.51,WHEG site
high_resolution_photos/2010/Sabine-Calcasieu/Rabbit Island/17May10Camera2-Card1-5745.jpg,2506.54,571.51,2522.54,587.51,WHEG site
high_resolution_photos/2010/Sabine-Calcasieu/Rabbit Island/17May10Camera2-Card1-5745.jpg,2602.54,572.51,2618.54,588.51,WHEG site
high_resolution_photos/2010/Sabine-Calcasieu/Rabbit Island/17May10Camera2-Card1-5745.jpg,2603.54,581.51,2619.54,597.51,WHIB site
high_resolution_photos/2010/Sabine-Calcasieu/Rabbit Island/17May10Camera2-Card1-5745.jpg,2769.54,583.5,2785.54,599.5,ROSP site
high_resolution_photos/2010/Sabine-Calcasieu/Rabbit Island/17May10Camera2-Card1-5745.jpg,2761.54,587.5,2777.54,603.5,ROSP site
high_resolution_photos/2010/Sabine-Calcasieu/Rabbit Island/17May10Camera2-Card1-5745.jpg,2424.93,586.47,2440.93,602.47,WHEG site
high_resolution_photos/2010/Sabine-Calcasieu/Rabbit Island/17May10Camera2-Card1-5745.jpg,2705.54,576.5,2721.54,592.5,WHEG site
high_resolution_photos/2010/Sabine-Calcasieu/Rabbit Island/17May10Camera2-Card1-5745.jpg,2701.54,585.5,2717.54,601.5,WHEG site
high_resolution_photos/2010/Sabine-Calcasieu/Rabbit Island/17May10Camera2-Card1-5745.jpg,887.18,594.15,903.18,610.15,LAGU sit
high_resolution_photos/2010/Sabine-Calcasieu/Rabbit Island/17May10Camera2-Card1-5745.jpg,39.34,612.01,55.34,628.01,LAGU sit
high_resolution_photos/2010/Sabine-Calcasieu/Rabbit Island/17May10Camera2-Card1-5745.jpg,505.51,621.53,521.51,637.53,LAGU sit
high_resolution_photos/2010/Sabine-Calcasieu/Rabbit Island/17May10Camera2-Card1-5745.jpg,527.51,634.53,543.51,650.53,LAGU sit
high_resolution_photos/2010/Sabine-Calcasieu/Rabbit Island/17May10Camera2-Card1-5745.jpg,2740.98,623.67,2756.98,639.67,WHIB site
high_resolution_photos/2010/Sabine-Calcasieu/Rabbit Island/17May10Camera2-Card1-5745.jpg,890.75,628.22,906.75,644.22,LAGU sit
high_resolution_photos/2010/Sabine-Calcasieu/Rabbit Island/17May10Camera2-Card1-5745.jpg,2577.54,629.51,2593.54,645.51,WHIB site
high_resolution_photos/2010/Sabine-Calcasieu/Rabbit Island/17May10Camera2-Card1-5745.jpg,2593.54,627.51,2609.54,643.51,WHIB site
high_resolution_photos/2010/Sabine-Calcasieu/Rabbit Island/17May10Camera2-Card1-5745.jpg,2595.54,629.51,2611.54,645.51,WHIB site
high_resolution_photos/2010/Sabine-Calcasieu/Rabbit Island/17May10Camera2-Card1-5745.jpg,2595.94,635.91,2611.94,651.91,WHIB site
high_resolution_photos/2010/Sabine-Calcasieu/Rabbit Island/17May10Camera2-Card1-5745.jpg,2486.54,637.51,2502.54,653.51,WHEG site
high_resolution_photos/2010/Sabine-Calcasieu/Rabbit Island/17May10Camera2-Card1-5745.jpg,2487.54,643.51,2503.54,659.51,WHEG site
high_resolution_photos/2010/Sabine-Calcasieu/Rabbit Island/17May10Camera2-Card1-5745.jpg,105.51,653.53,121.51,669.53,LAGU sit
high_resolution_photos/2010/Sabine-Calcasieu/Rabbit Island/17May10Camera2-Card1-5745.jpg,83.51,661.53,99.51,677.53,LAGU sit
high_resolution_photos/2010/Sabine-Calcasieu/Rabbit Island/17May10Camera2-Card1-5745.jpg,2088.6,657.88,2104.6,673.88,ROSP site
high_resolution_photos/2010/Sabine-Calcasieu/Rabbit Island/17May10Camera2-Card1-5745.jpg,927.52,666.52,943.52,682.52,LAGU sit
high_resolution_photos/2010/Sabine-Calcasieu/Rabbit Island/17May10Camera2-Card1-5745.jpg,908.52,677.53,924.52,693.53,ROSP site
high_resolution_photos/2010/Sabine-Calcasieu/Rabbit Island/17May10Camera2-Card1-5745.jpg,939.52,681.53,955.52,697.53,WHIB site
high_resolution_photos/2010/Sabine-Calcasieu/Rabbit Island/17May10Camera2-Card1-5745.jpg,902.52,703.53,918.52,719.53,LAGU sit
high_resolution_photos/2010/Sabine-Calcasieu/Rabbit Island/17May10Camera2-Card1-5745.jpg,891.52,713.53,907.52,729.53,LAGU sit
high_resolution_photos/2010/Sabine-Calcasieu/Rabbit Island/17May10Camera2-Card1-5745.jpg,2438.74,670.51,2454.74,686.51,WHEG site
high_resolution_photos/2010/Sabine-Calcasieu/Rabbit Island/17May10Camera2-Card1-5745.jpg,2543.62,674.43,2559.62,690.43,WHEG site
high_resolution_photos/2010/Sabine-Calcasieu/Rabbit Island/17May10Camera2-Card1-5745.jpg,255.27,714.14,271.27,730.14,LAGU sit
high_resolution_photos/2010/Sabine-Calcasieu/Rabbit Island/17May10Camera2-Card1-5745.jpg,25.9,715.87,41.9,731.87,LAGU sit
high_resolution_photos/2010/Sabine-Calcasieu/Rabbit Island/17May10Camera2-Card1-5745.jpg,57.51,725.54,73.51,741.54,LAGU sit
high_resolution_photos/2010/Sabine-Calcasieu/Rabbit Island/17May10Camera2-Card1-5745.jpg,47.51,745.54,63.51,761.54,LAGU sit
high_resolution_photos/2010/Sabine-Calcasieu/Rabbit Island/17May10Camera2-Card1-5745.jpg,63.51,759.54,79.51,775.54,LAGU sit
high_resolution_photos/2010/Sabine-Calcasieu/Rabbit Island/17May10Camera2-Card1-5745.jpg,71.51,781.54,87.51,797.54,LAGU sit
high_resolution_photos/2010/Sabine-Calcasieu/Rabbit Island/17May10Camera2-Card1-5745.jpg,231.51,741.53,247.51,757.53,LAGU sit
high_resolution_photos/2010/Sabine-Calcasieu/Rabbit Island/17May10Camera2-Card1-5745.jpg,229.51,747.53,245.51,763.53,LAGU sit
high_resolution_photos/2010/Sabine-Calcasieu/Rabbit Island/17May10Camera2-Card1-5745.jpg,213.51,767.53,229.51,783.53,LAGU sit
high_resolution_photos/2010/Sabine-Calcasieu/Rabbit Island/17May10Camera2-Card1-5745.jpg,2121.97,733.99,2137.97,749.99,ROSP site
high_resolution_photos/2010/Sabine-Calcasieu/Rabbit Island/17May10Camera2-Card1-5745.jpg,95.19,760.28,111.19,776.28,LAGU sit
high_resolution_photos/2010/Sabine-Calcasieu/Rabbit Island/17May10Camera2-Card1-5745.jpg,32.51,767.54,48.51,783.54,LAGU sit
high_resolution_photos/2010/Sabine-Calcasieu/Rabbit Island/17May10Camera2-Card1-5745.jpg,42.51,775.54,58.51,791.54,LAGU sit
high_resolution_photos/2010/Sabine-Calcasieu/Rabbit Island/17May10Camera2-Card1-5745.jpg,2033.54,815.51,2049.54,831.51,ROSP site
high_resolution_photos/2010/Sabine-Calcasieu/Rabbit Island/17May10Camera2-Card1-5745.jpg,2031.54,817.51,2047.54,833.51,ROSP site
high_resolution_photos/2010/Sabine-Calcasieu/Rabbit Island/17May10Camera2-Card1-5745.jpg,664.52,827.53,680.52,843.53,WHIB site
high_resolution_photos/2010/Sabine-Calcasieu/Rabbit Island/17May10Camera2-Card1-5745.jpg,679.52,836.53,695.52,852.53,WHIB site
high_resolution_photos/2010/Sabine-Calcasieu/Rabbit Island/17May10Camera2-Card1-5745.jpg,681.52,845.53,697.52,861.53,WHIB site
high_resolution_photos/2010/Sabine-Calcasieu/Rabbit Island/17May10Camera2-Card1-5745.jpg,661.52,855.53,677.52,871.53,WHIB site
high_resolution_photos/2010/Sabine-Calcasieu/Rabbit Island/17May10Camera2-Card1-5745.jpg,1571.53,829.52,1587.53,845.52,WHIB site
high_resolution_photos/2010/Sabine-Calcasieu/Rabbit Island/17May10Camera2-Card1-5745.jpg,1561.53,833.52,1577.53,849.52,WHIB site
high_resolution_photos/2010/Sabine-Calcasieu/Rabbit Island/17May10Camera2-Card1-5745.jpg,2947.55,829.5,2963.55,845.5,SNEG site
high_resolution_photos/2010/Sabine-Calcasieu/Rabbit Island/17May10Camera2-Card1-5745.jpg,2957.55,833.5,2973.55,849.5,SNEG site
high_resolution_photos/2010/Sabine-Calcasieu/Rabbit Island/17May10Camera2-Card1-5745.jpg,2184.94,838.51,2200.94,854.51,ROSP site
high_resolution_photos/2010/Sabine-Calcasieu/Rabbit Island/17May10Camera2-Card1-5745.jpg,1027.38,859.88,1043.38,875.88,LAGU sit
high_resolution_photos/2010/Sabine-Calcasieu/Rabbit Island/17May10Camera2-Card1-5745.jpg,1291.53,857.52,1307.53,873.52,WHIB site
high_resolution_photos/2010/Sabine-Calcasieu/Rabbit Island/17May10Camera2-Card1-5745.jpg,1297.53,863.52,1313.53,879.52,WHIB site
high_resolution_photos/2010/Sabine-Calcasieu/Rabbit Island/17May10Camera2-Card1-5745.jpg,1281.53,865.52,1297.53,881.52,WHIB site
high_resolution_photos/2010/Sabine-Calcasieu/Rabbit Island/17May10Camera2-Card1-5745.jpg,2727.55,857.51,2743.55,873.51,SNEG site
high_resolution_photos/2010/Sabine-Calcasieu/Rabbit Island/17May10Camera2-Card1-5745.jpg,2737.55,861.51,2753.55,877.51,SNEG site
high_resolution_photos/2010/Sabine-Calcasieu/Rabbit Island/17May10Camera2-Card1-5745.jpg,2871.55,857.51,2887.55,873.51,SNEG site
high_resolution_photos/2010/Sabine-Calcasieu/Rabbit Island/17May10Camera2-Card1-5745.jpg,2861.55,865.51,2877.55,881.51,SNEG site
high_resolution_photos/2010/Sabine-Calcasieu/Rabbit Island/17May10Camera2-Card1-5745.jpg,79.51,863.54,95.51,879.54,LAGU sit
high_resolution_photos/2010/Sabine-Calcasieu/Rabbit Island/17May10Camera2-Card1-5745.jpg,86.51,881.54,102.51,897.54,LAGU sit
high_resolution_photos/2010/Sabine-Calcasieu/Rabbit Island/17May10Camera2-Card1-5745.jpg,2067.28,859.69,2083.28,875.69,WHIB site
high_resolution_photos/2010/Sabine-Calcasieu/Rabbit Island/17May10Camera2-Card1-5745.jpg,2697.26,868.08,2713.26,884.08,SNEG site
high_resolution_photos/2010/Sabine-Calcasieu/Rabbit Island/17May10Camera2-Card1-5745.jpg,2829.55,879.51,2845.55,895.51,SNEG site
high_resolution_photos/2010/Sabine-Calcasieu/Rabbit Island/17May10Camera2-Card1-5745.jpg,2831.55,881.51,2847.55,897.51,SNEG site
high_resolution_photos/2010/Sabine-Calcasieu/Rabbit Island/17May10Camera2-Card1-5745.jpg,793.52,885.53,809.52,901.53,LAGU sit
high_resolution_photos/2010/Sabine-Calcasieu/Rabbit Island/17May10Camera2-Card1-5745.jpg,803.52,893.53,819.52,909.53,LAGU sit
high_resolution_photos/2010/Sabine-Calcasieu/Rabbit Island/17May10Camera2-Card1-5745.jpg,1529.53,885.52,1545.53,901.52,WHIB site
high_resolution_photos/2010/Sabine-Calcasieu/Rabbit Island/17May10Camera2-Card1-5745.jpg,595.67,891.33,611.67,907.33,LAGU sit
high_resolution_photos/2010/Sabine-Calcasieu/Rabbit Island/17May10Camera2-Card1-5745.jpg,905.52,895.53,921.52,911.53,LAGU sit
high_resolution_photos/2010/Sabine-Calcasieu/Rabbit Island/17May10Camera2-Card1-5745.jpg,895.52,903.53,911.52,919.53,LAGU sit
high_resolution_photos/2010/Sabine-Calcasieu/Rabbit Island/17May10Camera2-Card1-5745.jpg,916.52,903.53,932.52,919.53,LAGU sit
high_resolution_photos/2010/Sabine-Calcasieu/Rabbit Island/17May10Camera2-Card1-5745.jpg,2335.54,893.51,2351.54,909.51,TRHE site
high_resolution_photos/2010/Sabine-Calcasieu/Rabbit Island/17May10Camera2-Card1-5745.jpg,2327.54,900.51,2343.54,916.51,TRHE site
high_resolution_photos/2010/Sabine-Calcasieu/Rabbit Island/17May10Camera2-Card1-5745.jpg,1999.54,897.52,2015.54,913.52,LAGU sit
high_resolution_photos/2010/Sabine-Calcasieu/Rabbit Island/17May10Camera2-Card1-5745.jpg,1990.54,899.52,2006.54,915.52,SNEG site
high_resolution_photos/2010/Sabine-Calcasieu/Rabbit Island/17May10Camera2-Card1-5745.jpg,2011.54,906.52,2027.54,922.52,SNEG site
high_resolution_photos/2010/Sabine-Calcasieu/Rabbit Island/17May10Camera2-Card1-5745.jpg,2731.64,896.46,2747.64,912.46,SNEG site
high_resolution_photos/2010/Sabine-Calcasieu/Rabbit Island/17May10Camera2-Card1-5745.jpg,847.52,901.53,863.52,917.53,LAGU sit
high_resolution_photos/2010/Sabine-Calcasieu/Rabbit Island/17May10Camera2-Card1-5745.jpg,849.52,903.53,865.52,919.53,LAGU sit
high_resolution_photos/2010/Sabine-Calcasieu/Rabbit Island/17May10Camera2-Card1-5745.jpg,1957.86,897.56,1973.86,913.56,TRHE site
high_resolution_photos/2010/Sabine-Calcasieu/Rabbit Island/17May10Camera2-Card1-5745.jpg,2998.88,902.84,3007.0,918.84,SNEG site
high_resolution_photos/2010/Sabine-Calcasieu/Rabbit Island/17May10Camera2-Card1-5745.jpg,2971.55,913.51,2987.55,929.51,SNEG site
high_resolution_photos/2010/Sabine-Calcasieu/Rabbit Island/17May10Camera2-Card1-5745.jpg,2973.55,915.51,2989.55,931.51,SNEG site
high_resolution_photos/2010/Sabine-Calcasieu/Rabbit Island/17May10Camera2-Card1-5745.jpg,1.51,921.54,17.51,937.54,LAGU sit
high_resolution_photos/2010/Sabine-Calcasieu/Rabbit Island/17May10Camera2-Card1-5745.jpg,17.51,921.54,33.51,937.54,LAGU sit
high_resolution_photos/2010/Sabine-Calcasieu/Rabbit Island/17May10Camera2-Card1-5745.jpg,141.51,929.54,157.51,945.54,LAGU sit
high_resolution_photos/2010/Sabine-Calcasieu/Rabbit Island/17May10Camera2-Card1-5745.jpg,85.51,931.54,101.51,947.54,LAGU sit
high_resolution_photos/2010/Sabine-Calcasieu/Rabbit Island/17May10Camera2-Card1-5745.jpg,101.51,931.54,117.51,947.54,LAGU sit
high_resolution_photos/2010/Sabine-Calcasieu/Rabbit Island/17May10Camera2-Card1-5745.jpg,109.51,931.54,125.51,947.54,LAGU sit
high_resolution_photos/2010/Sabine-Calcasieu/Rabbit Island/17May10Camera2-Card1-5745.jpg,149.51,933.54,165.51,949.54,LAGU sit
high_resolution_photos/2010/Sabine-Calcasieu/Rabbit Island/17May10Camera2-Card1-5745.jpg,31.51,939.54,47.51,955.54,LAGU sit
high_resolution_photos/2010/Sabine-Calcasieu/Rabbit Island/17May10Camera2-Card1-5745.jpg,67.51,941.54,83.51,957.54,LAGU sit
high_resolution_photos/2010/Sabine-Calcasieu/Rabbit Island/17May10Camera2-Card1-5745.jpg,55.51,945.54,71.51,961.54,LAGU sit
high_resolution_photos/2010/Sabine-Calcasieu/Rabbit Island/17May10Camera2-Card1-5745.jpg,151.51,947.54,167.51,963.54,LAGU sit
high_resolution_photos/2010/Sabine-Calcasieu/Rabbit Island/17May10Camera2-Card1-5745.jpg,17.51,951.54,33.51,967.54,LAGU sit
high_resolution_photos/2010/Sabine-Calcasieu/Rabbit Island/17May10Camera2-Card1-5745.jpg,37.51,951.54,53.51,967.54,LAGU sit
high_resolution_photos/2010/Sabine-Calcasieu/Rabbit Island/17May10Camera2-Card1-5745.jpg,35.51,957.54,51.51,973.54,LAGU sit
high_resolution_photos/2010/Sabine-Calcasieu/Rabbit Island/17May10Camera2-Card1-5745.jpg,139.51,985.54,155.51,1001.54,LAGU sit
high_resolution_photos/2010/Sabine-Calcasieu/Rabbit Island/17May10Camera2-Card1-5745.jpg,160.51,985.54,176.51,1001.54,LAGU sit
high_resolution_photos/2010/Sabine-Calcasieu/Rabbit Island/17May10Camera2-Card1-5745.jpg,146.51,987.54,162.51,1003.54,LAGU sit
high_resolution_photos/2010/Sabine-Calcasieu/Rabbit Island/17May10Camera2-Card1-5745.jpg,2845.55,923.51,2861.55,939.51,SNEG site
high_resolution_photos/2010/Sabine-Calcasieu/Rabbit Island/17May10Camera2-Card1-5745.jpg,2829.55,947.51,2845.55,963.51,SNEG site
high_resolution_photos/2010/Sabine-Calcasieu/Rabbit Island/17May10Camera2-Card1-5745.jpg,1441.53,931.52,1457.53,947.52,WHIB site
high_resolution_photos/2010/Sabine-Calcasieu/Rabbit Island/17May10Camera2-Card1-5745.jpg,1445.53,951.52,1461.53,967.52,LAGU sit
high_resolution_photos/2010/Sabine-Calcasieu/Rabbit Island/17May10Camera2-Card1-5745.jpg,1197.53,953.53,1213.53,969.53,WHIB site
high_resolution_photos/2010/Sabine-Calcasieu/Rabbit Island/17May10Camera2-Card1-5745.jpg,1275.53,947.52,1291.53,963.52,WHIB site
high_resolution_photos/2010/Sabine-Calcasieu/Rabbit Island/17May10Camera2-Card1-5745.jpg,1275.53,957.52,1291.53,973.52,WHIB site
high_resolution_photos/2010/Sabine-Calcasieu/Rabbit Island/17May10Camera2-Card1-5745.jpg,1265.53,961.53,1281.53,977.53,WHIB site
high_resolution_photos/2010/Sabine-Calcasieu/Rabbit Island/17May10Camera2-Card1-5745.jpg,1285.53,967.52,1301.53,983.52,LAGU sit
high_resolution_photos/2010/Sabine-Calcasieu/Rabbit Island/17May10Camera2-Card1-5745.jpg,2693.55,957.51,2709.55,973.51,SNEG site
high_resolution_photos/2010/Sabine-Calcasieu/Rabbit Island/17May10Camera2-Card1-5745.jpg,2697.55,963.51,2713.55,979.51,SNEG site
high_resolution_photos/2010/Sabine-Calcasieu/Rabbit Island/17May10Camera2-Card1-5745.jpg,281.51,966.54,297.51,982.54,LAGU sit
high_resolution_photos/2010/Sabine-Calcasieu/Rabbit Island/17May10Camera2-Card1-5745.jpg,287.51,973.54,303.51,989.54,LAGU sit
high_resolution_photos/2010/Sabine-Calcasieu/Rabbit Island/17May10Camera2-Card1-5745.jpg,265.51,975.54,281.51,991.54,LAGU sit
high_resolution_photos/2010/Sabine-Calcasieu/Rabbit Island/17May10Camera2-Card1-5745.jpg,269.51,985.54,285.51,1001.54,LAGU sit
high_resolution_photos/2010/Sabine-Calcasieu/Rabbit Island/17May10Camera2-Card1-5745.jpg,235.51,991.54,251.51,1007.54,LAGU sit
high_resolution_photos/2010/Sabine-Calcasieu/Rabbit Island/17May10Camera2-Card1-5745.jpg,203.51,993.54,219.51,1009.54,LAGU sit
high_resolution_photos/2010/Sabine-Calcasieu/Rabbit Island/17May10Camera2-Card1-5745.jpg,220.51,995.54,236.51,1011.54,LAGU sit
high_resolution_photos/2010/Sabine-Calcasieu/Rabbit Island/17May10Camera2-Card1-5745.jpg,249.51,997.54,265.51,1013.54,LAGU sit
high_resolution_photos/2010/Sabine-Calcasieu/Rabbit Island/17May10Camera2-Card1-5745.jpg,2387.54,963.51,2403.54,979.51,SNEG site
high_resolution_photos/2010/Sabine-Calcasieu/Rabbit Island/17May10Camera2-Card1-5745.jpg,2414.54,963.51,2430.54,979.51,SNEG site
high_resolution_photos/2010/Sabine-Calcasieu/Rabbit Island/17May10Camera2-Card1-5745.jpg,2427.54,973.51,2443.54,989.51,SNEG site
high_resolution_photos/2010/Sabine-Calcasieu/Rabbit Island/17May10Camera2-Card1-5745.jpg,343.52,967.54,359.52,983.54,LAGU sit
high_resolution_photos/2010/Sabine-Calcasieu/Rabbit Island/17May10Camera2-Card1-5745.jpg,313.51,969.54,329.51,985.54,LAGU sit
high_resolution_photos/2010/Sabine-Calcasieu/Rabbit Island/17May10Camera2-Card1-5745.jpg,328.52,969.54,344.52,985.54,LAGU sit
high_resolution_photos/2010/Sabine-Calcasieu/Rabbit Island/17May10Camera2-Card1-5745.jpg,345.52,969.54,361.52,985.54,LAGU sit
high_resolution_photos/2010/Sabine-Calcasieu/Rabbit Island/17May10Camera2-Card1-5745.jpg,319.51,971.54,335.51,987.54,LAGU sit
high_resolution_photos/2010/Sabine-Calcasieu/Rabbit Island/17May10Camera2-Card1-5745.jpg,303.51,973.54,319.51,989.54,LAGU sit
high_resolution_photos/2010/Sabine-Calcasieu/Rabbit Island/17May10Camera2-Card1-5745.jpg,365.52,987.54,381.52,1003.54,LAGU sit
high_resolution_photos/2010/Sabine-Calcasieu/Rabbit Island/17May10Camera2-Card1-5745.jpg,377.52,999.54,393.52,1015.54,LAGU sit
high_resolution_photos/2010/Sabine-Calcasieu/Rabbit Island/17May10Camera2-Card1-5745.jpg,377.52,1010.54,393.52,1026.54,LAGU sit
high_resolution_photos/2010/Sabine-Calcasieu/Rabbit Island/17May10Camera2-Card1-5745.jpg,387.52,1023.54,403.52,1039.54,LAGU sit
high_resolution_photos/2010/Sabine-Calcasieu/Rabbit Island/17May10Camera2-Card1-5745.jpg,380.85,1036.87,396.85,1052.87,LAGU sit
high_resolution_photos/2010/Sabine-Calcasieu/Rabbit Island/17May10Camera2-Card1-5745.jpg,407.52,1043.54,423.52,1059.54,LAGU sit
high_resolution_photos/2010/Sabine-Calcasieu/Rabbit Island/17May10Camera2-Card1-5745.jpg,423.52,1045.54,439.52,1061.54,LAGU sit
high_resolution_photos/2010/Sabine-Calcasieu/Rabbit Island/17May10Camera2-Card1-5745.jpg,425.52,1047.54,441.52,1063.54,LAGU sit
high_resolution_photos/2010/Sabine-Calcasieu/Rabbit Island/17May10Camera2-Card1-5745.jpg,399.52,1049.54,415.52,1065.54,LAGU sit
high_resolution_photos/2010/Sabine-Calcasieu/Rabbit Island/17May10Camera2-Card1-5745.jpg,429.52,1053.54,445.52,1069.54,LAGU sit
high_resolution_photos/2010/Sabine-Calcasieu/Rabbit Island/17May10Camera2-Card1-5745.jpg,439.52,1059.54,455.52,1075.54,LAGU sit
high_resolution_photos/2010/Sabine-Calcasieu/Rabbit Island/17May10Camera2-Card1-5745.jpg,451.52,1089.54,467.52,1105.54,LAGU sit
high_resolution_photos/2010/Sabine-Calcasieu/Rabbit Island/17May10Camera2-Card1-5745.jpg,463.52,1098.54,479.52,1114.54,LAGU sit
high_resolution_photos/2010/Sabine-Calcasieu/Rabbit Island/17May10Camera2-Card1-5745.jpg,2169.88,972.17,2185.88,988.17,WHIB site
high_resolution_photos/2010/Sabine-Calcasieu/Rabbit Island/17May10Camera2-Card1-5745.jpg,2425.54,997.51,2441.54,1013.51,TRHE site
high_resolution_photos/2010/Sabine-Calcasieu/Rabbit Island/17May10Camera2-Card1-5745.jpg,2385.74,1000.91,2401.74,1016.91,TRHE site
high_resolution_photos/2010/Sabine-Calcasieu/Rabbit Island/17May10Camera2-Card1-5745.jpg,1443.53,1103.52,1459.53,1119.52,WHIB site
high_resolution_photos/2010/Sabine-Calcasieu/Rabbit Island/17May10Camera2-Card1-5745.jpg,1433.53,1107.53,1449.53,1123.53,WHIB site
high_resolution_photos/2010/Sabine-Calcasieu/Rabbit Island/17May10Camera2-Card1-5745.jpg,1451.53,1107.52,1467.53,1123.52,WHIB site
high_resolution_photos/2010/Sabine-Calcasieu/Rabbit Island/17May10Camera2-Card1-5745.jpg,1451.53,1117.53,1467.53,1133.53,WHIB site
high_resolution_photos/2010/Sabine-Calcasieu/Rabbit Island/17May10Camera2-Card1-5745.jpg,505.52,1113.54,521.52,1129.54,LAGU sit
high_resolution_photos/2010/Sabine-Calcasieu/Rabbit Island/17May10Camera2-Card1-5745.jpg,507.52,1119.54,523.52,1135.54,LAGU sit
high_resolution_photos/2010/Sabine-Calcasieu/Rabbit Island/17May10Camera2-Card1-5745.jpg,505.52,1126.54,521.52,1142.54,LAGU sit
high_resolution_photos/2010/Sabine-Calcasieu/Rabbit Island/17May10Camera2-Card1-5745.jpg,279.52,1137.54,295.52,1153.54,LAGU sit
high_resolution_photos/2010/Sabine-Calcasieu/Rabbit Island/17May10Camera2-Card1-5745.jpg,269.52,1143.54,285.52,1159.54,LAGU sit
high_resolution_photos/2010/Sabine-Calcasieu/Rabbit Island/17May10Camera2-Card1-5745.jpg,362.67,1139.09,378.67,1155.09,LAGU sit
high_resolution_photos/2010/Sabine-Calcasieu/Rabbit Island/17May10Camera2-Card1-5745.jpg,591.52,1137.53,607.52,1153.53,LAGU sit
high_resolution_photos/2010/Sabine-Calcasieu/Rabbit Island/17May10Camera2-Card1-5745.jpg,581.52,1141.54,597.52,1157.54,LAGU sit
high_resolution_photos/2010/Sabine-Calcasieu/Rabbit Island/17May10Camera2-Card1-5745.jpg,427.52,1141.54,443.52,1157.54,LAGU sit
high_resolution_photos/2010/Sabine-Calcasieu/Rabbit Island/17May10Camera2-Card1-5745.jpg,417.52,1147.54,433.52,1163.54,LAGU sit
high_resolution_photos/2010/Sabine-Calcasieu/Rabbit Island/17May10Camera2-Card1-5745.jpg,437.52,1150.54,453.52,1166.54,LAGU sit
high_resolution_photos/2010/Sabine-Calcasieu/Rabbit Island/17May10Camera2-Card1-5745.jpg,1403.53,1149.53,1419.53,1165.53,WHIB site
high_resolution_photos/2010/Sabine-Calcasieu/Rabbit Island/17May10Camera2-Card1-5745.jpg,1423.53,1159.53,1439.53,1175.53,WHIB site
high_resolution_photos/2010/Sabine-Calcasieu/Rabbit Island/17May10Camera2-Card1-5745.jpg,1421.53,1175.53,1437.53,1191.53,WHIB site
high_resolution_photos/2010/Sabine-Calcasieu/Rabbit Island/17May10Camera2-Card1-5745.jpg,1435.53,1187.53,1451.53,1203.53,WHIB site
high_resolution_photos/2010/Sabine-Calcasieu/Rabbit Island/17May10Camera2-Card1-5745.jpg,1451.53,1199.53,1467.53,1215.53,WHIB site
high_resolution_photos/2010/Sabine-Calcasieu/Rabbit Island/17May10Camera2-Card1-5745.jpg,1463.53,1207.53,1479.53,1223.53,WHIB site
high_resolution_photos/2010/Sabine-Calcasieu/Rabbit Island/17May10Camera2-Card1-5745.jpg,1475.53,1209.53,1491.53,1225.53,WHIB site
high_resolution_photos/2010/Sabine-Calcasieu/Rabbit Island/17May10Camera2-Card1-5745.jpg,1461.53,1219.53,1477.53,1235.53,WHIB site
high_resolution_photos/2010/Sabine-Calcasieu/Rabbit Island/17May10Camera2-Card1-5745.jpg,1443.53,1235.53,1459.53,1251.53,WHIB site
high_resolution_photos/2010/Sabine-Calcasieu/Rabbit Island/17May10Camera2-Card1-5745.jpg,1445.53,1237.53,1461.53,1253.53,WHEG site
high_resolution_photos/2010/Sabine-Calcasieu/Rabbit Island/17May10Camera2-Card1-5745.jpg,1447.53,1239.53,1463.53,1255.53,WHIB site
high_resolution_photos/2010/Sabine-Calcasieu/Rabbit Island/17May10Camera2-Card1-5745.jpg,2471.63,1144.89,2487.63,1160.89,TRHE site
high_resolution_photos/2010/Sabine-Calcasieu/Rabbit Island/17May10Camera2-Card1-5745.jpg,1375.53,1157.53,1391.53,1173.53,WHIB site
high_resolution_photos/2010/Sabine-Calcasieu/Rabbit Island/17May10Camera2-Card1-5745.jpg,1365.53,1163.53,1381.53,1179.53,WHIB site
high_resolution_photos/2010/Sabine-Calcasieu/Rabbit Island/17May10Camera2-Card1-5745.jpg,1381.53,1178.53,1397.53,1194.53,WHIB site
high_resolution_photos/2010/Sabine-Calcasieu/Rabbit Island/17May10Camera2-Card1-5745.jpg,1391.53,1183.53,1407.53,1199.53,LAGU sit
high_resolution_photos/2010/Sabine-Calcasieu/Rabbit Island/17May10Camera2-Card1-5745.jpg,600.52,1167.54,616.52,1183.54,LAGU sit
high_resolution_photos/2010/Sabine-Calcasieu/Rabbit Island/17May10Camera2-Card1-5745.jpg,607.52,1169.54,623.52,1185.54,LAGU sit
high_resolution_photos/2010/Sabine-Calcasieu/Rabbit Island/17May10Camera2-Card1-5745.jpg,609.52,1171.54,625.52,1187.54,LAGU sit
high_resolution_photos/2010/Sabine-Calcasieu/Rabbit Island/17May10Camera2-Card1-5745.jpg,611.52,1177.54,627.52,1193.54,LAGU sit
high_resolution_photos/2010/Sabine-Calcasieu/Rabbit Island/17May10Camera2-Card1-5745.jpg,409.52,1185.54,425.52,1201.54,LAGU sit
high_resolution_photos/2010/Sabine-Calcasieu/Rabbit Island/17May10Camera2-Card1-5745.jpg,399.52,1189.54,415.52,1205.54,LAGU sit
high_resolution_photos/2010/Sabine-Calcasieu/Rabbit Island/17May10Camera2-Card1-5745.jpg,417.52,1209.54,433.52,1225.54,LAGU sit
high_resolution_photos/2010/Sabine-Calcasieu/Rabbit Island/17May10Camera2-Card1-5745.jpg,453.76,1186.42,469.76,1202.42,LAGU sit
high_resolution_photos/2010/Sabine-Calcasieu/Rabbit Island/17May10Camera2-Card1-5745.jpg,337.52,1193.54,353.52,1209.54,LAGU sit
high_resolution_photos/2010/Sabine-Calcasieu/Rabbit Island/17May10Camera2-Card1-5745.jpg,335.52,1195.54,351.52,1211.54,LAGU sit
high_resolution_photos/2010/Sabine-Calcasieu/Rabbit Island/17May10Camera2-Card1-5745.jpg,353.52,1221.54,369.52,1237.54,LAGU sit
high_resolution_photos/2010/Sabine-Calcasieu/Rabbit Island/17May10Camera2-Card1-5745.jpg,2379.51,1191.55,2395.51,1207.55,TRHE site
high_resolution_photos/2010/Sabine-Calcasieu/Rabbit Island/17May10Camera2-Card1-5745.jpg,1333.27,1204.12,1349.27,1220.12,WHEG site
high_resolution_photos/2010/Sabine-Calcasieu/Rabbit Island/17May10Camera2-Card1-5745.jpg,1359.53,1205.53,1375.53,1221.53,WHIB site
high_resolution_photos/2010/Sabine-Calcasieu/Rabbit Island/17May10Camera2-Card1-5745.jpg,1369.53,1211.53,1385.53,1227.53,LAGU sit
high_resolution_photos/2010/Sabine-Calcasieu/Rabbit Island/17May10Camera2-Card1-5745.jpg,527.52,1225.54,543.52,1241.54,LAGU sit
high_resolution_photos/2010/Sabine-Calcasieu/Rabbit Island/17May10Camera2-Card1-5745.jpg,525.52,1227.54,541.52,1243.54,LAGU sit
high_resolution_photos/2010/Sabine-Calcasieu/Rabbit Island/17May10Camera2-Card1-5745.jpg,517.52,1229.54,533.52,1245.54,LAGU sit
high_resolution_photos/2010/Sabine-Calcasieu/Rabbit Island/17May10Camera2-Card1-5745.jpg,535.52,1229.54,551.52,1245.54,LAGU sit
high_resolution_photos/2010/Sabine-Calcasieu/Rabbit Island/17May10Camera2-Card1-5745.jpg,547.52,1231.54,563.52,1247.54,LAGU sit
high_resolution_photos/2010/Sabine-Calcasieu/Rabbit Island/17May10Camera2-Card1-5745.jpg,439.52,1243.54,455.52,1259.54,LAGU sit
high_resolution_photos/2010/Sabine-Calcasieu/Rabbit Island/17May10Camera2-Card1-5745.jpg,447.52,1251.54,463.52,1267.54,LAGU sit
high_resolution_photos/2010/Sabine-Calcasieu/Rabbit Island/17May10Camera2-Card1-5745.jpg,611.21,1244.33,627.21,1260.33,LAGU sit
high_resolution_photos/2010/Sabine-Calcasieu/Rabbit Island/17May10Camera2-Card1-5745.jpg,653.52,1251.54,669.52,1267.54,LAGU sit
high_resolution_photos/2010/Sabine-Calcasieu/Rabbit Island/17May10Camera2-Card1-5745.jpg,661.52,1258.54,677.52,1274.54,LAGU sit
high_resolution_photos/2010/Sabine-Calcasieu/Rabbit Island/17May10Camera2-Card1-5745.jpg,588.77,1254.45,604.77,1270.45,LAGU sit
high_resolution_photos/2010/Sabine-Calcasieu/Rabbit Island/17May10Camera2-Card1-5745.jpg,681.52,1261.54,697.52,1277.54,LAGU sit
high_resolution_photos/2010/Sabine-Calcasieu/Rabbit Island/17May10Camera2-Card1-5745.jpg,679.52,1263.54,695.52,1279.54,LAGU sit
high_resolution_photos/2010/Sabine-Calcasieu/Rabbit Island/17May10Camera2-Card1-5745.jpg,483.52,1291.54,499.52,1307.54,LAGU sit
high_resolution_photos/2010/Sabine-Calcasieu/Rabbit Island/17May10Camera2-Card1-5745.jpg,473.52,1293.54,489.52,1309.54,LAGU sit
high_resolution_photos/2010/Sabine-Calcasieu/Rabbit Island/17May10Camera2-Card1-5745.jpg,1700.54,1295.52,1716.54,1311.52,WHIB site
high_resolution_photos/2010/Sabine-Calcasieu/Rabbit Island/17May10Camera2-Card1-5745.jpg,1683.54,1301.52,1699.54,1317.52,WHIB site
high_resolution_photos/2010/Sabine-Calcasieu/Rabbit Island/17May10Camera2-Card1-5745.jpg,705.3,1312.29,721.3,1328.29,LAGU sit
high_resolution_photos/2010/Sabine-Calcasieu/Rabbit Island/17May10Camera2-Card1-5745.jpg,1411.53,1315.53,1427.53,1331.53,WHIB site
high_resolution_photos/2010/Sabine-Calcasieu/Rabbit Island/17May10Camera2-Card1-5745.jpg,1399.53,1335.53,1415.53,1351.53,WHIB site
high_resolution_photos/2010/Sabine-Calcasieu/Rabbit Island/17May10Camera2-Card1-5745.jpg,1769.54,1319.52,1785.54,1335.52,WHIB site
high_resolution_photos/2010/Sabine-Calcasieu/Rabbit Island/17May10Camera2-Card1-5745.jpg,1767.54,1321.52,1783.54,1337.52,WHIB site
high_resolution_photos/2010/Sabine-Calcasieu/Rabbit Island/17May10Camera2-Card1-5745.jpg,1761.54,1331.52,1777.54,1347.52,WHIB site
high_resolution_photos/2010/Sabine-Calcasieu/Rabbit Island/17May10Camera2-Card1-5745.jpg,1751.54,1343.52,1767.54,1359.52,WHIB site
high_resolution_photos/2010/Sabine-Calcasieu/Rabbit Island/17May10Camera2-Card1-5745.jpg,1749.54,1346.52,1765.54,1362.52,WHIB bird
high_resolution_photos/2010/Sabine-Calcasieu/Rabbit Island/17May10Camera2-Card1-5745.jpg,1751.54,1353.52,1767.54,1369.52,WHIB site
high_resolution_photos/2010/Sabine-Calcasieu/Rabbit Island/17May10Camera2-Card1-5745.jpg,1330.53,1325.53,1346.53,1341.53,WHEG site
high_resolution_photos/2010/Sabine-Calcasieu/Rabbit Island/17May10Camera2-Card1-5745.jpg,1351.53,1333.53,1367.53,1349.53,WHIB site
high_resolution_photos/2010/Sabine-Calcasieu/Rabbit Island/17May10Camera2-Card1-5745.jpg,1362.53,1337.53,1378.53,1353.53,WHIB site
high_resolution_photos/2010/Sabine-Calcasieu/Rabbit Island/17May10Camera2-Card1-5745.jpg,1655.54,1327.53,1671.54,1343.53,WHIB site
high_resolution_photos/2010/Sabine-Calcasieu/Rabbit Island/17May10Camera2-Card1-5745.jpg,1644.2,1336.19,1660.2,1352.19,WHIB site
high_resolution_photos/2010/Sabine-Calcasieu/Rabbit Island/17May10Camera2-Card1-5745.jpg,1627.54,1345.53,1643.54,1361.53,WHIB site
high_resolution_photos/2010/Sabine-Calcasieu/Rabbit Island/17May10Camera2-Card1-5745.jpg,1653.54,1359.53,1669.54,1375.53,WHIB site
high_resolution_photos/2010/Sabine-Calcasieu/Rabbit Island/17May10Camera2-Card1-5745.jpg,1637.54,1377.53,1653.54,1393.53,WHIB site
high_resolution_photos/2010/Sabine-Calcasieu/Rabbit Island/17May10Camera2-Card1-5745.jpg,1805.54,1335.52,1821.54,1351.52,WHIB site
high_resolution_photos/2010/Sabine-Calcasieu/Rabbit Island/17May10Camera2-Card1-5745.jpg,1803.54,1337.52,1819.54,1353.52,WHIB bird
high_resolution_photos/2010/Sabine-Calcasieu/Rabbit Island/17May10Camera2-Card1-5745.jpg,1428.87,1348.2,1444.87,1364.2,WHIB site
high_resolution_photos/2010/Sabine-Calcasieu/Rabbit Island/17May10Camera2-Card1-5745.jpg,1427.53,1367.53,1443.53,1383.53,WHIB site
high_resolution_photos/2010/Sabine-Calcasieu/Rabbit Island/17May10Camera2-Card1-5745.jpg,1553.54,1365.53,1569.54,1381.53,WHIB site
high_resolution_photos/2010/Sabine-Calcasieu/Rabbit Island/17May10Camera2-Card1-5745.jpg,1543.54,1374.53,1559.54,1390.53,BCNH site
high_resolution_photos/2010/Sabine-Calcasieu/Rabbit Island/17May10Camera2-Card1-5745.jpg,1669.54,1399.53,1685.54,1415.53,WHIB site
high_resolution_photos/2010/Sabine-Calcasieu/Rabbit Island/17May10Camera2-Card1-5745.jpg,1679.54,1403.53,1695.54,1419.53,WHIB site
high_resolution_photos/2010/Sabine-Calcasieu/Rabbit Island/17May10Camera2-Card1-5745.jpg,577.48,1415.88,593.48,1431.88,LAGU sit
high_resolution_photos/2010/Sabine-Calcasieu/Rabbit Island/17May10Camera2-Card1-5745.jpg,1647.54,1415.53,1663.54,1431.53,WHIB site
high_resolution_photos/2010/Sabine-Calcasieu/Rabbit Island/17May10Camera2-Card1-5745.jpg,1695.54,1419.53,1711.54,1435.53,WHIB site
high_resolution_photos/2010/Sabine-Calcasieu/Rabbit Island/17May10Camera2-Card1-5745.jpg,1719.54,1419.53,1735.54,1435.53,WHIB site
high_resolution_photos/2010/Sabine-Calcasieu/Rabbit Island/17May10Camera2-Card1-5745.jpg,1671.54,1425.53,1687.54,1441.53,WHIB site
high_resolution_photos/2010/Sabine-Calcasieu/Rabbit Island/17May10Camera2-Card1-5745.jpg,1665.54,1435.53,1681.54,1451.53,WHIB site
high_resolution_photos/2010/Sabine-Calcasieu/Rabbit Island/17May10Camera2-Card1-5745.jpg,1587.54,1451.53,1603.54,1467.53,LAGU sit
high_resolution_photos/2010/Sabine-Calcasieu/Rabbit Island/17May10Camera2-Card1-5745.jpg,1585.54,1453.53,1601.54,1469.53,LAGU sit
high_resolution_photos/2010/Sabine-Calcasieu/Rabbit Island/17May10Camera2-Card1-5745.jpg,1863.54,1463.53,1879.54,1479.53,WHIB site
high_resolution_photos/2010/Sabine-Calcasieu/Rabbit Island/17May10Camera2-Card1-5745.jpg,1881.54,1481.53,1897.54,1497.53,WHIB site
high_resolution_photos/2010/Sabine-Calcasieu/Rabbit Island/17May10Camera2-Card1-5745.jpg,1975.54,1479.52,1991.54,1495.52,WHIB site
high_resolution_photos/2010/Sabine-Calcasieu/Rabbit Island/17May10Camera2-Card1-5745.jpg,1983.54,1498.52,1999.54,1514.52,WHIB site
high_resolution_photos/2010/Sabine-Calcasieu/Rabbit Island/17May10Camera2-Card1-5745.jpg,1625.8,1487.4,1641.8,1503.4,LAGU sit
high_resolution_photos/2010/Sabine-Calcasieu/Rabbit Island/17May10Camera2-Card1-5745.jpg,869.19,1536.38,885.19,1552.38,LAGU sit
high_resolution_photos/2010/Sabine-Calcasieu/Rabbit Island/17May10Camera2-Card1-5745.jpg,945.72,1540.51,961.72,1556.51,LAGU sit
high_resolution_photos/2010/Sabine-Calcasieu/Rabbit Island/17May10Camera2-Card1-5745.jpg,1859.54,1531.53,1875.54,1547.53,WHEG site
high_resolution_photos/2010/Sabine-Calcasieu/Rabbit Island/17May10Camera2-Card1-5745.jpg,1859.54,1549.53,1875.54,1565.53,WHIB site
high_resolution_photos/2010/Sabine-Calcasieu/Rabbit Island/17May10Camera2-Card1-5745.jpg,1355.54,1548.53,1371.54,1564.53,LAGU sit
high_resolution_photos/2010/Sabine-Calcasieu/Rabbit Island/17May10Camera2-Card1-5745.jpg,1353.54,1573.53,1369.54,1589.53,LAGU sit
high_resolution_photos/2010/Sabine-Calcasieu/Rabbit Island/17May10Camera2-Card1-5745.jpg,1151.53,1621.54,1167.53,1637.54,LAGU sit
high_resolution_photos/2010/Sabine-Calcasieu/Rabbit Island/17May10Camera2-Card1-5745.jpg,1141.53,1629.54,1157.53,1645.54,LAGU sit
high_resolution_photos/2010/Sabine-Calcasieu/Rabbit Island/17May10Camera2-Card1-5745.jpg,1271.84,1623.79,1287.84,1639.79,LAGU sit
high_resolution_photos/2010/Sabine-Calcasieu/Rabbit Island/17May10Camera2-Card1-5745.jpg,838.71,1744.07,854.71,1760.07,LAGU sit
high_resolution_photos/2011/Terrebonne Bay/Raccoon Island West/18June11Camera2-Card7-586.jpg,530.31,51.98,556.31,77.98,Bird
high_resolution_photos/2011/Terrebonne Bay/Raccoon Island West/18June11Camera2-Card7-586.jpg,530.35,68.14,556.35,94.14,Bird
high_resolution_photos/2011/Terrebonne Bay/Raccoon Island West/18June11Camera2-Card7-586.jpg,783.72,124.27,809.72,150.27,Bird
high_resolution_photos/2011/Terrebonne Bay/Raccoon Island West/18June11Camera2-Card7-586.jpg,782.4,137.74,808.4,163.74,Bird
high_resolution_photos/2011/Terrebonne Bay/Raccoon Island West/18June11Camera2-Card7-586.jpg,2633.52,141.48,2659.52,167.48,Bird
high_resolution_photos/2011/Terrebonne Bay/Raccoon Island West/18June11Camera2-Card7-586.jpg,2631.39,161.73,2657.39,187.73,Bird
high_resolution_photos/2011/Terrebonne Bay/Raccoon Island West/18June11Camera2-Card7-586.jpg,446.63,290.28,472.63,316.28,Bird
high_resolution_photos/2011/Terrebonne Bay/Raccoon Island West/18June11Camera2-Card7-586.jpg,454.68,298.34,480.68,324.34,Bird
high_resolution_photos/2011/Terrebonne Bay/Raccoon Island West/18June11Camera2-Card7-586.jpg,1817.73,409.47,1843.73,435.47,Bird
high_resolution_photos/2011/Terrebonne Bay/Raccoon Island West/18June11Camera2-Card7-586.jpg,1829.77,425.6,1855.77,451.6,Bird
high_resolution_photos/2011/Terrebonne Bay/Raccoon Island West/18June11Camera2-Card7-586.jpg,1214.16,525.13,1240.16,551.13,Bird
high_resolution_photos/2011/Terrebonne Bay/Raccoon Island West/18June11Camera2-Card7-586.jpg,1425.84,569.89,1451.84,595.89,Bird
high_resolution_photos/2011/Terrebonne Bay/Raccoon Island West/18June11Camera2-Card7-586.jpg,1427.17,583.32,1453.17,609.32,Bird
high_resolution_photos/2011/Terrebonne Bay/Raccoon Island West/18June11Camera2-Card7-586.jpg,1929.5,766.09,1955.5,792.09,Bird
high_resolution_photos/2011/Terrebonne Bay/Raccoon Island West/18June11Camera2-Card7-586.jpg,1929.47,776.16,1955.47,802.16,Bird
high_resolution_photos/2011/Terrebonne Bay/Raccoon Island West/18June11Camera2-Card7-586.jpg,1925.43,784.21,1951.43,810.21,Bird
high_resolution_photos/2011/Terrebonne Bay/Raccoon Island West/18June11Camera2-Card7-586.jpg,1891.25,782.22,1917.25,808.22,Bird
high_resolution_photos/2011/Terrebonne Bay/Raccoon Island West/18June11Camera2-Card7-586.jpg,1165.99,796.87,1191.99,822.87,Bird
high_resolution_photos/2011/Terrebonne Bay/Raccoon Island West/18June11Camera2-Card7-586.jpg,1161.98,800.89,1187.98,826.89,Bird
high_resolution_photos/2011/Terrebonne Bay/Raccoon Island West/18June11Camera2-Card7-586.jpg,1633.83,844.78,1659.83,870.78,Bird
high_resolution_photos/2011/Terrebonne Bay/Raccoon Island West/18June11Camera2-Card7-586.jpg,1647.9,844.77,1673.9,870.77,Bird
high_resolution_photos/2011/Terrebonne Bay/Raccoon Island West/18June11Camera2-Card7-586.jpg,1523.26,917.21,1549.26,943.21,Bird
high_resolution_photos/2011/Terrebonne Bay/Raccoon Island West/18June11Camera2-Card7-586.jpg,1527.25,937.3,1553.25,963.3,Bird
high_resolution_photos/2011/Terrebonne Bay/Raccoon Island West/18June11Camera2-Card7-586.jpg,1338.54,997.65,1364.54,1023.65,Bird
high_resolution_photos/2011/Terrebonne Bay/Raccoon Island West/18June11Camera2-Card7-586.jpg,1338.53,1009.7,1364.53,1035.7,Bird
high_resolution_photos/2011/Terrebonne Bay/Raccoon Island West/18June11Camera2-Card7-586.jpg,1619.53,997.51,1645.53,1023.51,Bird
high_resolution_photos/2011/Terrebonne Bay/Raccoon Island West/18June11Camera2-Card7-586.jpg,1611.49,1001.53,1637.49,1027.53,Bird
high_resolution_photos/2011/Terrebonne Bay/Raccoon Island West/18June11Camera2-Card7-586.jpg,1607.47,1005.55,1633.47,1031.55,Bird
high_resolution_photos/2011/Terrebonne Bay/Raccoon Island West/18June11Camera2-Card7-586.jpg,2614.53,1025.16,2640.53,1051.16,Bird
high_resolution_photos/2011/Terrebonne Bay/Raccoon Island West/18June11Camera2-Card7-586.jpg,2592.36,1029.19,2618.36,1055.19,Bird
high_resolution_photos/2011/Terrebonne Bay/Raccoon Island West/18June11Camera2-Card7-586.jpg,2033.18,1053.55,2059.18,1079.55,Bird
high_resolution_photos/2011/Terrebonne Bay/Raccoon Island West/18June11Camera2-Card7-586.jpg,2009.0,1073.65,2035.0,1099.65,Bird
high_resolution_photos/2011/Terrebonne Bay/Raccoon Island West/18June11Camera2-Card7-586.jpg,2459.32,1077.48,2485.32,1103.48,Bird
high_resolution_photos/2011/Terrebonne Bay/Raccoon Island West/18June11Camera2-Card7-586.jpg,2455.27,1081.5,2481.27,1107.5,Bird
high_resolution_photos/2011/Terrebonne Bay/Raccoon Island West/18June11Camera2-Card7-586.jpg,2427.06,1093.57,2453.06,1119.57,Bird
high_resolution_photos/2011/Terrebonne Bay/Raccoon Island West/18June11Camera2-Card7-586.jpg,1703.71,1079.79,1729.71,1105.79,Bird
high_resolution_photos/2011/Terrebonne Bay/Raccoon Island West/18June11Camera2-Card7-586.jpg,2302.37,1095.62,2328.37,1121.62,Bird
high_resolution_photos/2011/Terrebonne Bay/Raccoon Island West/18June11Camera2-Card7-586.jpg,2318.45,1097.63,2344.45,1123.63,Bird
high_resolution_photos/2011/Terrebonne Bay/Raccoon Island West/18June11Camera2-Card7-586.jpg,1557.15,1099.92,1583.15,1125.92,Bird
high_resolution_photos/2011/Terrebonne Bay/Raccoon Island West/18June11Camera2-Card7-586.jpg,1747.76,1133.96,1773.76,1159.96,Bird
high_resolution_photos/2011/Terrebonne Bay/Raccoon Island West/18June11Camera2-Card7-586.jpg,1759.81,1133.96,1785.81,1159.96,BLSK bird
high_resolution_photos/2011/Terrebonne Bay/Raccoon Island West/18June11Camera2-Card7-586.jpg,1743.74,1137.98,1769.74,1163.98,Bird
high_resolution_photos/2011/Terrebonne Bay/Raccoon Island West/18June11Camera2-Card7-586.jpg,1747.72,1154.03,1773.72,1180.03,Bird
high_resolution_photos/2011/Terrebonne Bay/Raccoon Island West/18June11Camera2-Card7-586.jpg,649.34,1158.36,675.34,1184.36,Bird
high_resolution_photos/2011/Terrebonne Bay/Raccoon Island West/18June11Camera2-Card7-586.jpg,665.38,1174.38,691.38,1200.38,Bird
high_resolution_photos/2011/Terrebonne Bay/Raccoon Island West/18June11Camera2-Card7-586.jpg,1595.16,1178.14,1621.16,1204.14,Bird
high_resolution_photos/2011/Terrebonne Bay/Raccoon Island West/18June11Camera2-Card7-586.jpg,1609.88,1179.47,1635.88,1205.47,Bird
high_resolution_photos/2011/Terrebonne Bay/Raccoon Island West/18June11Camera2-Card7-586.jpg,1729.62,1172.59,1755.62,1198.59,Bird
high_resolution_photos/2011/Terrebonne Bay/Raccoon Island West/18June11Camera2-Card7-586.jpg,2324.7,1199.35,2350.7,1225.35,Bird
high_resolution_photos/2011/Terrebonne Bay/Raccoon Island West/18June11Camera2-Card7-586.jpg,2325.96,1218.08,2351.96,1244.08,Bird
high_resolution_photos/2011/Terrebonne Bay/Raccoon Island West/18June11Camera2-Card7-586.jpg,2569.32,1199.96,2595.32,1225.96,BLSK bird
high_resolution_photos/2011/Terrebonne Bay/Raccoon Island West/18June11Camera2-Card7-586.jpg,2607.39,1226.05,2633.39,1252.05,Bird
high_resolution_photos/2011/Terrebonne Bay/Raccoon Island West/18June11Camera2-Card7-586.jpg,2611.33,1240.1,2637.33,1266.1,Bird
high_resolution_photos/2011/Terrebonne Bay/Raccoon Island West/18June11Camera2-Card7-586.jpg,1262.26,1238.35,1288.26,1264.35,Bird
high_resolution_photos/2011/Terrebonne Bay/Raccoon Island West/18June11Camera2-Card7-586.jpg,1248.23,1242.36,1274.23,1268.36,Bird
high_resolution_photos/2011/Terrebonne Bay/Raccoon Island West/18June11Camera2-Card7-586.jpg,1266.27,1246.36,1292.27,1272.36,Bird
high_resolution_photos/2011/Terrebonne Bay/Raccoon Island West/18June11Camera2-Card7-586.jpg,2402.17,1254.19,2428.17,1280.19,Bird
high_resolution_photos/2011/Terrebonne Bay/Raccoon Island West/18June11Camera2-Card7-586.jpg,2424.26,1258.19,2450.26,1284.19,Bird
high_resolution_photos/2011/Terrebonne Bay/Raccoon Island West/18June11Camera2-Card7-586.jpg,1591.04,1256.33,1617.04,1282.33,Bird
high_resolution_photos/2011/Terrebonne Bay/Raccoon Island West/18June11Camera2-Card7-586.jpg,1587.0,1274.36,1613.0,1300.36,Bird
high_resolution_photos/2011/Terrebonne Bay/Raccoon Island West/18June11Camera2-Card7-586.jpg,1586.98,1290.39,1612.98,1316.39,Bird
high_resolution_photos/2011/Terrebonne Bay/Raccoon Island West/18June11Camera2-Card7-586.jpg,1225.69,1261.9,1251.69,1287.9,BLSK bird
high_resolution_photos/2011/Terrebonne Bay/Raccoon Island West/18June11Camera2-Card7-586.jpg,1735.29,1344.47,1761.29,1370.47,BLSK bird
high_resolution_photos/2011/Terrebonne Bay/Raccoon Island West/18June11Camera2-Card7-586.jpg,3153.53,1394.56,3179.53,1420.56,Bird
high_resolution_photos/2011/Terrebonne Bay/Raccoon Island West/18June11Camera2-Card7-586.jpg,3149.47,1398.57,3175.47,1424.57,Bird
high_resolution_photos/2011/Terrebonne Bay/Raccoon Island West/18June11Camera2-Card7-586.jpg,2622.34,1430.63,2648.34,1456.63,Bird
high_resolution_photos/2011/Terrebonne Bay/Raccoon Island West/18June11Camera2-Card7-586.jpg,2622.28,1442.66,2648.28,1468.66,Bird
high_resolution_photos/2011/Terrebonne Bay/Raccoon Island West/18June11Camera2-Card7-586.jpg,2606.18,1446.66,2632.18,1472.66,Bird
high_resolution_photos/2011/Terrebonne Bay/Raccoon Island West/18June11Camera2-Card7-586.jpg,2025.68,1512.68,2051.68,1538.68,Bird
high_resolution_photos/2011/Terrebonne Bay/Raccoon Island West/18June11Camera2-Card7-586.jpg,2043.73,1514.68,2069.73,1540.68,Bird
high_resolution_photos/2011/Terrebonne Bay/Raccoon Island West/18June11Camera2-Card7-586.jpg,2854.52,1586.92,2880.52,1612.92,Bird
high_resolution_photos/2011/Terrebonne Bay/Raccoon Island West/18June11Camera2-Card7-586.jpg,2854.45,1598.93,2880.45,1624.93,Bird
high_resolution_photos/2011/Terrebonne Bay/Raccoon Island West/18June11Camera2-Card7-586.jpg,1724.67,1636.6,1750.67,1662.6,Bird
high_resolution_photos/2011/Terrebonne Bay/Raccoon Island West/18June11Camera2-Card7-586.jpg,1736.69,1636.6,1762.69,1662.6,Bird
high_resolution_photos/2011/Terrebonne Bay/Raccoon Island West/18June11Camera2-Card7-586.jpg,1118.15,1654.37,1144.15,1680.37,Bird
high_resolution_photos/2011/Terrebonne Bay/Raccoon Island West/18June11Camera2-Card7-586.jpg,1114.16,1674.33,1140.16,1700.33,Bird
high_resolution_photos/2011/Terrebonne Bay/Raccoon Island West/18June11Camera2-Card7-586.jpg,1778.72,1658.6,1804.72,1684.6,Bird
high_resolution_photos/2011/Terrebonne Bay/Raccoon Island West/18June11Camera2-Card7-586.jpg,2926.23,1683.02,2952.23,1709.02,Bird
high_resolution_photos/2011/Terrebonne Bay/Raccoon Island West/18June11Camera2-Card7-586.jpg,2926.09,1703.03,2952.09,1729.03,Bird
high_resolution_photos/2011/Terrebonne Bay/Raccoon Island West/18June11Camera2-Card7-586.jpg,2821.19,1772.98,2847.19,1798.98,Bird
high_resolution_photos/2011/Terrebonne Bay/Raccoon Island West/18June11Camera2-Card7-586.jpg,2833.23,1774.99,2859.23,1800.99,Bird
high_resolution_photos/2011/Biloxi South/Biloxi South 5 B/18May11Camera2-Card5-0081.jpg,374.09,313.83,410.09,349.83,LAGU site
high_resolution_photos/2011/Biloxi South/Biloxi South 5 B/18May11Camera2-Card5-0081.jpg,638.96,310.97,674.96,346.97,LAGU site
high_resolution_photos/2011/Biloxi South/Biloxi South 5 B/18May11Camera2-Card5-0081.jpg,1382.97,722.97,1418.97,758.97,SNEG bird
high_resolution_photos/2011/Biloxi South/Biloxi South 5 B/18May11Camera2-Card5-0081.jpg,1981.49,887.96,2017.49,923.96,LAGU site
high_resolution_photos/2011/Biloxi South/Biloxi South 5 B/18May11Camera2-Card5-0081.jpg,2799.0,880.96,2835.0,916.96,TRHE site
high_resolution_photos/2011/Biloxi South/Biloxi South 5 B/18May11Camera2-Card5-0081.jpg,1958.99,976.97,1994.99,1012.97,LAGU site
high_resolution_photos/2011/Biloxi South/Biloxi South 5 B/18May11Camera2-Card5-0081.jpg,2325.0,988.96,2361.0,1024.96,LAGU bird
high_resolution_photos/2011/Biloxi South/Biloxi South 5 B/18May11Camera2-Card5-0081.jpg,1583.84,1002.97,1619.84,1038.97,TRHE bird
high_resolution_photos/2011/Biloxi South/Biloxi South 5 B/18May11Camera2-Card5-0081.jpg,1944.99,1020.97,1980.99,1056.97,LAGU site
high_resolution_photos/2011/Biloxi South/Biloxi South 5 B/18May11Camera2-Card5-0081.jpg,1940.99,1024.97,1976.99,1060.97,LAGU site
high_resolution_photos/2011/Biloxi South/Biloxi South 5 B/18May11Camera2-Card5-0081.jpg,1376.98,1032.97,1412.98,1068.97,WHIB site
high_resolution_photos/2011/Biloxi South/Biloxi South 5 B/18May11Camera2-Card5-0081.jpg,1380.98,1036.97,1416.98,1072.97,WHIB site
high_resolution_photos/2011/Biloxi South/Biloxi South 5 B/18May11Camera2-Card5-0081.jpg,2323.0,1050.96,2359.0,1086.96,LAGU bird
high_resolution_photos/2011/Biloxi South/Biloxi South 5 B/18May11Camera2-Card5-0081.jpg,2309.0,1052.96,2345.0,1088.96,LAGU site
high_resolution_photos/2011/Biloxi South/Biloxi South 5 B/18May11Camera2-Card5-0081.jpg,2337.0,1052.96,2373.0,1088.96,LAGU bird
high_resolution_photos/2011/Biloxi South/Biloxi South 5 B/18May11Camera2-Card5-0081.jpg,2048.99,1136.97,2084.99,1172.97,LAGU bird
high_resolution_photos/2011/Biloxi South/Biloxi South 5 B/18May11Camera2-Card5-0081.jpg,2040.99,1156.97,2076.99,1192.97,LAGU site
high_resolution_photos/2011/Biloxi South/Biloxi South 5 B/18May11Camera2-Card5-0081.jpg,2056.99,1176.97,2092.99,1212.97,LAGU bird
high_resolution_photos/2011/Biloxi South/Biloxi South 5 B/18May11Camera2-Card5-0081.jpg,1950.59,1157.37,1986.59,1193.37,WHIB site
high_resolution_photos/2011/Biloxi South/Biloxi South 5 B/18May11Camera2-Card5-0081.jpg,1912.99,1196.97,1948.99,1232.97,LAGU site
high_resolution_photos/2011/Biloxi South/Biloxi South 5 B/18May11Camera2-Card5-0081.jpg,1924.99,1196.97,1960.99,1232.97,LAGU site
high_resolution_photos/2011/Biloxi South/Biloxi South 5 B/18May11Camera2-Card5-0081.jpg,1908.99,1200.97,1944.99,1236.97,LAGU site
high_resolution_photos/2011/Biloxi South/Biloxi South 5 B/18May11Camera2-Card5-0081.jpg,1985.11,1197.44,2021.11,1233.44,LAGU site
high_resolution_photos/2011/Biloxi South/Biloxi South 5 B/18May11Camera2-Card5-0081.jpg,2104.99,1228.97,2140.99,1264.97,LAGU bird
high_resolution_photos/2011/Biloxi South/Biloxi South 5 B/18May11Camera2-Card5-0081.jpg,2088.99,1232.97,2124.99,1268.97,LAGU bird
high_resolution_photos/2011/Biloxi South/Biloxi South 5 B/18May11Camera2-Card5-0081.jpg,2015.58,1235.56,2051.58,1271.56,LAGU bird
high_resolution_photos/2011/Biloxi South/Biloxi South 5 B/18May11Camera2-Card5-0081.jpg,2064.99,1268.97,2100.99,1304.97,LAGU bird
high_resolution_photos/2011/Biloxi South/Biloxi South 5 B/18May11Camera2-Card5-0081.jpg,2064.99,1276.97,2100.99,1312.97,LAGU site
high_resolution_photos/2011/Biloxi South/Biloxi South 5 B/18May11Camera2-Card5-0081.jpg,1924.87,1246.91,1960.87,1282.91,WHIB bird
high_resolution_photos/2011/Biloxi South/Biloxi South 5 B/18May11Camera2-Card5-0081.jpg,1869.43,1250.08,1905.43,1286.08,WHIB site
high_resolution_photos/2011/Biloxi South/Biloxi South 5 B/18May11Camera2-Card5-0081.jpg,2052.99,1288.97,2088.99,1324.97,LAGU site
high_resolution_photos/2011/Biloxi South/Biloxi South 5 B/18May11Camera2-Card5-0081.jpg,2048.99,1316.97,2084.99,1352.97,LAGU bird
high_resolution_photos/2011/Biloxi South/Biloxi South 5 B/18May11Camera2-Card5-0081.jpg,2799.01,1296.96,2835.01,1332.96,TRHE site
high_resolution_photos/2011/Biloxi South/Biloxi South 5 B/18May11Camera2-Card5-0081.jpg,2273.0,1336.97,2309.0,1372.97,LAGU bird
high_resolution_photos/2011/Biloxi South/Biloxi South 5 B/18May11Camera2-Card5-0081.jpg,2261.0,1344.97,2297.0,1380.97,LAGU site
high_resolution_photos/2011/Biloxi South/Biloxi South 5 B/18May11Camera2-Card5-0081.jpg,1989.79,1338.97,2025.79,1374.97,LAGU site
high_resolution_photos/2011/Biloxi South/Biloxi South 5 B/18May11Camera2-Card5-0081.jpg,1582.98,1354.98,1618.98,1390.98,LAGU site
high_resolution_photos/2011/Biloxi South/Biloxi South 5 B/18May11Camera2-Card5-0081.jpg,2032.99,1410.97,2068.99,1446.97,LAGU bird
high_resolution_photos/2011/Biloxi South/Biloxi South 5 B/18May11Camera2-Card5-0081.jpg,2045.0,1440.98,2081.0,1476.98,LAGU bird
high_resolution_photos/2011/Biloxi South/Biloxi South 5 B/18May11Camera2-Card5-0081.jpg,2004.24,1429.73,2040.24,1465.73,LAGU site
high_resolution_photos/2011/Biloxi South/Biloxi South 5 B/18May11Camera2-Card5-0081.jpg,2102.77,1452.53,2138.77,1488.53,LAGU site
high_resolution_photos/2011/Biloxi South/Biloxi South 5 B/18May11Camera2-Card5-0081.jpg,2301.0,1464.97,2337.0,1500.97,LAGU bird
high_resolution_photos/2011/Biloxi South/Biloxi South 5 B/18May11Camera2-Card5-0081.jpg,2301.0,1476.97,2337.0,1512.97,LAGU site
high_resolution_photos/2011/Biloxi South/Biloxi South 5 B/18May11Camera2-Card5-0081.jpg,2033.0,1516.98,2069.0,1552.98,LAGU bird
high_resolution_photos/2011/Biloxi South/Biloxi South 5 B/18May11Camera2-Card5-0081.jpg,2089.0,1460.98,2125.0,1496.98,LAGU site
high_resolution_photos/2011/Biloxi South/Biloxi South 5 B/18May11Camera2-Card5-0081.jpg,2081.0,1468.98,2117.0,1504.98,LAGU site
high_resolution_photos/2011/Biloxi South/Biloxi South 5 B/18May11Camera2-Card5-0081.jpg,1380.98,1472.98,1416.98,1508.98,LAGU site
high_resolution_photos/2011/Biloxi South/Biloxi South 5 B/18May11Camera2-Card5-0081.jpg,1949.79,1510.98,1985.79,1546.98,LAGU bird
high_resolution_photos/2011/Biloxi South/Biloxi South 5 B/18May11Camera2-Card5-0081.jpg,1710.99,1564.98,1746.99,1600.98,LAGU bird
high_resolution_photos/2011/Biloxi South/Biloxi South 5 B/18May11Camera2-Card5-0081.jpg,1723.66,1567.65,1759.66,1603.65,LAGU bird
high_resolution_photos/2011/Biloxi South/Biloxi South 5 B/18May11Camera2-Card5-0081.jpg,1838.99,1552.98,1874.99,1588.98,LAGU site
high_resolution_photos/2011/Biloxi South/Biloxi South 5 B/18May11Camera2-Card5-0081.jpg,1150.98,1582.99,1186.98,1618.99,LAGU site
high_resolution_photos/2011/Biloxi South/Biloxi South 5 B/18May11Camera2-Card5-0081.jpg,1912.99,1600.98,1948.99,1636.98,LAGU site
high_resolution_photos/2011/Biloxi South/Biloxi South 5 B/18May11Camera2-Card5-0081.jpg,1904.99,1608.98,1940.99,1644.98,LAGU site
high_resolution_photos/2011/Biloxi South/Biloxi South 5 B/18May11Camera2-Card5-0081.jpg,1999.0,1612.98,2035.0,1648.98,LAGU site
high_resolution_photos/2011/Biloxi South/Biloxi South 5 B/18May11Camera2-Card5-0081.jpg,1274.98,1634.99,1310.98,1670.99,LAGU bird
high_resolution_photos/2011/Biloxi South/Biloxi South 5 B/18May11Camera2-Card5-0081.jpg,1260.98,1636.99,1296.98,1672.99,LAGU site
high_resolution_photos/2011/Biloxi South/Biloxi South 5 B/18May11Camera2-Card5-0081.jpg,2022.53,1622.52,2058.53,1658.52,LAGU site
high_resolution_photos/2011/Biloxi South/Biloxi South 5 B/18May11Camera2-Card5-0081.jpg,1198.98,1634.99,1234.98,1670.99,LAGU site
high_resolution_photos/2011/Biloxi South/Biloxi South 5 B/18May11Camera2-Card5-0081.jpg,2061.8,1654.98,2097.8,1690.98,LAGU site
high_resolution_photos/2011/Biloxi South/Biloxi South 5 B/18May11Camera2-Card5-0081.jpg,1095.65,1683.66,1131.65,1719.66,LAGU bird
high_resolution_photos/2011/Biloxi South/Biloxi South 5 B/18May11Camera2-Card5-0081.jpg,1112.98,1682.99,1148.98,1718.99,LAGU site
high_resolution_photos/2011/Biloxi South/Biloxi South 5 B/18May11Camera2-Card5-0081.jpg,1052.98,1698.99,1088.98,1734.99,LAGU site
high_resolution_photos/2011/Biloxi South/Biloxi South 5 B/18May11Camera2-Card5-0081.jpg,1070.98,1696.99,1106.98,1732.99,LAGU bird
high_resolution_photos/2011/Biloxi South/Biloxi South 5 B/18May11Camera2-Card5-0081.jpg,1150.98,1678.99,1186.98,1714.99,LAGU site
high_resolution_photos/2011/Biloxi South/Biloxi South 5 B/18May11Camera2-Card5-0081.jpg,2149.0,1688.98,2185.0,1724.98,LAGU bird
high_resolution_photos/2011/Biloxi South/Biloxi South 5 B/18May11Camera2-Card5-0081.jpg,2065.0,1704.98,2101.0,1740.98,LAGU bird
high_resolution_photos/2011/Biloxi South/Biloxi South 5 B/18May11Camera2-Card5-0081.jpg,2085.0,1708.98,2121.0,1744.98,LAGU bird
high_resolution_photos/2011/Biloxi South/Biloxi South 5 B/18May11Camera2-Card5-0081.jpg,2085.0,1728.98,2121.0,1764.98,LAGU bird
high_resolution_photos/2011/Biloxi South/Biloxi South 5 B/18May11Camera2-Card5-0081.jpg,2091.0,1742.98,2127.0,1778.98,LAGU bird
high_resolution_photos/2011/Biloxi South/Biloxi South 5 B/18May11Camera2-Card5-0081.jpg,1928.63,1702.44,1964.63,1738.44,LAGU site
high_resolution_photos/2011/Biloxi South/Biloxi South 5 B/18May11Camera2-Card5-0081.jpg,1983.0,1702.98,2019.0,1738.98,LAGU site
high_resolution_photos/2011/Biloxi South/Biloxi South 5 B/18May11Camera2-Card5-0081.jpg,1904.19,1714.98,1940.19,1750.98,LAGU site
high_resolution_photos/2011/Biloxi South/Biloxi South 5 B/18May11Camera2-Card5-0081.jpg,1220.98,1750.99,1256.98,1786.99,LAGU bird
high_resolution_photos/2011/Biloxi South/Biloxi South 5 B/18May11Camera2-Card5-0081.jpg,1236.98,1748.99,1272.98,1784.99,LAGU bird
high_resolution_photos/2011/Biloxi South/Biloxi South 5 B/18May11Camera2-Card5-0081.jpg,1915.0,1746.98,1951.0,1782.98,LAGU bird
high_resolution_photos/2011/Biloxi South/Biloxi South 5 B/18May11Camera2-Card5-0081.jpg,1918.14,1774.7,1954.14,1810.7,LAGU site
high_resolution_photos/2011/Biloxi South/Biloxi South 5 B/18May11Camera2-Card5-0081.jpg,1003.38,1743.39,1039.38,1779.39,TRHE site
high_resolution_photos/2011/Biloxi South/Biloxi South 5 B/18May11Camera2-Card5-0081.jpg,1182.98,1758.99,1218.98,1794.99,LAGU site
high_resolution_photos/2011/Biloxi South/Biloxi South 5 B/18May11Camera2-Card5-0081.jpg,1981.0,1766.98,2017.0,1802.98,LAGU site
high_resolution_photos/2011/Biloxi South/Biloxi South 5 B/18May11Camera2-Card5-0081.jpg,1148.98,1804.99,1184.98,1840.99,LAGU bird
high_resolution_photos/2011/Biloxi South/Biloxi South 5 B/18May11Camera2-Card5-0081.jpg,1110.98,1816.99,1146.98,1852.99,LAGU bird
high_resolution_photos/2011/Biloxi South/Biloxi South 5 B/18May11Camera2-Card5-0081.jpg,2115.0,1804.98,2151.0,1840.98,LAGU site
high_resolution_photos/2011/Biloxi South/Biloxi South 5 B/18May11Camera2-Card5-0081.jpg,1286.98,1810.99,1322.98,1846.99,LAGU site
high_resolution_photos/2011/Biloxi South/Biloxi South 5 B/18May11Camera2-Card5-0081.jpg,1198.98,1836.99,1234.98,1872.99,LAGU site
high_resolution_photos/2011/Biloxi South/Biloxi South 5 B/18May11Camera2-Card5-0081.jpg,1060.98,1872.99,1096.98,1908.99,LAGU bird
high_resolution_photos/2011/Biloxi South/Biloxi South 5 B/18May11Camera2-Card5-0081.jpg,1076.98,1904.99,1112.98,1940.99,LAGU bird
high_resolution_photos/2011/Biloxi South/Biloxi South 5 B/18May11Camera2-Card5-0081.jpg,1214.98,1868.99,1250.98,1904.99,LAGU site
high_resolution_photos/2011/Biloxi South/Biloxi South 5 B/18May11Camera2-Card5-0081.jpg,2037.0,1866.98,2073.0,1902.98,LAGU site
high_resolution_photos/2011/Biloxi South/Biloxi South 5 B/18May11Camera2-Card5-0081.jpg,1119.84,1890.42,1155.84,1926.42,LAGU site
high_resolution_photos/2011/Biloxi South/Biloxi South 5 B/18May11Camera2-Card5-0081.jpg,2091.67,1898.32,2127.67,1934.32,LAGU bird
high_resolution_photos/2011/Biloxi South/Biloxi South 5 B/18May11Camera2-Card5-0081.jpg,2113.0,1940.98,2149.0,1976.98,LAGU site
high_resolution_photos/2011/Biloxi South/Biloxi South 5 B/18May11Camera2-Card5-0081.jpg,942.98,1895.0,978.98,1931.0,LAGU site
high_resolution_photos/2011/Biloxi South/Biloxi South 5 B/18May11Camera2-Card5-0081.jpg,1139.91,1899.39,1175.91,1935.39,LAGU site
high_resolution_photos/2011/Biloxi South/Biloxi South 5 B/18May11Camera2-Card5-0081.jpg,2157.0,1908.98,2193.0,1944.98,LAGU bird
high_resolution_photos/2011/Biloxi South/Biloxi South 5 B/18May11Camera2-Card5-0081.jpg,2159.0,1924.98,2195.0,1960.98,LAGU bird
high_resolution_photos/2011/Biloxi South/Biloxi South 5 B/18May11Camera2-Card5-0081.jpg,1184.18,1918.99,1220.18,1954.99,LAGU site
high_resolution_photos/2011/Biloxi South/Biloxi South 5 B/18May11Camera2-Card5-0081.jpg,1231.65,1943.44,1267.65,1979.44,LAGU site
high_resolution_photos/2011/Biloxi South/Biloxi South 5 B/18May11Camera2-Card5-0081.jpg,1989.0,1936.99,2025.0,1972.99,LAGU bird
high_resolution_photos/2011/Biloxi South/Biloxi South 5 B/18May11Camera2-Card5-0081.jpg,1989.0,1956.99,2025.0,1992.99,LAGU bird
high_resolution_photos/2011/Biloxi South/Biloxi South 5 B/18May11Camera2-Card5-0081.jpg,1979.0,1984.99,2015.0,2020.99,LAGU bird
high_resolution_photos/2011/Biloxi South/Biloxi South 5 B/18May11Camera2-Card5-0081.jpg,1296.99,1960.99,1332.99,1996.99,LAGU bird
high_resolution_photos/2011/Biloxi South/Biloxi South 5 B/18May11Camera2-Card5-0081.jpg,1256.98,1972.99,1292.98,2008.99,LAGU bird
high_resolution_photos/2011/Biloxi South/Biloxi South 5 B/18May11Camera2-Card5-0081.jpg,1252.98,1984.99,1288.98,2020.99,LAGU site
high_resolution_photos/2011/Biloxi South/Biloxi South 5 B/18May11Camera2-Card5-0081.jpg,1252.98,1992.99,1288.98,2028.99,LAGU site
high_resolution_photos/2011/Biloxi South/Biloxi South 5 B/18May11Camera2-Card5-0081.jpg,1188.98,1952.99,1224.98,1988.99,LAGU site
high_resolution_photos/2011/Biloxi South/Biloxi South 5 B/18May11Camera2-Card5-0081.jpg,1188.98,1985.0,1224.98,2021.0,LAGU site
high_resolution_photos/2011/Biloxi South/Biloxi South 5 B/18May11Camera2-Card5-0081.jpg,2188.67,1964.65,2224.67,2000.65,LAGU site
high_resolution_photos/2011/Biloxi South/Biloxi South 5 B/18May11Camera2-Card5-0081.jpg,2097.0,1976.99,2133.0,2012.99,LAGU site
high_resolution_photos/2011/Biloxi South/Biloxi South 5 B/18May11Camera2-Card5-0081.jpg,2105.0,1984.99,2141.0,2020.99,LAGU bird
high_resolution_photos/2011/Biloxi South/Biloxi South 5 B/18May11Camera2-Card5-0081.jpg,2109.0,1988.99,2145.0,2024.99,LAGU bird
high_resolution_photos/2011/Biloxi South/Biloxi South 5 B/18May11Camera2-Card5-0081.jpg,2114.34,1995.65,2150.34,2031.65,LAGU bird
high_resolution_photos/2011/Biloxi South/Biloxi South 5 B/18May11Camera2-Card5-0081.jpg,2121.0,2000.99,2157.0,2036.99,LAGU bird
high_resolution_photos/2011/Biloxi South/Biloxi South 5 B/18May11Camera2-Card5-0081.jpg,2125.0,2004.99,2161.0,2040.99,LAGU bird
high_resolution_photos/2011/Biloxi South/Biloxi South 5 B/18May11Camera2-Card5-0081.jpg,2129.0,2008.99,2165.0,2044.99,LAGU bird
high_resolution_photos/2011/Biloxi South/Biloxi South 5 B/18May11Camera2-Card5-0081.jpg,2239.0,1976.98,2275.0,2012.98,LAGU site
high_resolution_photos/2011/Biloxi South/Biloxi South 5 B/18May11Camera2-Card5-0081.jpg,1054.98,1985.0,1090.98,2021.0,LAGU bird
high_resolution_photos/2011/Biloxi South/Biloxi South 5 B/18May11Camera2-Card5-0081.jpg,1054.98,2001.0,1090.98,2037.0,LAGU bird
high_resolution_photos/2011/Biloxi South/Biloxi South 5 B/18May11Camera2-Card5-0081.jpg,1740.63,1998.44,1776.63,2034.44,LAGU site
high_resolution_photos/2011/Biloxi South/Biloxi South 5 B/18May11Camera2-Card5-0081.jpg,1931.0,2012.99,1967.0,2048.99,LAGU bird
high_resolution_photos/2011/Biloxi South/Biloxi South 5 B/18May11Camera2-Card5-0081.jpg,1937.0,2016.99,1973.0,2052.99,LAGU bird
high_resolution_photos/2011/Biloxi South/Biloxi South 5 B/18May11Camera2-Card5-0081.jpg,1150.98,2023.0,1186.98,2059.0,LAGU site
high_resolution_photos/2011/Biloxi South/Biloxi South 5 B/18May11Camera2-Card5-0081.jpg,1104.98,2033.0,1140.98,2069.0,LAGU bird
high_resolution_photos/2011/Biloxi South/Biloxi South 5 B/18May11Camera2-Card5-0081.jpg,1088.98,2045.0,1124.98,2081.0,LAGU bird
high_resolution_photos/2011/Biloxi South/Biloxi South 5 B/18May11Camera2-Card5-0081.jpg,1190.98,2033.0,1226.98,2069.0,LAGU site
high_resolution_photos/2011/Biloxi South/Biloxi South 5 B/18May11Camera2-Card5-0081.jpg,1989.0,2048.99,2025.0,2084.99,LAGU bird
high_resolution_photos/2011/Biloxi South/Biloxi South 5 B/18May11Camera2-Card5-0081.jpg,2005.0,2048.99,2041.0,2084.99,LAGU bird
high_resolution_photos/2011/Biloxi South/Biloxi South 5 B/18May11Camera2-Card5-0081.jpg,2023.0,2056.99,2059.0,2092.99,LAGU bird
high_resolution_photos/2011/Biloxi South/Biloxi South 5 B/18May11Camera2-Card5-0081.jpg,2129.32,2058.43,2165.32,2094.43,LAGU bird
high_resolution_photos/2011/Biloxi South/Biloxi South 5 B/18May11Camera2-Card5-0081.jpg,1286.99,2069.0,1322.99,2105.0,LAGU site
high_resolution_photos/2011/Biloxi South/Biloxi South 5 B/18May11Camera2-Card5-0081.jpg,2223.0,2066.99,2259.0,2102.99,LAGU site
high_resolution_photos/2011/Biloxi South/Biloxi South 5 B/18May11Camera2-Card5-0081.jpg,2052.46,2116.99,2088.46,2152.99,LAGU site
high_resolution_photos/2011/Biloxi South/Biloxi South 5 B/18May11Camera2-Card5-0081.jpg,2193.01,2140.99,2229.01,2176.99,LAGU bird
high_resolution_photos/2011/Biloxi South/Biloxi South 5 B/18May11Camera2-Card5-0081.jpg,2203.01,2144.99,2239.01,2180.99,LAGU bird
high_resolution_photos/2011/Biloxi South/Biloxi South 5 B/18May11Camera2-Card5-0081.jpg,2009.0,2140.99,2045.0,2176.99,LAGU site
high_resolution_photos/2011/Biloxi South/Biloxi South 5 B/18May11Camera2-Card5-0081.jpg,2017.0,2168.99,2053.0,2204.99,LAGU bird
high_resolution_photos/2011/Biloxi South/Biloxi South 5 B/18May11Camera2-Card5-0081.jpg,2057.0,2176.99,2093.0,2212.99,LAGU site
high_resolution_photos/2011/Biloxi South/Biloxi South 5 B/18May11Camera2-Card5-0081.jpg,2109.0,2188.99,2145.0,2224.99,LAGU bird
high_resolution_photos/2011/Biloxi South/Biloxi South 5 B/18May11Camera2-Card5-0081.jpg,2053.0,2202.99,2089.0,2238.99,LAGU bird
high_resolution_photos/2011/Biloxi South/Biloxi South 5 B/18May11Camera2-Card5-0081.jpg,2089.0,2200.99,2125.0,2236.99,LAGU site
high_resolution_photos/2011/Biloxi South/Biloxi South 5 B/18May11Camera2-Card5-0081.jpg,2279.67,2158.99,2315.67,2194.99,LAGU site
high_resolution_photos/2011/Biloxi South/Biloxi South 5 B/18May11Camera2-Card5-0081.jpg,1540.99,2205.0,1576.99,2241.0,LAGU bird
high_resolution_photos/2011/Biloxi South/Biloxi South 5 B/18May11Camera2-Card5-0081.jpg,1542.99,2221.0,1578.99,2257.0,LAGU site
high_resolution_photos/2011/Biloxi South/Biloxi South 5 B/18May11Camera2-Card5-0081.jpg,2231.01,2201.56,2267.01,2237.56,LAGU site
high_resolution_photos/2011/Biloxi South/Biloxi South 5 B/18May11Camera2-Card5-0081.jpg,1956.88,2207.82,1992.88,2243.82,LAGU site
high_resolution_photos/2011/Biloxi South/Biloxi South 5 B/18May11Camera2-Card5-0081.jpg,2217.01,2219.28,2253.01,2255.28,LAGU site
high_resolution_photos/2011/Biloxi South/Biloxi South 5 B/18May11Camera2-Card5-0081.jpg,2182.46,2252.63,2218.46,2288.63,LAGU site
high_resolution_photos/2011/Biloxi South/Biloxi South 5 B/18May11Camera2-Card5-0081.jpg,1741.0,2267.0,1777.0,2303.0,LAGU site
high_resolution_photos/2011/Biloxi South/Biloxi South 5 A/18May11Camera2-Card5-0027.jpg,995.58,3.09,1018.58,26.09,LAGU bird
high_resolution_photos/2011/Biloxi South/Biloxi South 5 A/18May11Camera2-Card5-0027.jpg,1027.58,11.09,1050.58,34.09,LAGU bird
high_resolution_photos/2011/Biloxi South/Biloxi South 5 A/18May11Camera2-Card5-0027.jpg,1563.61,35.17,1586.61,58.17,LAGU bird
high_resolution_photos/2011/Biloxi South/Biloxi South 5 A/18May11Camera2-Card5-0027.jpg,663.53,207.06,686.53,230.06,LAGU bird
high_resolution_photos/2011/Biloxi South/Biloxi South 5 A/18May11Camera2-Card5-0027.jpg,495.51,263.04,518.51,286.04,LAGU bird
high_resolution_photos/2011/Biloxi South/Biloxi South 5 A/18May11Camera2-Card5-0027.jpg,459.51,279.03,482.51,302.03,LAGU bird
high_resolution_photos/2011/Biloxi South/Biloxi South 5 A/18May11Camera2-Card5-0027.jpg,451.51,283.03,474.51,306.03,LAGU bird
high_resolution_photos/2011/Biloxi South/Biloxi South 5 A/18May11Camera2-Card5-0027.jpg,371.5,319.02,394.5,342.02,LAGU bird
high_resolution_photos/2011/Biloxi South/Biloxi South 5 A/18May11Camera2-Card5-0027.jpg,314.69,346.22,337.69,369.22,LAGU site
high_resolution_photos/2011/Biloxi South/Biloxi South 5 A/18May11Camera2-Card5-0027.jpg,303.48,371.02,326.48,394.02,LAGU bird
high_resolution_photos/2011/Biloxi South/Biloxi South 5 A/18May11Camera2-Card5-0027.jpg,291.48,407.02,314.48,430.02,LAGU site
high_resolution_photos/2011/Biloxi South/Biloxi South 5 A/18May11Camera2-Card5-0027.jpg,283.48,429.02,306.48,452.02,LAGU bird
high_resolution_photos/2011/Biloxi South/Biloxi South 5 A/18May11Camera2-Card5-0027.jpg,279.47,443.02,302.47,466.02,LAGU bird
high_resolution_photos/2011/Biloxi South/Biloxi South 5 A/18May11Camera2-Card5-0027.jpg,275.47,459.02,298.47,482.02,LAGU bird
high_resolution_photos/2011/Biloxi South/Biloxi South 5 A/18May11Camera2-Card5-0027.jpg,271.47,469.02,294.47,492.02,LAGU site
high_resolution_photos/2011/Biloxi South/Biloxi South 5 A/18May11Camera2-Card5-0027.jpg,267.47,481.02,290.47,504.02,LAGU bird
high_resolution_photos/2011/Biloxi South/Biloxi South 5 A/18May11Camera2-Card5-0027.jpg,263.47,491.02,286.47,514.02,LAGU site
high_resolution_photos/2011/Biloxi South/Biloxi South 5 A/18May11Camera2-Card5-0027.jpg,2073.64,31.23,2096.64,54.23,LAGU site
high_resolution_photos/2011/Biloxi South/Biloxi South 5 A/18May11Camera2-Card5-0027.jpg,2183.65,31.25,2206.65,54.25,LAGU bird
high_resolution_photos/2011/Biloxi South/Biloxi South 5 A/18May11Camera2-Card5-0027.jpg,2247.65,31.26,2270.65,54.26,LAGU bird
high_resolution_photos/2011/Biloxi South/Biloxi South 5 A/18May11Camera2-Card5-0027.jpg,2299.65,31.26,2322.65,54.26,LAGU site
high_resolution_photos/2011/Biloxi South/Biloxi South 5 A/18May11Camera2-Card5-0027.jpg,2423.66,31.28,2446.66,54.28,LAGU site
high_resolution_photos/2011/Biloxi South/Biloxi South 5 A/18May11Camera2-Card5-0027.jpg,2441.66,35.28,2464.66,58.28,LAGU bird
high_resolution_photos/2011/Biloxi South/Biloxi South 5 A/18May11Camera2-Card5-0027.jpg,2459.66,35.29,2482.66,58.29,LAGU site
high_resolution_photos/2011/Biloxi South/Biloxi South 5 A/18May11Camera2-Card5-0027.jpg,2527.67,35.3,2550.67,58.3,LAGU site
high_resolution_photos/2011/Biloxi South/Biloxi South 5 A/18May11Camera2-Card5-0027.jpg,2591.67,35.3,2614.67,58.3,LAGU bird
high_resolution_photos/2011/Biloxi South/Biloxi South 5 A/18May11Camera2-Card5-0027.jpg,2651.67,35.31,2674.67,58.31,LAGU site
high_resolution_photos/2011/Biloxi South/Biloxi South 5 A/18May11Camera2-Card5-0027.jpg,2723.68,35.32,2746.68,58.32,LAGU site
high_resolution_photos/2011/Biloxi South/Biloxi South 5 A/18May11Camera2-Card5-0027.jpg,2747.68,35.32,2770.68,58.32,LAGU site
high_resolution_photos/2011/Biloxi South/Biloxi South 5 A/18May11Camera2-Card5-0027.jpg,2767.68,35.33,2790.68,58.33,LAGU bird
high_resolution_photos/2011/Biloxi South/Biloxi South 5 A/18May11Camera2-Card5-0027.jpg,2811.68,35.33,2834.68,58.33,LAGU bird
high_resolution_photos/2011/Biloxi South/Biloxi South 5 A/18May11Camera2-Card5-0027.jpg,2851.69,35.34,2874.69,58.34,LAGU bird
high_resolution_photos/2011/Biloxi South/Biloxi South 5 A/18May11Camera2-Card5-0027.jpg,2905.69,35.35,2928.69,58.35,LAGU site
high_resolution_photos/2011/Biloxi South/Biloxi South 5 A/18May11Camera2-Card5-0027.jpg,2951.69,35.35,2974.69,58.35,LAGU bird
high_resolution_photos/2011/Biloxi South/Biloxi South 5 A/18May11Camera2-Card5-0027.jpg,3443.72,35.42,3466.72,58.42,LAGU bird
high_resolution_photos/2011/Biloxi South/Biloxi South 5 A/18May11Camera2-Card5-0027.jpg,2707.68,39.32,2730.68,62.32,LAGU bird
high_resolution_photos/2011/Biloxi South/Biloxi South 5 A/18May11Camera2-Card5-0027.jpg,2983.69,39.36,3006.69,62.36,LAGU bird
high_resolution_photos/2011/Biloxi South/Biloxi South 5 A/18May11Camera2-Card5-0027.jpg,3035.7,39.36,3058.7,62.36,LAGU bird
high_resolution_photos/2011/Biloxi South/Biloxi South 5 A/18May11Camera2-Card5-0027.jpg,3067.7,39.37,3090.7,62.37,LAGU bird
high_resolution_photos/2011/Biloxi South/Biloxi South 5 A/18May11Camera2-Card5-0027.jpg,3097.7,39.37,3120.7,62.37,LAGU bird
high_resolution_photos/2011/Biloxi South/Biloxi South 5 A/18May11Camera2-Card5-0027.jpg,3241.71,43.39,3264.71,66.39,LAGU site
high_resolution_photos/2011/Biloxi South/Biloxi South 5 A/18May11Camera2-Card5-0027.jpg,3251.71,65.39,3274.71,88.39,LAGU site
high_resolution_photos/2011/Biloxi South/Biloxi South 5 A/18May11Camera2-Card5-0027.jpg,3255.7,79.4,3278.7,102.4,LAGU site
high_resolution_photos/2011/Biloxi South/Biloxi South 5 A/18May11Camera2-Card5-0027.jpg,3259.7,87.4,3282.7,110.4,LAGU site
high_resolution_photos/2011/Biloxi South/Biloxi South 5 A/18May11Camera2-Card5-0027.jpg,3275.7,125.4,3298.7,148.4,LAGU site
high_resolution_photos/2011/Biloxi South/Biloxi South 5 A/18May11Camera2-Card5-0027.jpg,3279.7,139.4,3302.7,162.4,LAGU site
high_resolution_photos/2011/Biloxi South/Biloxi South 5 A/18May11Camera2-Card5-0027.jpg,3283.7,143.4,3306.7,166.4,LAGU site
high_resolution_photos/2011/Biloxi South/Biloxi South 5 A/18May11Camera2-Card5-0027.jpg,3291.62,701.44,3314.62,724.44,LAGU bird
high_resolution_photos/2011/Biloxi South/Biloxi South 5 A/18May11Camera2-Card5-0027.jpg,3295.62,719.44,3318.62,742.44,LAGU site
high_resolution_photos/2011/Biloxi South/Biloxi South 5 A/18May11Camera2-Card5-0027.jpg,3315.61,839.45,3338.61,862.45,LAGU site
high_resolution_photos/2011/Biloxi South/Biloxi South 5 A/18May11Camera2-Card5-0027.jpg,3323.6,899.45,3346.6,922.45,LAGU site
high_resolution_photos/2011/Biloxi South/Biloxi South 5 A/18May11Camera2-Card5-0027.jpg,3327.59,937.46,3350.59,960.46,LAGU site
high_resolution_photos/2011/Biloxi South/Biloxi South 5 A/18May11Camera2-Card5-0027.jpg,3331.59,945.46,3354.59,968.46,LAGU site
high_resolution_photos/2011/Biloxi South/Biloxi South 5 A/18May11Camera2-Card5-0027.jpg,3299.56,1187.47,3322.56,1210.47,LAGU bird
high_resolution_photos/2011/Biloxi South/Biloxi South 5 A/18May11Camera2-Card5-0027.jpg,3291.55,1223.47,3314.55,1246.47,LAGU bird
high_resolution_photos/2011/Biloxi South/Biloxi South 5 A/18May11Camera2-Card5-0027.jpg,3275.54,1289.47,3298.54,1312.47,LAGU bird
high_resolution_photos/2011/Biloxi South/Biloxi South 5 A/18May11Camera2-Card5-0027.jpg,3251.53,1413.48,3274.53,1436.48,LAGU bird
high_resolution_photos/2011/Biloxi South/Biloxi South 5 A/18May11Camera2-Card5-0027.jpg,3247.52,1455.48,3270.52,1478.48,LAGU site
high_resolution_photos/2011/Biloxi South/Biloxi South 5 A/18May11Camera2-Card5-0027.jpg,2967.44,1927.47,2990.44,1950.47,LAGU bird
high_resolution_photos/2011/Biloxi South/Biloxi South 5 A/18May11Camera2-Card5-0027.jpg,3121.45,1931.49,3144.45,1954.49,LAGU bird
high_resolution_photos/2011/Biloxi South/Biloxi South 5 A/18May11Camera2-Card5-0027.jpg,3227.45,1931.51,3250.45,1954.51,LAGU bird
high_resolution_photos/2011/Biloxi South/Biloxi South 5 A/18May11Camera2-Card5-0027.jpg,2559.4,2067.42,2582.4,2090.42,LAGU bird
high_resolution_photos/2011/Biloxi South/Biloxi South 5 A/18May11Camera2-Card5-0027.jpg,2631.4,2067.43,2654.4,2090.43,LAGU bird
high_resolution_photos/2011/Biloxi South/Biloxi South 5 A/18May11Camera2-Card5-0027.jpg,2653.4,2071.44,2676.4,2094.44,LAGU bird
high_resolution_photos/2011/Biloxi South/Biloxi South 5 A/18May11Camera2-Card5-0027.jpg,2685.4,2071.44,2708.4,2094.44,LAGU site
high_resolution_photos/2011/Biloxi South/Biloxi South 5 A/18May11Camera2-Card5-0027.jpg,2709.4,2071.44,2732.4,2094.44,LAGU site
high_resolution_photos/2011/Biloxi South/Biloxi South 5 A/18May11Camera2-Card5-0027.jpg,2791.41,2073.46,2814.41,2096.46,LAGU site
high_resolution_photos/2011/Biloxi South/Biloxi South 5 A/18May11Camera2-Card5-0027.jpg,2463.39,2075.41,2486.39,2098.41,LAGU bird
high_resolution_photos/2011/Biloxi South/Biloxi South 5 A/18May11Camera2-Card5-0027.jpg,2399.38,2083.4,2422.38,2106.4,LAGU bird
high_resolution_photos/2011/Biloxi South/Biloxi South 5 A/18May11Camera2-Card5-0027.jpg,1056.98,59.57,1079.98,82.57,LAGU site
high_resolution_photos/2011/Biloxi South/Biloxi South 5 A/18May11Camera2-Card5-0027.jpg,1406.39,76.35,1429.39,99.35,LAGU site
high_resolution_photos/2011/Biloxi South/Biloxi South 5 A/18May11Camera2-Card5-0027.jpg,955.56,93.09,978.56,116.09,LAGU site
high_resolution_photos/2011/Biloxi South/Biloxi South 5 A/18May11Camera2-Card5-0027.jpg,1291.58,111.13,1314.58,134.13,LAGU bird
high_resolution_photos/2011/Biloxi South/Biloxi South 5 A/18May11Camera2-Card5-0027.jpg,1295.58,115.14,1318.58,138.14,LAGU bird
high_resolution_photos/2011/Biloxi South/Biloxi South 5 A/18May11Camera2-Card5-0027.jpg,1472.09,101.16,1495.09,124.16,LAGU site
high_resolution_photos/2011/Biloxi South/Biloxi South 5 A/18May11Camera2-Card5-0027.jpg,951.56,105.09,974.56,128.09,LAGU site
high_resolution_photos/2011/Biloxi South/Biloxi South 5 A/18May11Camera2-Card5-0027.jpg,920.35,129.49,943.35,152.49,LAGU site
high_resolution_photos/2011/Biloxi South/Biloxi South 5 A/18May11Camera2-Card5-0027.jpg,875.05,170.58,898.05,193.58,LAGU site
high_resolution_photos/2011/Biloxi South/Biloxi South 5 A/18May11Camera2-Card5-0027.jpg,875.54,185.08,898.54,208.08,LAGU site
high_resolution_photos/2011/Biloxi South/Biloxi South 5 A/18May11Camera2-Card5-0027.jpg,1191.06,186.63,1214.06,209.63,LAGU site
high_resolution_photos/2011/Biloxi South/Biloxi South 5 A/18May11Camera2-Card5-0027.jpg,1499.58,223.17,1522.58,246.17,LAGU site
high_resolution_photos/2011/Biloxi South/Biloxi South 5 A/18May11Camera2-Card5-0027.jpg,1503.58,227.17,1526.58,250.17,LAGU site
high_resolution_photos/2011/Biloxi South/Biloxi South 5 A/18May11Camera2-Card5-0027.jpg,1507.58,235.17,1530.58,258.17,LAGU site
high_resolution_photos/2011/Biloxi South/Biloxi South 5 A/18May11Camera2-Card5-0027.jpg,1563.58,245.18,1586.58,268.18,LAGU site
high_resolution_photos/2011/Biloxi South/Biloxi South 5 A/18May11Camera2-Card5-0027.jpg,1030.12,259.68,1053.12,282.68,LAGU site
high_resolution_photos/2011/Biloxi South/Biloxi South 5 A/18May11Camera2-Card5-0027.jpg,1208.02,289.96,1231.02,312.96,LAGU site
high_resolution_photos/2011/Biloxi South/Biloxi South 5 A/18May11Camera2-Card5-0027.jpg,914.2,300.65,937.2,323.65,LAGU site
high_resolution_photos/2011/Biloxi South/Biloxi South 5 A/18May11Camera2-Card5-0027.jpg,548.26,324.3,571.26,347.3,LAGU bird
high_resolution_photos/2011/Biloxi South/Biloxi South 5 A/18May11Camera2-Card5-0027.jpg,1435.56,323.17,1458.56,346.17,LAGU site
high_resolution_photos/2011/Biloxi South/Biloxi South 5 A/18May11Camera2-Card5-0027.jpg,1256.61,351.41,1279.61,374.41,LAGU site
high_resolution_photos/2011/Biloxi South/Biloxi South 5 A/18May11Camera2-Card5-0027.jpg,1624.73,361.69,1647.73,384.69,LAGU site
high_resolution_photos/2011/Biloxi South/Biloxi South 5 A/18May11Camera2-Card5-0027.jpg,1498.99,365.46,1521.99,388.46,LAGU site
high_resolution_photos/2011/Biloxi South/Biloxi South 5 A/18May11Camera2-Card5-0027.jpg,525.5,371.05,548.5,394.05,LAGU site
high_resolution_photos/2011/Biloxi South/Biloxi South 5 A/18May11Camera2-Card5-0027.jpg,1587.56,367.19,1610.56,390.19,LAGU site
high_resolution_photos/2011/Biloxi South/Biloxi South 5 A/18May11Camera2-Card5-0027.jpg,971.52,375.11,994.52,398.11,LAGU site
high_resolution_photos/2011/Biloxi South/Biloxi South 5 A/18May11Camera2-Card5-0027.jpg,1536.36,385.58,1559.36,408.58,LAGU site
high_resolution_photos/2011/Biloxi South/Biloxi South 5 A/18May11Camera2-Card5-0027.jpg,1493.55,439.18,1516.55,462.18,LAGU bird
high_resolution_photos/2011/Biloxi South/Biloxi South 5 A/18May11Camera2-Card5-0027.jpg,1495.55,459.18,1518.55,482.18,LAGU bird
high_resolution_photos/2011/Biloxi South/Biloxi South 5 A/18May11Camera2-Card5-0027.jpg,1436.64,438.08,1459.64,461.08,LAGU site
high_resolution_photos/2011/Biloxi South/Biloxi South 5 A/18May11Camera2-Card5-0027.jpg,2905.64,433.37,2928.64,456.37,LAGU site
high_resolution_photos/2011/Biloxi South/Biloxi South 5 A/18May11Camera2-Card5-0027.jpg,3067.03,455.39,3090.03,478.39,LAGU site
high_resolution_photos/2011/Biloxi South/Biloxi South 5 A/18May11Camera2-Card5-0027.jpg,705.96,460.92,728.96,483.92,LAGU site
high_resolution_photos/2011/Biloxi South/Biloxi South 5 A/18May11Camera2-Card5-0027.jpg,929.51,461.11,952.51,484.11,LAGU site
high_resolution_photos/2011/Biloxi South/Biloxi South 5 A/18May11Camera2-Card5-0027.jpg,1434.62,465.64,1457.62,488.64,LAGU site
high_resolution_photos/2011/Biloxi South/Biloxi South 5 A/18May11Camera2-Card5-0027.jpg,679.49,487.08,702.49,510.08,LAGU bird
high_resolution_photos/2011/Biloxi South/Biloxi South 5 A/18May11Camera2-Card5-0027.jpg,1760.36,489.22,1783.36,512.22,LAGU site
high_resolution_photos/2011/Biloxi South/Biloxi South 5 A/18May11Camera2-Card5-0027.jpg,1580.64,508.29,1603.64,531.29,LAGU site
high_resolution_photos/2011/Biloxi South/Biloxi South 5 A/18May11Camera2-Card5-0027.jpg,951.06,513.34,974.06,536.34,LAGU site
high_resolution_photos/2011/Biloxi South/Biloxi South 5 A/18May11Camera2-Card5-0027.jpg,830.64,522.53,853.64,545.53,LAGU site
high_resolution_photos/2011/Biloxi South/Biloxi South 5 A/18May11Camera2-Card5-0027.jpg,1479.53,535.19,1502.53,558.19,LAGU bird
high_resolution_photos/2011/Biloxi South/Biloxi South 5 A/18May11Camera2-Card5-0027.jpg,1103.91,535.14,1126.91,558.14,LAGU site
high_resolution_photos/2011/Biloxi South/Biloxi South 5 A/18May11Camera2-Card5-0027.jpg,2679.61,531.35,2702.61,554.35,LAGU site
high_resolution_photos/2011/Biloxi South/Biloxi South 5 A/18May11Camera2-Card5-0027.jpg,2663.61,539.34,2686.61,562.34,LAGU site
high_resolution_photos/2011/Biloxi South/Biloxi South 5 A/18May11Camera2-Card5-0027.jpg,3081.71,544.84,3104.71,567.84,LAGU site
high_resolution_photos/2011/Biloxi South/Biloxi South 5 A/18May11Camera2-Card5-0027.jpg,1792.05,543.73,1815.05,566.73,LAGU site
high_resolution_photos/2011/Biloxi South/Biloxi South 5 A/18May11Camera2-Card5-0027.jpg,1809.55,547.23,1832.55,570.23,LAGU site
high_resolution_photos/2011/Biloxi South/Biloxi South 5 A/18May11Camera2-Card5-0027.jpg,3127.63,571.41,3150.63,594.41,LAGU bird
high_resolution_photos/2011/Biloxi South/Biloxi South 5 A/18May11Camera2-Card5-0027.jpg,3123.63,587.41,3146.63,610.41,LAGU bird
high_resolution_photos/2011/Biloxi South/Biloxi South 5 A/18May11Camera2-Card5-0027.jpg,1808.55,567.57,1831.55,590.57,LAGU site
high_resolution_photos/2011/Biloxi South/Biloxi South 5 A/18May11Camera2-Card5-0027.jpg,1227.22,583.75,1250.22,606.75,LAGU site
high_resolution_photos/2011/Biloxi South/Biloxi South 5 A/18May11Camera2-Card5-0027.jpg,1667.36,579.58,1690.36,602.58,LAGU site
high_resolution_photos/2011/Biloxi South/Biloxi South 5 A/18May11Camera2-Card5-0027.jpg,2148.24,579.94,2171.24,602.94,LAGU site
high_resolution_photos/2011/Biloxi South/Biloxi South 5 A/18May11Camera2-Card5-0027.jpg,711.48,591.09,734.48,614.09,LAGU site
high_resolution_photos/2011/Biloxi South/Biloxi South 5 A/18May11Camera2-Card5-0027.jpg,719.48,601.09,742.48,624.09,LAGU site
high_resolution_photos/2011/Biloxi South/Biloxi South 5 A/18May11Camera2-Card5-0027.jpg,711.48,607.09,734.48,630.09,LAGU site
high_resolution_photos/2011/Biloxi South/Biloxi South 5 A/18May11Camera2-Card5-0027.jpg,938.85,589.52,961.85,612.52,LAGU site
high_resolution_photos/2011/Biloxi South/Biloxi South 5 A/18May11Camera2-Card5-0027.jpg,1696.87,587.41,1719.87,610.41,LAGU site
high_resolution_photos/2011/Biloxi South/Biloxi South 5 A/18May11Camera2-Card5-0027.jpg,2330.78,596.5,2353.78,619.5,LAGU site
high_resolution_photos/2011/Biloxi South/Biloxi South 5 A/18May11Camera2-Card5-0027.jpg,1549.53,597.2,1572.53,620.2,LAGU site
high_resolution_photos/2011/Biloxi South/Biloxi South 5 A/18May11Camera2-Card5-0027.jpg,2475.58,633.33,2498.58,656.33,LAGU bird
high_resolution_photos/2011/Biloxi South/Biloxi South 5 A/18May11Camera2-Card5-0027.jpg,1543.53,609.2,1566.53,632.2,LAGU site
high_resolution_photos/2011/Biloxi South/Biloxi South 5 A/18May11Camera2-Card5-0027.jpg,1847.55,619.24,1870.55,642.24,LAGU bird
high_resolution_photos/2011/Biloxi South/Biloxi South 5 A/18May11Camera2-Card5-0027.jpg,1633.18,622.74,1656.18,645.74,LAGU site
high_resolution_photos/2011/Biloxi South/Biloxi South 5 A/18May11Camera2-Card5-0027.jpg,1482.38,628.62,1505.38,651.62,LAGU site
high_resolution_photos/2011/Biloxi South/Biloxi South 5 A/18May11Camera2-Card5-0027.jpg,2099.06,626.77,2122.06,649.77,LAGU site
high_resolution_photos/2011/Biloxi South/Biloxi South 5 A/18May11Camera2-Card5-0027.jpg,3226.03,638.43,3249.03,661.43,LAGU site
high_resolution_photos/2011/Biloxi South/Biloxi South 5 A/18May11Camera2-Card5-0027.jpg,839.98,659.61,862.98,682.61,LAGU site
high_resolution_photos/2011/Biloxi South/Biloxi South 5 A/18May11Camera2-Card5-0027.jpg,1601.36,663.21,1624.36,686.21,LAGU site
high_resolution_photos/2011/Biloxi South/Biloxi South 5 A/18May11Camera2-Card5-0027.jpg,2583.58,679.34,2606.58,702.34,LAGU site
high_resolution_photos/2011/Biloxi South/Biloxi South 5 A/18May11Camera2-Card5-0027.jpg,2583.58,687.34,2606.58,710.34,LAGU site
high_resolution_photos/2011/Biloxi South/Biloxi South 5 A/18May11Camera2-Card5-0027.jpg,1969.54,683.26,1992.54,706.26,LAGU site
high_resolution_photos/2011/Biloxi South/Biloxi South 5 A/18May11Camera2-Card5-0027.jpg,2448.72,685.9,2471.72,708.9,LAGU site
high_resolution_photos/2011/Biloxi South/Biloxi South 5 A/18May11Camera2-Card5-0027.jpg,1235.49,739.17,1258.49,762.17,LAGU bird
high_resolution_photos/2011/Biloxi South/Biloxi South 5 A/18May11Camera2-Card5-0027.jpg,2207.56,709.29,2230.56,732.29,LAGU site
high_resolution_photos/2011/Biloxi South/Biloxi South 5 A/18May11Camera2-Card5-0027.jpg,3225.62,705.43,3248.62,728.43,LAGU site
high_resolution_photos/2011/Biloxi South/Biloxi South 5 A/18May11Camera2-Card5-0027.jpg,851.46,767.12,874.46,790.12,LAGU bird
high_resolution_photos/2011/Biloxi South/Biloxi South 5 A/18May11Camera2-Card5-0027.jpg,837.46,771.11,860.46,794.11,LAGU site
high_resolution_photos/2011/Biloxi South/Biloxi South 5 A/18May11Camera2-Card5-0027.jpg,1915.07,732.18,1938.07,755.18,LAGU site
high_resolution_photos/2011/Biloxi South/Biloxi South 5 A/18May11Camera2-Card5-0027.jpg,2368.36,724.52,2391.36,747.52,LAGU site
high_resolution_photos/2011/Biloxi South/Biloxi South 5 A/18May11Camera2-Card5-0027.jpg,2137.19,736.93,2160.19,759.93,LAGU site
high_resolution_photos/2011/Biloxi South/Biloxi South 5 A/18May11Camera2-Card5-0027.jpg,1785.52,749.57,1808.52,772.57,LAGU site
high_resolution_photos/2011/Biloxi South/Biloxi South 5 A/18May11Camera2-Card5-0027.jpg,905.47,755.12,928.47,778.12,LAGU bird
high_resolution_photos/2011/Biloxi South/Biloxi South 5 A/18May11Camera2-Card5-0027.jpg,917.47,757.12,940.47,780.12,LAGU bird
high_resolution_photos/2011/Biloxi South/Biloxi South 5 A/18May11Camera2-Card5-0027.jpg,1021.4,759.62,1044.4,782.62,LAGU site
high_resolution_photos/2011/Biloxi South/Biloxi South 5 A/18May11Camera2-Card5-0027.jpg,2567.57,753.34,2590.57,776.34,LAGU bird
high_resolution_photos/2011/Biloxi South/Biloxi South 5 A/18May11Camera2-Card5-0027.jpg,2567.57,771.35,2590.57,794.35,LAGU site
high_resolution_photos/2011/Biloxi South/Biloxi South 5 A/18May11Camera2-Card5-0027.jpg,1082.75,763.51,1105.75,786.51,LAGU site
high_resolution_photos/2011/Biloxi South/Biloxi South 5 A/18May11Camera2-Card5-0027.jpg,1311.49,785.18,1334.49,808.18,LAGU bird
high_resolution_photos/2011/Biloxi South/Biloxi South 5 A/18May11Camera2-Card5-0027.jpg,1331.49,783.18,1354.49,806.18,LAGU bird
high_resolution_photos/2011/Biloxi South/Biloxi South 5 A/18May11Camera2-Card5-0027.jpg,1535.51,774.21,1558.51,797.21,LAGU site
high_resolution_photos/2011/Biloxi South/Biloxi South 5 A/18May11Camera2-Card5-0027.jpg,2287.82,784.11,2310.82,807.11,LAGU site
high_resolution_photos/2011/Biloxi South/Biloxi South 5 A/18May11Camera2-Card5-0027.jpg,1690.42,797.23,1713.42,820.23,LAGU bird
high_resolution_photos/2011/Biloxi South/Biloxi South 5 A/18May11Camera2-Card5-0027.jpg,1809.64,808.89,1832.64,831.89,LAGU site
high_resolution_photos/2011/Biloxi South/Biloxi South 5 A/18May11Camera2-Card5-0027.jpg,2119.53,827.29,2142.53,850.29,LAGU bird
high_resolution_photos/2011/Biloxi South/Biloxi South 5 A/18May11Camera2-Card5-0027.jpg,2123.53,831.29,2146.53,854.29,LAGU bird
high_resolution_photos/2011/Biloxi South/Biloxi South 5 A/18May11Camera2-Card5-0027.jpg,2981.67,806.12,3004.67,829.12,LAGU site
high_resolution_photos/2011/Biloxi South/Biloxi South 5 A/18May11Camera2-Card5-0027.jpg,1728.31,814.04,1751.31,837.04,LAGU site
high_resolution_photos/2011/Biloxi South/Biloxi South 5 A/18May11Camera2-Card5-0027.jpg,836.17,824.4,859.17,847.4,LAGU site
high_resolution_photos/2011/Biloxi South/Biloxi South 5 A/18May11Camera2-Card5-0027.jpg,2459.56,828.67,2482.56,851.67,LAGU site
high_resolution_photos/2011/Biloxi South/Biloxi South 5 A/18May11Camera2-Card5-0027.jpg,2537.3,835.69,2560.3,858.69,LAGU site
high_resolution_photos/2011/Biloxi South/Biloxi South 5 A/18May11Camera2-Card5-0027.jpg,1287.12,836.09,1310.12,859.09,LAGU site
high_resolution_photos/2011/Biloxi South/Biloxi South 5 A/18May11Camera2-Card5-0027.jpg,1849.52,849.44,1872.52,872.44,LAGU site
high_resolution_photos/2011/Biloxi South/Biloxi South 5 A/18May11Camera2-Card5-0027.jpg,2011.52,871.28,2034.52,894.28,LAGU bird
high_resolution_photos/2011/Biloxi South/Biloxi South 5 A/18May11Camera2-Card5-0027.jpg,2011.52,891.28,2034.52,914.28,LAGU bird
high_resolution_photos/2011/Biloxi South/Biloxi South 5 A/18May11Camera2-Card5-0027.jpg,2073.53,863.29,2096.53,886.29,LAGU site
high_resolution_photos/2011/Biloxi South/Biloxi South 5 A/18May11Camera2-Card5-0027.jpg,1303.48,883.18,1326.48,906.18,LAGU site
high_resolution_photos/2011/Biloxi South/Biloxi South 5 A/18May11Camera2-Card5-0027.jpg,1307.48,887.18,1330.48,910.18,LAGU site
high_resolution_photos/2011/Biloxi South/Biloxi South 5 A/18May11Camera2-Card5-0027.jpg,2275.54,879.31,2298.54,902.31,LAGU site
high_resolution_photos/2011/Biloxi South/Biloxi South 5 A/18May11Camera2-Card5-0027.jpg,1088.46,908.16,1111.46,931.16,LAGU site
high_resolution_photos/2011/Biloxi South/Biloxi South 5 A/18May11Camera2-Card5-0027.jpg,2867.57,939.4,2890.57,962.4,LAGU site
high_resolution_photos/2011/Biloxi South/Biloxi South 5 A/18May11Camera2-Card5-0027.jpg,2867.56,947.4,2890.56,970.4,LAGU site
high_resolution_photos/2011/Biloxi South/Biloxi South 5 A/18May11Camera2-Card5-0027.jpg,2839.56,959.39,2862.56,982.39,LAGU bird
high_resolution_photos/2011/Biloxi South/Biloxi South 5 A/18May11Camera2-Card5-0027.jpg,1025.6,932.44,1048.6,955.44,LAGU site
high_resolution_photos/2011/Biloxi South/Biloxi South 5 A/18May11Camera2-Card5-0027.jpg,1959.51,927.27,1982.51,950.27,LAGU site
high_resolution_photos/2011/Biloxi South/Biloxi South 5 A/18May11Camera2-Card5-0027.jpg,1959.51,943.28,1982.51,966.28,LAGU site
high_resolution_photos/2011/Biloxi South/Biloxi South 5 A/18May11Camera2-Card5-0027.jpg,1955.51,947.27,1978.51,970.27,LAGU site
high_resolution_photos/2011/Biloxi South/Biloxi South 5 A/18May11Camera2-Card5-0027.jpg,2230.33,934.91,2253.33,957.91,LAGU site
high_resolution_photos/2011/Biloxi South/Biloxi South 5 A/18May11Camera2-Card5-0027.jpg,1369.47,957.2,1392.47,980.2,LAGU bird
high_resolution_photos/2011/Biloxi South/Biloxi South 5 A/18May11Camera2-Card5-0027.jpg,1357.47,959.2,1380.47,982.2,LAGU bird
high_resolution_photos/2011/Biloxi South/Biloxi South 5 A/18May11Camera2-Card5-0027.jpg,2688.89,948.93,2711.89,971.93,LAGU site
high_resolution_photos/2011/Biloxi South/Biloxi South 5 A/18May11Camera2-Card5-0027.jpg,1251.06,971.58,1274.06,994.58,LAGU site
high_resolution_photos/2011/Biloxi South/Biloxi South 5 A/18May11Camera2-Card5-0027.jpg,2124.18,971.97,2147.18,994.97,LAGU site
high_resolution_photos/2011/Biloxi South/Biloxi South 5 A/18May11Camera2-Card5-0027.jpg,2247.02,992.15,2270.02,1015.15,LAGU site
high_resolution_photos/2011/Biloxi South/Biloxi South 5 A/18May11Camera2-Card5-0027.jpg,2699.55,987.38,2722.55,1010.38,LAGU site
high_resolution_photos/2011/Biloxi South/Biloxi South 5 A/18May11Camera2-Card5-0027.jpg,2699.55,1001.38,2722.55,1024.38,LAGU site
high_resolution_photos/2011/Biloxi South/Biloxi South 5 A/18May11Camera2-Card5-0027.jpg,3123.57,1033.44,3146.57,1056.44,LAGU site
high_resolution_photos/2011/Biloxi South/Biloxi South 5 A/18May11Camera2-Card5-0027.jpg,1986.11,1019.98,2009.11,1042.98,LAGU site
high_resolution_photos/2011/Biloxi South/Biloxi South 5 A/18May11Camera2-Card5-0027.jpg,2200.51,1015.65,2223.51,1038.65,LAGU site
high_resolution_photos/2011/Biloxi South/Biloxi South 5 A/18May11Camera2-Card5-0027.jpg,1123.45,1027.17,1146.45,1050.17,LAGU site
high_resolution_photos/2011/Biloxi South/Biloxi South 5 A/18May11Camera2-Card5-0027.jpg,1131.45,1027.17,1154.45,1050.17,LAGU site
high_resolution_photos/2011/Biloxi South/Biloxi South 5 A/18May11Camera2-Card5-0027.jpg,1113.45,1031.17,1136.45,1054.17,LAGU site
high_resolution_photos/2011/Biloxi South/Biloxi South 5 A/18May11Camera2-Card5-0027.jpg,1379.46,1025.2,1402.46,1048.2,LAGU site
high_resolution_photos/2011/Biloxi South/Biloxi South 5 A/18May11Camera2-Card5-0027.jpg,2123.51,1047.3,2146.51,1070.3,LAGU bird
high_resolution_photos/2011/Biloxi South/Biloxi South 5 A/18May11Camera2-Card5-0027.jpg,2103.5,1051.3,2126.5,1074.3,LAGU bird
high_resolution_photos/2011/Biloxi South/Biloxi South 5 A/18May11Camera2-Card5-0027.jpg,2423.52,1059.34,2446.52,1082.34,LAGU site
high_resolution_photos/2011/Biloxi South/Biloxi South 5 A/18May11Camera2-Card5-0027.jpg,2415.52,1063.34,2438.52,1086.34,LAGU site
high_resolution_photos/2011/Biloxi South/Biloxi South 5 A/18May11Camera2-Card5-0027.jpg,1273.85,1051.72,1296.85,1074.72,LAGU site
high_resolution_photos/2011/Biloxi South/Biloxi South 5 A/18May11Camera2-Card5-0027.jpg,985.43,1070.15,1008.43,1093.15,LAGU site
high_resolution_photos/2011/Biloxi South/Biloxi South 5 A/18May11Camera2-Card5-0027.jpg,1143.44,1087.17,1166.44,1110.17,LAGU site
high_resolution_photos/2011/Biloxi South/Biloxi South 5 A/18May11Camera2-Card5-0027.jpg,1135.44,1091.17,1158.44,1114.17,LAGU site
high_resolution_photos/2011/Biloxi South/Biloxi South 5 A/18May11Camera2-Card5-0027.jpg,1739.48,1077.25,1762.48,1100.25,LAGU site
high_resolution_photos/2011/Biloxi South/Biloxi South 5 A/18May11Camera2-Card5-0027.jpg,2505.24,1076.88,2528.24,1099.88,LAGU site
high_resolution_photos/2011/Biloxi South/Biloxi South 5 A/18May11Camera2-Card5-0027.jpg,1599.47,1087.24,1622.47,1110.24,LAGU site
high_resolution_photos/2011/Biloxi South/Biloxi South 5 A/18May11Camera2-Card5-0027.jpg,1603.47,1091.24,1626.47,1114.24,LAGU site
high_resolution_photos/2011/Biloxi South/Biloxi South 5 A/18May11Camera2-Card5-0027.jpg,2498.26,1100.2,2521.26,1123.2,LAGU site
high_resolution_photos/2011/Biloxi South/Biloxi South 5 A/18May11Camera2-Card5-0027.jpg,2371.51,1111.34,2394.51,1134.34,LAGU site
high_resolution_photos/2011/Biloxi South/Biloxi South 5 A/18May11Camera2-Card5-0027.jpg,2371.51,1123.34,2394.51,1146.34,LAGU site
high_resolution_photos/2011/Biloxi South/Biloxi South 5 A/18May11Camera2-Card5-0027.jpg,1183.44,1127.18,1206.44,1150.18,LAGU bird
high_resolution_photos/2011/Biloxi South/Biloxi South 5 A/18May11Camera2-Card5-0027.jpg,1191.43,1165.19,1214.43,1188.19,LAGU bird
high_resolution_photos/2011/Biloxi South/Biloxi South 5 A/18May11Camera2-Card5-0027.jpg,1738.25,1164.96,1761.25,1187.96,LAGU site
high_resolution_photos/2011/Biloxi South/Biloxi South 5 A/18May11Camera2-Card5-0027.jpg,2467.51,1166.09,2490.51,1189.09,LAGU site
high_resolution_photos/2011/Biloxi South/Biloxi South 5 A/18May11Camera2-Card5-0027.jpg,1593.96,1176.99,1616.96,1199.99,LAGU site
high_resolution_photos/2011/Biloxi South/Biloxi South 5 A/18May11Camera2-Card5-0027.jpg,1667.45,1231.25,1690.45,1254.25,LAGU site
high_resolution_photos/2011/Biloxi South/Biloxi South 5 A/18May11Camera2-Card5-0027.jpg,2527.51,1211.37,2550.51,1234.37,LAGU site
high_resolution_photos/2011/Biloxi South/Biloxi South 5 A/18May11Camera2-Card5-0027.jpg,2523.51,1219.37,2546.51,1242.37,LAGU site
high_resolution_photos/2011/Biloxi South/Biloxi South 5 A/18May11Camera2-Card5-0027.jpg,2529.51,1227.37,2552.51,1250.37,LAGU site
high_resolution_photos/2011/Biloxi South/Biloxi South 5 A/18May11Camera2-Card5-0027.jpg,2595.51,1199.38,2618.51,1222.38,LAGU bird
high_resolution_photos/2011/Biloxi South/Biloxi South 5 A/18May11Camera2-Card5-0027.jpg,2594.18,1216.71,2617.18,1239.71,LAGU bird
high_resolution_photos/2011/Biloxi South/Biloxi South 5 A/18May11Camera2-Card5-0027.jpg,2299.49,1231.34,2322.49,1254.34,LAGU bird
high_resolution_photos/2011/Biloxi South/Biloxi South 5 A/18May11Camera2-Card5-0027.jpg,2299.49,1251.34,2322.49,1274.34,LAGU bird
high_resolution_photos/2011/Biloxi South/Biloxi South 5 A/18May11Camera2-Card5-0027.jpg,1338.03,1249.41,1361.03,1272.41,LAGU site
high_resolution_photos/2011/Biloxi South/Biloxi South 5 A/18May11Camera2-Card5-0027.jpg,2411.97,1248.53,2434.97,1271.53,LAGU site
high_resolution_photos/2011/Biloxi South/Biloxi South 5 A/18May11Camera2-Card5-0027.jpg,2159.98,1259.82,2182.98,1282.82,LAGU site
high_resolution_photos/2011/Biloxi South/Biloxi South 5 A/18May11Camera2-Card5-0027.jpg,2730.87,1261.8,2753.87,1284.8,LAGU site
high_resolution_photos/2011/Biloxi South/Biloxi South 5 A/18May11Camera2-Card5-0027.jpg,1681.45,1267.26,1704.45,1290.26,LAGU site
high_resolution_photos/2011/Biloxi South/Biloxi South 5 A/18May11Camera2-Card5-0027.jpg,1592.44,1282.25,1615.44,1305.25,LAGU site
high_resolution_photos/2011/Biloxi South/Biloxi South 5 A/18May11Camera2-Card5-0027.jpg,2427.49,1299.36,2450.49,1322.36,LAGU bird
high_resolution_photos/2011/Biloxi South/Biloxi South 5 A/18May11Camera2-Card5-0027.jpg,2431.49,1315.36,2454.49,1338.36,LAGU site
high_resolution_photos/2011/Biloxi South/Biloxi South 5 A/18May11Camera2-Card5-0027.jpg,1573.44,1303.25,1596.44,1326.25,LAGU bird
high_resolution_photos/2011/Biloxi South/Biloxi South 5 A/18May11Camera2-Card5-0027.jpg,1555.44,1307.24,1578.44,1330.24,LAGU bird
high_resolution_photos/2011/Biloxi South/Biloxi South 5 A/18May11Camera2-Card5-0027.jpg,1786.34,1298.38,1809.34,1321.38,LAGU site
high_resolution_photos/2011/Biloxi South/Biloxi South 5 A/18May11Camera2-Card5-0027.jpg,1307.42,1317.21,1330.42,1340.21,LAGU site
high_resolution_photos/2011/Biloxi South/Biloxi South 5 A/18May11Camera2-Card5-0027.jpg,1873.37,1323.81,1896.37,1346.81,LAGU site
high_resolution_photos/2011/Biloxi South/Biloxi South 5 A/18May11Camera2-Card5-0027.jpg,1963.46,1327.3,1986.46,1350.3,LAGU site
high_resolution_photos/2011/Biloxi South/Biloxi South 5 A/18May11Camera2-Card5-0027.jpg,1963.46,1335.3,1986.46,1358.3,LAGU site
high_resolution_photos/2011/Biloxi South/Biloxi South 5 A/18May11Camera2-Card5-0027.jpg,3010.76,1325.15,3033.76,1348.15,LAGU site
high_resolution_photos/2011/Biloxi South/Biloxi South 5 A/18May11Camera2-Card5-0027.jpg,1163.91,1331.69,1186.91,1354.69,LAGU site
high_resolution_photos/2011/Biloxi South/Biloxi South 5 A/18May11Camera2-Card5-0027.jpg,1159.41,1345.19,1182.41,1368.19,LAGU site
high_resolution_photos/2011/Biloxi South/Biloxi South 5 A/18May11Camera2-Card5-0027.jpg,1707.44,1371.27,1730.44,1394.27,LAGU site
high_resolution_photos/2011/Biloxi South/Biloxi South 5 A/18May11Camera2-Card5-0027.jpg,1701.44,1379.27,1724.44,1402.27,LAGU site
high_resolution_photos/2011/Biloxi South/Biloxi South 5 A/18May11Camera2-Card5-0027.jpg,1585.42,1413.25,1608.42,1436.25,LAGU bird
high_resolution_photos/2011/Biloxi South/Biloxi South 5 A/18May11Camera2-Card5-0027.jpg,3050.27,1383.2,3073.27,1406.2,LAGU site
high_resolution_photos/2011/Biloxi South/Biloxi South 5 A/18May11Camera2-Card5-0027.jpg,2843.5,1399.42,2866.5,1422.42,LAGU bird
high_resolution_photos/2011/Biloxi South/Biloxi South 5 A/18May11Camera2-Card5-0027.jpg,2857.5,1399.42,2880.5,1422.42,LAGU bird
high_resolution_photos/2011/Biloxi South/Biloxi South 5 A/18May11Camera2-Card5-0027.jpg,1806.64,1404.88,1829.64,1427.88,LAGU site
high_resolution_photos/2011/Biloxi South/Biloxi South 5 A/18May11Camera2-Card5-0027.jpg,1506.28,1417.24,1529.28,1440.24,LAGU site
high_resolution_photos/2011/Biloxi South/Biloxi South 5 A/18May11Camera2-Card5-0027.jpg,2896.65,1414.0,2919.65,1437.0,LAGU site
high_resolution_photos/2011/Biloxi South/Biloxi South 5 A/18May11Camera2-Card5-0027.jpg,2575.48,1417.39,2598.48,1440.39,LAGU site
high_resolution_photos/2011/Biloxi South/Biloxi South 5 A/18May11Camera2-Card5-0027.jpg,1797.43,1439.28,1820.43,1462.28,LAGU site
high_resolution_photos/2011/Biloxi South/Biloxi South 5 A/18May11Camera2-Card5-0027.jpg,2455.47,1451.37,2478.47,1474.37,LAGU bird
high_resolution_photos/2011/Biloxi South/Biloxi South 5 A/18May11Camera2-Card5-0027.jpg,2451.47,1455.37,2474.47,1478.37,LAGU bird
high_resolution_photos/2011/Biloxi South/Biloxi South 5 A/18May11Camera2-Card5-0027.jpg,2435.47,1467.37,2458.47,1490.37,LAGU site
high_resolution_photos/2011/Biloxi South/Biloxi South 5 A/18May11Camera2-Card5-0027.jpg,1137.15,1461.6,1160.15,1484.6,LAGU site
high_resolution_photos/2011/Biloxi South/Biloxi South 5 A/18May11Camera2-Card5-0027.jpg,2955.0,1465.44,2978.0,1488.44,LAGU site
high_resolution_photos/2011/Biloxi South/Biloxi South 5 A/18May11Camera2-Card5-0027.jpg,1809.43,1477.29,1832.43,1500.29,LAGU site
high_resolution_photos/2011/Biloxi South/Biloxi South 5 A/18May11Camera2-Card5-0027.jpg,1483.07,1480.24,1506.07,1503.24,LAGU site
high_resolution_photos/2011/Biloxi South/Biloxi South 5 A/18May11Camera2-Card5-0027.jpg,1191.39,1503.21,1214.39,1526.21,LAGU bird
high_resolution_photos/2011/Biloxi South/Biloxi South 5 A/18May11Camera2-Card5-0027.jpg,1211.39,1503.21,1234.39,1526.21,LAGU bird
high_resolution_photos/2011/Biloxi South/Biloxi South 5 A/18May11Camera2-Card5-0027.jpg,1702.17,1496.02,1725.17,1519.02,LAGU site
high_resolution_photos/2011/Biloxi South/Biloxi South 5 A/18May11Camera2-Card5-0027.jpg,2847.74,1493.68,2870.74,1516.68,LAGU site
high_resolution_photos/2011/Biloxi South/Biloxi South 5 A/18May11Camera2-Card5-0027.jpg,1619.41,1497.26,1642.41,1520.26,LAGU site
high_resolution_photos/2011/Biloxi South/Biloxi South 5 A/18May11Camera2-Card5-0027.jpg,1786.92,1498.79,1809.92,1521.79,LAGU site
high_resolution_photos/2011/Biloxi South/Biloxi South 5 A/18May11Camera2-Card5-0027.jpg,1659.41,1519.27,1682.41,1542.27,LAGU bird
high_resolution_photos/2011/Biloxi South/Biloxi South 5 A/18May11Camera2-Card5-0027.jpg,1787.42,1513.29,1810.42,1536.29,LAGU site
high_resolution_photos/2011/Biloxi South/Biloxi South 5 A/18May11Camera2-Card5-0027.jpg,3105.9,1517.86,3128.9,1540.86,LAGU site
high_resolution_photos/2011/Biloxi South/Biloxi South 5 A/18May11Camera2-Card5-0027.jpg,1282.06,1529.35,1305.06,1552.35,LAGU site
high_resolution_photos/2011/Biloxi South/Biloxi South 5 A/18May11Camera2-Card5-0027.jpg,2333.64,1529.54,2356.64,1552.54,LAGU site
high_resolution_photos/2011/Biloxi South/Biloxi South 5 A/18May11Camera2-Card5-0027.jpg,2633.47,1563.4,2656.47,1586.4,LAGU site
high_resolution_photos/2011/Biloxi South/Biloxi South 5 A/18May11Camera2-Card5-0027.jpg,1264.98,1579.49,1287.98,1602.49,LAGU site
high_resolution_photos/2011/Biloxi South/Biloxi South 5 A/18May11Camera2-Card5-0027.jpg,1828.89,1592.35,1851.89,1615.35,LAGU site
high_resolution_photos/2011/Biloxi South/Biloxi South 5 A/18May11Camera2-Card5-0027.jpg,3161.49,1602.39,3184.49,1625.39,LAGU site
high_resolution_photos/2011/Biloxi South/Biloxi South 5 A/18May11Camera2-Card5-0027.jpg,1863.41,1607.3,1886.41,1630.3,LAGU site
high_resolution_photos/2011/Biloxi South/Biloxi South 5 A/18May11Camera2-Card5-0027.jpg,3055.99,1606.96,3078.99,1629.96,LAGU site
high_resolution_photos/2011/Biloxi South/Biloxi South 5 A/18May11Camera2-Card5-0027.jpg,1635.4,1623.27,1658.4,1646.27,LAGU site
high_resolution_photos/2011/Biloxi South/Biloxi South 5 A/18May11Camera2-Card5-0027.jpg,1646.06,1645.94,1669.06,1668.94,LAGU bird
high_resolution_photos/2011/Biloxi South/Biloxi South 5 A/18May11Camera2-Card5-0027.jpg,1152.7,1653.21,1175.7,1676.21,LAGU site
high_resolution_photos/2011/Biloxi South/Biloxi South 5 A/18May11Camera2-Card5-0027.jpg,2229.14,1668.21,2252.14,1691.21,LAGU site
high_resolution_photos/2011/Biloxi South/Biloxi South 5 A/18May11Camera2-Card5-0027.jpg,1339.37,1699.24,1362.37,1722.24,LAGU bird
high_resolution_photos/2011/Biloxi South/Biloxi South 5 A/18May11Camera2-Card5-0027.jpg,1343.37,1703.24,1366.37,1726.24,LAGU bird
high_resolution_photos/2011/Biloxi South/Biloxi South 5 A/18May11Camera2-Card5-0027.jpg,1343.37,1723.24,1366.37,1746.24,LAGU bird
high_resolution_photos/2011/Biloxi South/Biloxi South 5 A/18May11Camera2-Card5-0027.jpg,1097.36,1699.21,1120.36,1722.21,LAGU site
high_resolution_photos/2011/Biloxi South/Biloxi South 5 A/18May11Camera2-Card5-0027.jpg,1239.36,1727.23,1262.36,1750.23,LAGU site
high_resolution_photos/2011/Biloxi South/Biloxi South 5 A/18May11Camera2-Card5-0027.jpg,1231.36,1739.23,1254.36,1762.23,LAGU site
high_resolution_photos/2011/Biloxi South/Biloxi South 5 A/18May11Camera2-Card5-0027.jpg,2399.23,1737.58,2422.23,1760.58,LAGU site
high_resolution_photos/2011/Biloxi South/Biloxi South 5 A/18May11Camera2-Card5-0027.jpg,1809.21,1749.85,1832.21,1772.85,LAGU site
high_resolution_photos/2011/Biloxi South/Biloxi South 5 A/18May11Camera2-Card5-0027.jpg,2511.93,1783.9,2534.93,1806.9,LAGU site
high_resolution_photos/2011/Biloxi South/Biloxi South 5 A/18May11Camera2-Card5-0027.jpg,1807.38,1807.31,1830.38,1830.31,LAGU bird
high_resolution_photos/2011/Biloxi South/Biloxi South 5 A/18May11Camera2-Card5-0027.jpg,1791.38,1831.31,1814.38,1854.31,LAGU bird
high_resolution_photos/2011/Biloxi South/Biloxi South 5 A/18May11Camera2-Card5-0027.jpg,2279.41,1823.37,2302.41,1846.37,LAGU site
high_resolution_photos/2011/Biloxi South/Biloxi South 5 A/18May11Camera2-Card5-0027.jpg,1497.36,1842.9,1520.36,1865.9,LAGU site
high_resolution_photos/2011/Biloxi South/Biloxi South 5 A/18May11Camera2-Card5-0027.jpg,1943.56,1860.72,1966.56,1883.72,LAGU site
high_resolution_photos/2011/Biloxi South/Biloxi South 5 A/18May11Camera2-Card5-0027.jpg,1190.61,1875.59,1213.61,1898.59,LAGU site
high_resolution_photos/2011/Biloxi South/Biloxi South 5 A/18May11Camera2-Card5-0027.jpg,2176.81,1876.3,2199.81,1899.3,LAGU site
high_resolution_photos/2011/Biloxi South/Biloxi South 5 A/18May11Camera2-Card5-0027.jpg,2725.43,1889.44,2748.43,1912.44,LAGU bird
high_resolution_photos/2011/Biloxi South/Biloxi South 5 A/18May11Camera2-Card5-0027.jpg,2715.43,1915.44,2738.43,1938.44,LAGU site
high_resolution_photos/2011/Biloxi South/Biloxi South 5 A/18May11Camera2-Card5-0027.jpg,2707.42,1923.44,2730.42,1946.44,LAGU site
high_resolution_photos/2011/Biloxi South/Biloxi South 5 A/18May11Camera2-Card5-0027.jpg,2707.42,1931.44,2730.42,1954.44,LAGU site
high_resolution_photos/2011/Biloxi South/Biloxi South 5 A/18May11Camera2-Card5-0027.jpg,2063.39,1879.35,2086.39,1902.35,LAGU site
high_resolution_photos/2011/Biloxi South/Biloxi South 5 A/18May11Camera2-Card5-0027.jpg,2317.11,1936.24,2340.11,1959.24,LAGU site
high_resolution_photos/2011/Biloxi South/Biloxi South 5 A/18May11Camera2-Card5-0027.jpg,2607.17,1943.67,2630.17,1966.67,LAGU site
high_resolution_photos/2011/Biloxi South/Biloxi South 5 A/18May11Camera2-Card5-0027.jpg,2553.41,1991.42,2576.41,2014.42,LAGU site
high_resolution_photos/2011/Biloxi South/Biloxi South 5 A/18May11Camera2-Card5-0027.jpg,1200.08,2006.29,1223.08,2029.29,LAGU site
high_resolution_photos/2011/Biloxi South/Biloxi South 5 A/18May11Camera2-Card5-0027.jpg,1177.31,2051.24,1200.31,2074.24,LAGU site
high_resolution_photos/2011/Biloxi South/Biloxi South 5 A/18May11Camera2-Card5-0027.jpg,1001.29,2179.22,1024.29,2202.22,LAGU bird
high_resolution_photos/2011/Biloxi South/Biloxi South 5 A/18May11Camera2-Card5-0027.jpg,1077.29,2195.23,1100.29,2218.23,LAGU bird
high_resolution_photos/2011/Biloxi South/Biloxi South 5 A/18May11Camera2-Card5-0027.jpg,1107.29,2199.24,1130.29,2222.24,LAGU site
high_resolution_photos/2011/Biloxi South/Biloxi South 5 A/18May11Camera2-Card5-0027.jpg,1115.29,2203.24,1138.29,2226.24,LAGU bird
high_resolution_photos/2011/Biloxi South/Biloxi South 5 A/18May11Camera2-Card5-0027.jpg,1151.29,2215.24,1174.29,2238.24,LAGU site
high_resolution_photos/2011/Biloxi South/Biloxi South 5 A/18May11Camera2-Card5-0027.jpg,1163.29,2223.25,1186.29,2246.25,LAGU site
high_resolution_photos/2011/Biloxi South/Biloxi South 5 A/18May11Camera2-Card5-0027.jpg,1171.29,2227.25,1194.29,2250.25,LAGU site
high_resolution_photos/2011/Biloxi South/Biloxi South 5 A/18May11Camera2-Card5-0027.jpg,1283.29,2255.27,1306.29,2278.27,LAGU bird
high_resolution_photos/2011/Biloxi South/Biloxi South 5 A/18May11Camera2-Card5-0027.jpg,1245.29,2265.26,1268.29,2288.26,LAGU bird
high_resolution_photos/2011/Biloxi South/Biloxi South 5 A/18May11Camera2-Card5-0027.jpg,1760.06,2138.96,1783.06,2161.96,LAGU site
high_resolution_photos/2011/Biloxi South/Biloxi South 5 A/18May11Camera2-Card5-0027.jpg,1793.34,2141.33,1816.34,2164.33,LAGU site
high_resolution_photos/2011/Biloxi South/Biloxi South 5 A/18May11Camera2-Card5-0027.jpg,1910.81,2142.28,1933.81,2165.28,LAGU site
high_resolution_photos/2011/Biloxi South/Biloxi South 5 A/18May11Camera2-Card5-0027.jpg,2077.35,2151.36,2100.35,2174.36,LAGU site
high_resolution_photos/2011/Biloxi South/Biloxi South 5 A/18May11Camera2-Card5-0027.jpg,2043.35,2163.36,2066.35,2186.36,LAGU site
high_resolution_photos/2011/Biloxi South/Biloxi South 5 A/18May11Camera2-Card5-0027.jpg,2075.35,2163.37,2098.35,2186.37,LAGU site
high_resolution_photos/2011/Biloxi South/Biloxi South 5 A/18May11Camera2-Card5-0027.jpg,1913.34,2163.34,1936.34,2186.34,LAGU site
high_resolution_photos/2011/Biloxi South/Biloxi South 5 A/18May11Camera2-Card5-0027.jpg,1887.33,2215.34,1910.33,2238.34,LAGU site
high_resolution_photos/2011/Biloxi South/Biloxi South 5 A/18May11Camera2-Card5-0027.jpg,1789.33,2243.33,1812.33,2266.33,LAGU site
high_resolution_photos/2011/Biloxi South/Biloxi South 5 A/18May11Camera2-Card5-0027.jpg,2043.34,2239.37,2066.34,2262.37,LAGU site
high_resolution_photos/2011/Biloxi South/Biloxi South 5 A/18May11Camera2-Card5-0027.jpg,1611.32,2231.31,1634.32,2254.31,LAGU site
high_resolution_photos/2011/Biloxi South/Biloxi South 5 A/18May11Camera2-Card5-0027.jpg,1591.31,2247.31,1614.31,2270.31,LAGU site
high_resolution_photos/2011/Biloxi South/Biloxi South 5 A/18May11Camera2-Card5-0027.jpg,1747.33,2215.32,1770.33,2238.32,LAGU site
high_resolution_photos/2011/Biloxi South/Biloxi South 5 A/18May11Camera2-Card5-0027.jpg,2087.34,2231.37,2110.34,2254.37,LAGU site
high_resolution_photos/2011/Biloxi South/Biloxi South 5 A/18May11Camera2-Card5-0027.jpg,2123.35,2211.37,2146.35,2234.37,LAGU site
high_resolution_photos/2011/Biloxi South/Biloxi South 5 A/18May11Camera2-Card5-0027.jpg,2123.34,2247.38,2146.34,2270.38,LAGU site
high_resolution_photos/2011/Biloxi South/Long Bay Island/17June11Camera1-Card5-0537.jpg,2896.84,0.0,2932.84,20.75,LAGU bird
high_resolution_photos/2011/Biloxi South/Long Bay Island/17June11Camera1-Card5-0537.jpg,2916.84,24.75,2952.84,60.75,LAGU bird
high_resolution_photos/2011/Biloxi South/Long Bay Island/17June11Camera1-Card5-0537.jpg,1112.8,28.73,1148.8,64.73,Bird
high_resolution_photos/2011/Biloxi South/Long Bay Island/17June11Camera1-Card5-0537.jpg,2944.09,60.5,2980.09,96.5,LAGU site
high_resolution_photos/2011/Biloxi South/Long Bay Island/17June11Camera1-Card5-0537.jpg,2906.84,68.75,2942.84,104.75,LAGU site
high_resolution_photos/2011/Biloxi South/Long Bay Island/17June11Camera1-Card5-0537.jpg,2868.27,100.47,2904.27,136.47,LAGU site
high_resolution_photos/2011/Biloxi South/Long Bay Island/17June11Camera1-Card5-0537.jpg,2684.41,186.75,2720.41,222.75,LAGU site
high_resolution_photos/2011/Biloxi South/Long Bay Island/17June11Camera1-Card5-0537.jpg,2876.84,168.75,2912.84,204.75,LAGU bird
high_resolution_photos/2011/Biloxi South/Long Bay Island/17June11Camera1-Card5-0537.jpg,2878.84,184.75,2914.84,220.75,LAGU bird
high_resolution_photos/2011/Biloxi South/Long Bay Island/17June11Camera1-Card5-0537.jpg,2862.84,188.75,2898.84,224.75,LAGU bird
high_resolution_photos/2011/Biloxi South/Long Bay Island/17June11Camera1-Card5-0537.jpg,2884.84,188.75,2920.84,224.75,LAGU bird
high_resolution_photos/2011/Biloxi South/Long Bay Island/17June11Camera1-Card5-0537.jpg,2898.84,196.75,2934.84,232.75,LAGU bird
high_resolution_photos/2011/Biloxi South/Long Bay Island/17June11Camera1-Card5-0537.jpg,4024.87,188.76,4060.87,224.76,Bird
high_resolution_photos/2011/Biloxi South/Long Bay Island/17June11Camera1-Card5-0537.jpg,2744.84,216.75,2780.84,252.75,LAGU site
high_resolution_photos/2011/Biloxi South/Long Bay Island/17June11Camera1-Card5-0537.jpg,2748.84,220.75,2784.84,256.75,LAGU site
high_resolution_photos/2011/Biloxi South/Long Bay Island/17June11Camera1-Card5-0537.jpg,2756.84,232.75,2792.84,268.75,LAGU site
high_resolution_photos/2011/Biloxi South/Long Bay Island/17June11Camera1-Card5-0537.jpg,3115.39,221.12,3151.39,257.12,LAGU site
high_resolution_photos/2011/Biloxi South/Long Bay Island/17June11Camera1-Card5-0537.jpg,4616.88,252.77,4652.88,288.77,Bird
high_resolution_photos/2011/Biloxi South/Long Bay Island/17June11Camera1-Card5-0537.jpg,4612.88,266.77,4648.88,302.77,Bird
high_resolution_photos/2011/Biloxi South/Long Bay Island/17June11Camera1-Card5-0537.jpg,2864.84,296.76,2900.84,332.76,LAGU site
high_resolution_photos/2011/Biloxi South/Long Bay Island/17June11Camera1-Card5-0537.jpg,2872.84,312.76,2908.84,348.76,LAGU site
high_resolution_photos/2011/Biloxi South/Long Bay Island/17June11Camera1-Card5-0537.jpg,1920.82,334.75,1956.82,370.75,LAGU site
high_resolution_photos/2011/Biloxi South/Long Bay Island/17June11Camera1-Card5-0537.jpg,2900.84,352.76,2936.84,388.76,LAGU bird
high_resolution_photos/2011/Biloxi South/Long Bay Island/17June11Camera1-Card5-0537.jpg,2914.84,358.76,2950.84,394.76,LAGU bird
high_resolution_photos/2011/Biloxi South/Long Bay Island/17June11Camera1-Card5-0537.jpg,2866.84,392.76,2902.84,428.76,LAGU site
high_resolution_photos/2011/Biloxi South/Long Bay Island/17June11Camera1-Card5-0537.jpg,4124.87,380.77,4160.87,416.77,Bird
high_resolution_photos/2011/Biloxi South/Long Bay Island/17June11Camera1-Card5-0537.jpg,4148.87,380.77,4184.87,416.77,LAGU site
high_resolution_photos/2011/Biloxi South/Long Bay Island/17June11Camera1-Card5-0537.jpg,4128.87,408.77,4164.87,444.77,LAGU site
high_resolution_photos/2011/Biloxi South/Long Bay Island/17June11Camera1-Card5-0537.jpg,4148.87,408.77,4184.87,444.77,LAGU site
high_resolution_photos/2011/Biloxi South/Long Bay Island/17June11Camera1-Card5-0537.jpg,3300.85,404.76,3336.85,440.76,LAGU site
high_resolution_photos/2011/Biloxi South/Long Bay Island/17June11Camera1-Card5-0537.jpg,1803.81,425.75,1839.81,461.75,LAGU site
high_resolution_photos/2011/Biloxi South/Long Bay Island/17June11Camera1-Card5-0537.jpg,2050.7,449.93,2086.7,485.93,LAGU site
high_resolution_photos/2011/Biloxi South/Long Bay Island/17June11Camera1-Card5-0537.jpg,2266.82,449.68,2302.82,485.68,LAGU site
high_resolution_photos/2011/Biloxi South/Long Bay Island/17June11Camera1-Card5-0537.jpg,1935.04,461.86,1971.04,497.86,LAGU site
high_resolution_photos/2011/Biloxi South/Long Bay Island/17June11Camera1-Card5-0537.jpg,2124.82,484.75,2160.82,520.75,LAGU bird
high_resolution_photos/2011/Biloxi South/Long Bay Island/17June11Camera1-Card5-0537.jpg,2128.82,488.75,2164.82,524.75,LAGU bird
high_resolution_photos/2011/Biloxi South/Long Bay Island/17June11Camera1-Card5-0537.jpg,2148.82,492.75,2184.82,528.75,LAGU bird
high_resolution_photos/2011/Biloxi South/Long Bay Island/17June11Camera1-Card5-0537.jpg,1580.45,483.29,1616.45,519.29,LAGU site
high_resolution_photos/2011/Biloxi South/Long Bay Island/17June11Camera1-Card5-0537.jpg,2204.82,508.75,2240.82,544.75,LAGU bird
high_resolution_photos/2011/Biloxi South/Long Bay Island/17June11Camera1-Card5-0537.jpg,2240.82,526.76,2276.82,562.76,LAGU bird
high_resolution_photos/2011/Biloxi South/Long Bay Island/17June11Camera1-Card5-0537.jpg,2600.83,504.76,2636.83,540.76,LAGU bird
high_resolution_photos/2011/Biloxi South/Long Bay Island/17June11Camera1-Card5-0537.jpg,2576.83,508.76,2612.83,544.76,LAGU bird
high_resolution_photos/2011/Biloxi South/Long Bay Island/17June11Camera1-Card5-0537.jpg,2536.83,512.76,2572.83,548.76,LAGU site
high_resolution_photos/2011/Biloxi South/Long Bay Island/17June11Camera1-Card5-0537.jpg,2540.83,516.76,2576.83,552.76,LAGU site
high_resolution_photos/2011/Biloxi South/Long Bay Island/17June11Camera1-Card5-0537.jpg,1656.81,572.75,1692.81,608.75,LAGU site
high_resolution_photos/2011/Biloxi South/Long Bay Island/17June11Camera1-Card5-0537.jpg,1662.81,580.75,1698.81,616.75,LAGU site
high_resolution_photos/2011/Biloxi South/Long Bay Island/17June11Camera1-Card5-0537.jpg,1656.81,588.75,1692.81,624.75,LAGU site
high_resolution_photos/2011/Biloxi South/Long Bay Island/17June11Camera1-Card5-0537.jpg,1652.81,592.75,1688.81,628.75,LAGU site
high_resolution_photos/2011/Biloxi South/Long Bay Island/17June11Camera1-Card5-0537.jpg,2035.06,578.03,2071.06,614.03,LAGU site
high_resolution_photos/2011/Biloxi South/Long Bay Island/17June11Camera1-Card5-0537.jpg,3257.21,571.31,3293.21,607.31,LAGU site
high_resolution_photos/2011/Biloxi South/Long Bay Island/17June11Camera1-Card5-0537.jpg,2368.83,592.76,2404.83,628.76,LAGU site
high_resolution_photos/2011/Biloxi South/Long Bay Island/17June11Camera1-Card5-0537.jpg,2380.83,592.76,2416.83,628.76,LAGU site
high_resolution_photos/2011/Biloxi South/Long Bay Island/17June11Camera1-Card5-0537.jpg,1433.27,596.28,1469.27,632.28,LAGU site
high_resolution_photos/2011/Biloxi South/Long Bay Island/17June11Camera1-Card5-0537.jpg,1420.8,636.75,1456.8,672.75,LAGU site
high_resolution_photos/2011/Biloxi South/Long Bay Island/17June11Camera1-Card5-0537.jpg,2202.82,648.76,2238.82,684.76,LAGU site
high_resolution_photos/2011/Biloxi South/Long Bay Island/17June11Camera1-Card5-0537.jpg,1825.21,670.76,1861.21,706.76,LAGU site
high_resolution_photos/2011/Biloxi South/Long Bay Island/17June11Camera1-Card5-0537.jpg,1576.81,676.75,1612.81,712.75,LAGU site
high_resolution_photos/2011/Biloxi South/Long Bay Island/17June11Camera1-Card5-0537.jpg,1588.81,680.75,1624.81,716.75,LAGU site
high_resolution_photos/2011/Biloxi South/Long Bay Island/17June11Camera1-Card5-0537.jpg,1596.81,684.75,1632.81,720.75,LAGU site
high_resolution_photos/2011/Biloxi South/Long Bay Island/17June11Camera1-Card5-0537.jpg,4532.88,714.78,4568.88,750.78,LAGU site
high_resolution_photos/2011/Biloxi South/Long Bay Island/17June11Camera1-Card5-0537.jpg,1659.74,736.22,1695.74,772.22,LAGU site
high_resolution_photos/2011/Biloxi South/Long Bay Island/17June11Camera1-Card5-0537.jpg,4532.87,796.78,4568.87,832.78,LAGU site
high_resolution_photos/2011/Biloxi South/Long Bay Island/17June11Camera1-Card5-0537.jpg,4058.86,843.03,4094.86,879.03,LAGU site
high_resolution_photos/2011/Biloxi South/Long Bay Island/17June11Camera1-Card5-0537.jpg,1424.8,856.76,1460.8,892.76,LAGU bird
high_resolution_photos/2011/Biloxi South/Long Bay Island/17June11Camera1-Card5-0537.jpg,1424.8,872.76,1460.8,908.76,LAGU bird
high_resolution_photos/2011/Biloxi South/Long Bay Island/17June11Camera1-Card5-0537.jpg,2690.83,892.77,2726.83,928.77,Bird
high_resolution_photos/2011/Biloxi South/Long Bay Island/17June11Camera1-Card5-0537.jpg,4618.21,999.45,4654.21,1035.45,LAGU site
high_resolution_photos/2011/Biloxi South/Long Bay Island/17June11Camera1-Card5-0537.jpg,1562.8,1008.76,1598.8,1044.76,LAGU site
high_resolution_photos/2011/Biloxi South/Long Bay Island/17June11Camera1-Card5-0537.jpg,4452.87,1020.79,4488.87,1056.79,Bird
high_resolution_photos/2011/Biloxi South/Long Bay Island/17June11Camera1-Card5-0537.jpg,2268.38,1026.99,2304.38,1062.99,LAGU site
high_resolution_photos/2011/Biloxi South/Long Bay Island/17June11Camera1-Card5-0537.jpg,2538.83,1024.77,2574.83,1060.77,LAGU site
high_resolution_photos/2011/Biloxi South/Long Bay Island/17June11Camera1-Card5-0537.jpg,3100.84,1064.78,3136.84,1100.78,Bird
high_resolution_photos/2011/Biloxi South/Long Bay Island/17June11Camera1-Card5-0537.jpg,3690.85,1054.78,3726.85,1090.78,LAGU site
high_resolution_photos/2011/Biloxi South/Long Bay Island/17June11Camera1-Card5-0537.jpg,3472.35,1157.28,3508.35,1193.28,LAGU site
high_resolution_photos/2011/Biloxi South/Long Bay Island/17June11Camera1-Card5-0537.jpg,3780.52,1184.78,3816.52,1220.78,LAGU site
high_resolution_photos/2011/Biloxi South/Long Bay Island/17June11Camera1-Card5-0537.jpg,1272.8,1188.76,1308.8,1224.76,LAGU site
high_resolution_photos/2011/Biloxi South/Long Bay Island/17June11Camera1-Card5-0537.jpg,1272.8,1196.76,1308.8,1232.76,LAGU site
high_resolution_photos/2011/Biloxi South/Long Bay Island/17June11Camera1-Card5-0537.jpg,1014.79,1216.09,1050.79,1252.09,LAGU site
high_resolution_photos/2011/Biloxi South/Long Bay Island/17June11Camera1-Card5-0537.jpg,4298.87,1242.79,4334.87,1278.79,LAGU bird
high_resolution_photos/2011/Biloxi South/Long Bay Island/17June11Camera1-Card5-0537.jpg,4292.87,1258.79,4328.87,1294.79,LAGU site
high_resolution_photos/2011/Biloxi South/Long Bay Island/17June11Camera1-Card5-0537.jpg,3704.35,1237.28,3740.35,1273.28,LAGU site
high_resolution_photos/2011/Biloxi South/Long Bay Island/17June11Camera1-Card5-0537.jpg,1978.81,1402.77,2014.81,1438.77,LAGU site
high_resolution_photos/2011/Biloxi South/Long Bay Island/17June11Camera1-Card5-0537.jpg,3788.85,1584.79,3824.85,1620.79,LAGU bird
high_resolution_photos/2011/Biloxi South/Long Bay Island/17June11Camera1-Card5-0537.jpg,3792.85,1592.79,3828.85,1628.79,LAGU bird
high_resolution_photos/2011/Biloxi South/Long Bay Island/17June11Camera1-Card5-0537.jpg,3768.85,1648.79,3804.85,1684.79,LAGU bird
high_resolution_photos/2011/Biloxi South/Long Bay Island/17June11Camera1-Card5-0537.jpg,3794.85,1648.79,3830.85,1684.79,LAGU bird
high_resolution_photos/2011/Biloxi South/Long Bay Island/17June11Camera1-Card5-0537.jpg,3814.85,1652.79,3850.85,1688.79,LAGU bird
high_resolution_photos/2011/Biloxi South/Long Bay Island/17June11Camera1-Card5-0537.jpg,3764.85,1660.79,3800.85,1696.79,LAGU bird
high_resolution_photos/2011/Biloxi South/Long Bay Island/17June11Camera1-Card5-0537.jpg,3760.85,1670.79,3796.85,1706.79,LAGU bird
high_resolution_photos/2011/Biloxi South/Long Bay Island/17June11Camera1-Card5-0537.jpg,3756.85,1692.8,3792.85,1728.8,LAGU bird
high_resolution_photos/2011/Biloxi South/Long Bay Island/17June11Camera1-Card5-0537.jpg,3760.85,1704.8,3796.85,1740.8,LAGU bird
high_resolution_photos/2011/Biloxi South/Long Bay Island/17June11Camera1-Card5-0537.jpg,3750.85,1744.8,3786.85,1780.8,LAGU bird
high_resolution_photos/2011/Biloxi South/Long Bay Island/17June11Camera1-Card5-0537.jpg,3106.83,1588.79,3142.83,1624.79,LAGU bird
high_resolution_photos/2011/Biloxi South/Long Bay Island/17June11Camera1-Card5-0537.jpg,3104.83,1608.79,3140.83,1644.79,LAGU bird
high_resolution_photos/2011/Biloxi South/Long Bay Island/17June11Camera1-Card5-0537.jpg,3520.84,1588.79,3556.84,1624.79,LAGU bird
high_resolution_photos/2011/Biloxi South/Long Bay Island/17June11Camera1-Card5-0537.jpg,3506.18,1602.12,3542.18,1638.12,LAGU bird
high_resolution_photos/2011/Biloxi South/Long Bay Island/17June11Camera1-Card5-0537.jpg,3732.85,1588.79,3768.85,1624.79,LAGU bird
high_resolution_photos/2011/Biloxi South/Long Bay Island/17June11Camera1-Card5-0537.jpg,3708.85,1632.79,3744.85,1668.79,LAGU bird
high_resolution_photos/2011/Biloxi South/Long Bay Island/17June11Camera1-Card5-0537.jpg,1040.79,1654.77,1076.79,1690.77,LAGU site
high_resolution_photos/2011/Biloxi South/Long Bay Island/17June11Camera1-Card5-0537.jpg,3558.84,1666.79,3594.84,1702.79,LAGU bird
high_resolution_photos/2011/Biloxi South/Long Bay Island/17June11Camera1-Card5-0537.jpg,3576.85,1672.79,3612.85,1708.79,LAGU bird
high_resolution_photos/2011/Biloxi South/Long Bay Island/17June11Camera1-Card5-0537.jpg,3596.85,1686.79,3632.85,1722.79,LAGU bird
high_resolution_photos/2011/Biloxi South/Long Bay Island/17June11Camera1-Card5-0537.jpg,3596.85,1696.79,3632.85,1732.79,LAGU bird
high_resolution_photos/2011/Biloxi South/Long Bay Island/17June11Camera1-Card5-0537.jpg,3572.84,1704.79,3608.84,1740.79,LAGU bird
high_resolution_photos/2011/Biloxi South/Long Bay Island/17June11Camera1-Card5-0537.jpg,3560.84,1708.79,3596.84,1744.79,LAGU bird
high_resolution_photos/2011/Biloxi South/Long Bay Island/17June11Camera1-Card5-0537.jpg,3600.85,1712.79,3636.85,1748.79,LAGU bird
high_resolution_photos/2011/Biloxi South/Long Bay Island/17June11Camera1-Card5-0537.jpg,3608.85,1724.79,3644.85,1760.79,LAGU bird
high_resolution_photos/2011/Biloxi South/Long Bay Island/17June11Camera1-Card5-0537.jpg,3606.85,1752.8,3642.85,1788.8,LAGU bird
high_resolution_photos/2011/Biloxi South/Long Bay Island/17June11Camera1-Card5-0537.jpg,3448.84,1668.79,3484.84,1704.79,LAGU bird
high_resolution_photos/2011/Biloxi South/Long Bay Island/17June11Camera1-Card5-0537.jpg,3432.84,1688.79,3468.84,1724.79,LAGU bird
high_resolution_photos/2011/Biloxi South/Long Bay Island/17June11Camera1-Card5-0537.jpg,3452.84,1688.79,3488.84,1724.79,LAGU bird
high_resolution_photos/2011/Biloxi South/Long Bay Island/17June11Camera1-Card5-0537.jpg,3494.84,1698.79,3530.84,1734.79,LAGU bird
high_resolution_photos/2011/Biloxi South/Long Bay Island/17June11Camera1-Card5-0537.jpg,3084.83,1710.79,3120.83,1746.79,Bird
high_resolution_photos/2011/Biloxi South/Long Bay Island/17June11Camera1-Card5-0537.jpg,3088.83,1724.79,3124.83,1760.79,Bird
high_resolution_photos/2011/Biloxi South/Long Bay Island/17June11Camera1-Card5-0537.jpg,3306.84,1726.79,3342.84,1762.79,LAGU bird
high_resolution_photos/2011/Biloxi South/Long Bay Island/17June11Camera1-Card5-0537.jpg,3324.84,1724.79,3360.84,1760.79,LAGU bird
high_resolution_photos/2011/Biloxi South/Long Bay Island/17June11Camera1-Card5-0537.jpg,3424.84,1740.79,3460.84,1776.79,LAGU bird
high_resolution_photos/2011/Biloxi South/Long Bay Island/17June11Camera1-Card5-0537.jpg,3404.84,1760.79,3440.84,1796.79,LAGU bird
high_resolution_photos/2011/Biloxi South/Long Bay Island/17June11Camera1-Card5-0537.jpg,3584.84,1792.8,3620.84,1828.8,LAGU bird
high_resolution_photos/2011/Biloxi South/Long Bay Island/17June11Camera1-Card5-0537.jpg,3548.84,1828.8,3584.84,1864.8,LAGU bird
high_resolution_photos/2011/Biloxi South/Long Bay Island/17June11Camera1-Card5-0537.jpg,3544.84,1842.8,3580.84,1878.8,LAGU bird
high_resolution_photos/2011/Biloxi South/Long Bay Island/17June11Camera1-Card5-0537.jpg,1155.54,1848.53,1191.54,1884.53,LAGU site
high_resolution_photos/2011/Biloxi South/Long Bay Island/17June11Camera1-Card5-0537.jpg,1341.24,1870.56,1377.24,1906.56,LAGU site
high_resolution_photos/2011/Biloxi South/Long Bay Island/17June11Camera1-Card5-0537.jpg,3028.33,1885.29,3064.33,1921.29,LAGU site
high_resolution_photos/2011/Biloxi South/Long Bay Island/17June11Camera1-Card5-0537.jpg,1084.79,1894.78,1120.79,1930.78,LAGU site
high_resolution_photos/2011/Biloxi South/Long Bay Island/17June11Camera1-Card5-0537.jpg,1434.79,1910.78,1470.79,1946.78,LAGU site
high_resolution_photos/2011/Biloxi South/Long Bay Island/17June11Camera1-Card5-0537.jpg,2154.81,1948.79,2190.81,1984.79,LAGU bird
high_resolution_photos/2011/Biloxi South/Long Bay Island/17June11Camera1-Card5-0537.jpg,2176.81,1952.79,2212.81,1988.79,LAGU site
high_resolution_photos/2011/Biloxi South/Long Bay Island/17June11Camera1-Card5-0537.jpg,3038.83,1992.8,3074.83,2028.8,LAGU site
high_resolution_photos/2011/Biloxi South/Long Bay Island/17June11Camera1-Card5-0537.jpg,1170.79,2000.78,1206.79,2036.78,LAGU site
high_resolution_photos/2011/Biloxi South/Long Bay Island/17June11Camera1-Card5-0537.jpg,1916.8,2008.79,1952.8,2044.79,LAGU site
high_resolution_photos/2011/Biloxi South/Long Bay Island/17June11Camera1-Card5-0537.jpg,2460.82,2032.79,2496.82,2068.79,LAGU bird
high_resolution_photos/2011/Biloxi South/Long Bay Island/17June11Camera1-Card5-0537.jpg,2478.82,2034.79,2514.82,2070.79,LAGU bird
high_resolution_photos/2011/Biloxi South/Long Bay Island/17June11Camera1-Card5-0537.jpg,1195.19,2051.18,1231.19,2087.18,LAGU site
high_resolution_photos/2011/Biloxi South/Long Bay Island/17June11Camera1-Card5-0537.jpg,1096.78,2080.78,1132.78,2116.78,LAGU bird
high_resolution_photos/2011/Biloxi South/Long Bay Island/17June11Camera1-Card5-0537.jpg,1110.78,2084.78,1146.78,2120.78,LAGU bird
high_resolution_photos/2011/Biloxi South/Long Bay Island/17June11Camera1-Card5-0537.jpg,1267.45,2082.31,1303.45,2118.31,LAGU site
high_resolution_photos/2011/Biloxi South/Long Bay Island/17June11Camera1-Card5-0537.jpg,2662.82,2084.8,2698.82,2120.8,LAGU site
high_resolution_photos/2011/Biloxi South/Long Bay Island/17June11Camera1-Card5-0537.jpg,1574.79,2100.79,1610.79,2136.79,LAGU site
high_resolution_photos/2011/Biloxi South/Long Bay Island/17June11Camera1-Card5-0537.jpg,3221.28,2143.02,3257.28,2179.02,LAGU site
high_resolution_photos/2011/Biloxi South/Long Bay Island/17June11Camera1-Card5-0537.jpg,1615.26,2155.86,1651.26,2191.86,LAGU site
high_resolution_photos/2011/Biloxi South/Long Bay Island/17June11Camera1-Card5-0537.jpg,1518.79,2184.79,1554.79,2220.79,TRHE bird
high_resolution_photos/2011/Biloxi South/Long Bay Island/17June11Camera1-Card5-0537.jpg,3528.84,2200.81,3564.84,2236.81,Bird
high_resolution_photos/2011/Biloxi South/Long Bay Island/17June11Camera1-Card5-0537.jpg,3556.84,2204.81,3592.84,2240.81,LAGU site
high_resolution_photos/2011/Biloxi South/Long Bay Island/17June11Camera1-Card5-0537.jpg,3528.84,2224.81,3564.84,2260.81,LAGU site
high_resolution_photos/2011/Biloxi South/Long Bay Island/17June11Camera1-Card5-0537.jpg,3556.84,2224.81,3592.84,2260.81,LAGU site
high_resolution_photos/2011/Biloxi South/Long Bay Island/17June11Camera1-Card5-0537.jpg,1276.79,2230.79,1312.79,2266.79,LAGU site
high_resolution_photos/2011/Biloxi South/Long Bay Island/17June11Camera1-Card5-0537.jpg,1268.79,2238.79,1304.79,2274.79,LAGU site
high_resolution_photos/2011/Biloxi South/Long Bay Island/17June11Camera1-Card5-0537.jpg,1758.8,2247.99,1794.8,2283.99,LAGU site
high_resolution_photos/2011/Biloxi South/Long Bay Island/17June11Camera1-Card5-0537.jpg,1464.79,2300.79,1500.79,2336.79,LAGU site
high_resolution_photos/2011/Biloxi South/Long Bay Island/17June11Camera1-Card5-0537.jpg,1456.79,2310.79,1492.79,2346.79,LAGU site
high_resolution_photos/2011/Biloxi South/Long Bay Island/17June11Camera1-Card5-0537.jpg,1972.8,2318.79,2008.8,2354.79,LAGU site
high_resolution_photos/2011/Biloxi South/Long Bay Island/17June11Camera1-Card5-0537.jpg,3314.83,2332.81,3350.83,2368.81,LAGU site
high_resolution_photos/2011/Biloxi South/Long Bay Island/17June11Camera1-Card5-0537.jpg,1818.8,2448.8,1854.8,2484.8,LAGU site
high_resolution_photos/2011/Biloxi South/Long Bay Island/17June11Camera1-Card5-0537.jpg,3914.85,2516.82,3950.85,2552.82,LAGU site
high_resolution_photos/2011/Biloxi South/Long Bay Island/17June11Camera1-Card5-0537.jpg,2632.82,2544.81,2668.82,2580.81,LAGU site
high_resolution_photos/2011/Biloxi South/Long Bay Island/17June11Camera1-Card5-0537.jpg,1734.79,2558.8,1770.79,2594.8,LAGU bird
high_resolution_photos/2011/Biloxi South/Long Bay Island/17June11Camera1-Card5-0537.jpg,1752.8,2558.8,1788.8,2594.8,LAGU bird
high_resolution_photos/2011/Biloxi South/Long Bay Island/17June11Camera1-Card5-0537.jpg,3480.84,2556.81,3516.84,2592.81,LAGU site
high_resolution_photos/2011/Biloxi South/Long Bay Island/17June11Camera1-Card5-0537.jpg,1342.79,2548.79,1378.79,2584.79,LAGU site
high_resolution_photos/2011/Biloxi South/Long Bay Island/17June11Camera1-Card5-0537.jpg,1922.8,2552.0,1958.8,2588.0,LAGU site
high_resolution_photos/2011/Biloxi South/Long Bay Island/17June11Camera1-Card5-0537.jpg,337.13,2567.33,373.13,2603.33,LAGU site
high_resolution_photos/2011/Biloxi South/Long Bay Island/17June11Camera1-Card5-0537.jpg,1298.78,2596.8,1334.78,2632.8,LAGU site
high_resolution_photos/2011/Biloxi South/Long Bay Island/17June11Camera1-Card5-0537.jpg,3804.84,2632.82,3840.84,2668.82,Bird
high_resolution_photos/2011/Biloxi South/Long Bay Island/17June11Camera1-Card5-0537.jpg,2618.81,2664.81,2654.81,2700.81,LAGU site
high_resolution_photos/2011/Biloxi South/Long Bay Island/17June11Camera1-Card5-0537.jpg,2618.81,2680.81,2654.81,2716.81,LAGU site
high_resolution_photos/2011/Biloxi South/Long Bay Island/17June11Camera1-Card5-0537.jpg,1690.39,2695.2,1726.39,2731.2,LAGU site
high_resolution_photos/2011/Biloxi South/Long Bay Island/17June11Camera1-Card5-0537.jpg,1500.79,2724.8,1536.79,2760.8,LAGU bird
high_resolution_photos/2011/Biloxi South/Long Bay Island/17June11Camera1-Card5-0537.jpg,1476.79,2728.8,1512.79,2764.8,LAGU bird
high_resolution_photos/2011/Biloxi South/Long Bay Island/17June11Camera1-Card5-0537.jpg,3532.84,2732.82,3568.84,2768.82,LAGU site
high_resolution_photos/2011/Biloxi South/Long Bay Island/17June11Camera1-Card5-0537.jpg,3528.83,2740.82,3564.83,2776.82,LAGU site
high_resolution_photos/2011/Biloxi South/Long Bay Island/17June11Camera1-Card5-0537.jpg,2476.81,2752.81,2512.81,2788.81,LAGU site
high_resolution_photos/2011/Biloxi South/Long Bay Island/17June11Camera1-Card5-0537.jpg,2298.81,2778.81,2334.81,2814.81,LAGU bird
high_resolution_photos/2011/Biloxi South/Long Bay Island/17June11Camera1-Card5-0537.jpg,2312.81,2780.81,2348.81,2816.81,LAGU bird
high_resolution_photos/2011/Biloxi South/Long Bay Island/17June11Camera1-Card5-0537.jpg,2328.81,2780.81,2364.81,2816.81,LAGU bird
high_resolution_photos/2011/Biloxi South/Long Bay Island/17June11Camera1-Card5-0537.jpg,1496.79,2820.8,1532.79,2856.8,LAGU site
high_resolution_photos/2011/Biloxi South/Long Bay Island/17June11Camera1-Card5-0537.jpg,2006.8,2876.81,2042.8,2912.81,LAGU site
high_resolution_photos/2011/Biloxi South/Long Bay Island/17June11Camera1-Card5-0537.jpg,3860.84,2878.82,3896.84,2914.82,LAGU site
high_resolution_photos/2011/Biloxi South/Long Bay Island/17June11Camera1-Card5-0537.jpg,1727.87,2935.88,1763.87,2971.88,LAGU site
high_resolution_photos/2011/Biloxi South/Long Bay Island/17June11Camera1-Card5-0537.jpg,3587.74,2963.73,3623.74,2999.73,LAGU site
high_resolution_photos/2011/Biloxi South/Long Bay Island/17June11Camera1-Card5-0537.jpg,3526.83,2996.82,3562.83,3032.82,LAGU site
high_resolution_photos/2012/Biloxi North/Door Point Lagoon 2/28May12Camera2-Card2-0242.jpg,2267.12,21.1,2283.12,37.1,Bird
high_resolution_photos/2012/Biloxi North/Door Point Lagoon 2/28May12Camera2-Card2-0242.jpg,2009.13,69.09,2025.13,85.09,Bird
high_resolution_photos/2012/Biloxi North/Door Point Lagoon 2/28May12Camera2-Card2-0242.jpg,2493.11,117.11,2509.11,133.11,Bird
high_resolution_photos/2012/Biloxi North/Door Point Lagoon 2/28May12Camera2-Card2-0242.jpg,967.61,385.26,983.61,401.26,Bird
high_resolution_photos/2012/Biloxi North/Door Point Lagoon 2/28May12Camera2-Card2-0242.jpg,55.21,413.0,71.21,429.0,Bird
high_resolution_photos/2012/Biloxi North/Door Point Lagoon 2/28May12Camera2-Card2-0242.jpg,2281.1,487.08,2297.1,503.08,Bird
high_resolution_photos/2012/Biloxi North/Door Point Lagoon 2/28May12Camera2-Card2-0242.jpg,2293.1,643.08,2309.1,659.08,Bird
high_resolution_photos/2012/Biloxi North/Door Point Lagoon 2/28May12Camera2-Card2-0242.jpg,1186.65,655.53,1202.65,671.53,Bird
high_resolution_photos/2012/Biloxi North/Door Point Lagoon 2/28May12Camera2-Card2-0242.jpg,1945.11,667.06,1961.11,683.06,Bird
high_resolution_photos/2012/Biloxi North/Door Point Lagoon 2/28May12Camera2-Card2-0242.jpg,819.13,1444.98,835.13,1460.98,Bird
high_resolution_photos/2012/Biloxi North/Door Point Lagoon 2/28May12Camera2-Card2-0242.jpg,819.13,1460.98,835.13,1476.98,Bird
high_resolution_photos/2012/Biloxi North/Door Point Lagoon 2/28May12Camera2-Card2-0242.jpg,803.13,1530.98,819.13,1546.98,Bird
high_resolution_photos/2012/Biloxi North/Door Point Lagoon 2/28May12Camera2-Card2-0242.jpg,823.13,1542.98,839.13,1558.98,Bird
high_resolution_photos/2012/Biloxi North/Door Point Lagoon 2/28May12Camera2-Card2-0242.jpg,811.13,1624.98,827.13,1640.98,Bird
high_resolution_photos/2012/Biloxi North/Door Point Lagoon 2/28May12Camera2-Card2-0242.jpg,807.12,1638.97,823.12,1654.97,Bird
high_resolution_photos/2012/Biloxi North/Door Point Lagoon 2/28May12Camera2-Card2-0242.jpg,19.16,1686.94,35.16,1702.94,Bird
high_resolution_photos/2012/Biloxi North/Door Point Lagoon 2/28May12Camera2-Card2-0242.jpg,729.79,1690.3,745.79,1706.3,Bird
high_resolution_photos/2012/Biloxi North/Door Point Lagoon 2/28May12Camera2-Card2-0242.jpg,0.0,1690.94,15.16,1706.94,Bird
high_resolution_photos/2012/Biloxi North/Door Point Lagoon 2/28May12Camera2-Card2-0242.jpg,11.16,1690.94,27.16,1706.94,Bird
high_resolution_photos/2012/Biloxi North/Door Point Lagoon 2/28May12Camera2-Card2-0242.jpg,29.16,1690.94,45.16,1706.94,Bird
high_resolution_photos/2012/Biloxi North/Door Point Lagoon 2/28May12Camera2-Card2-0242.jpg,49.16,1690.94,65.16,1706.94,Bird
high_resolution_photos/2012/Biloxi North/Door Point Lagoon 2/28May12Camera2-Card2-0242.jpg,201.15,1690.95,217.15,1706.95,Bird
high_resolution_photos/2012/Biloxi North/Door Point Lagoon 2/28May12Camera2-Card2-0242.jpg,285.15,1690.95,301.15,1706.95,Bird
high_resolution_photos/2012/Biloxi North/Door Point Lagoon 2/28May12Camera2-Card2-0242.jpg,481.14,1690.96,497.14,1706.96,Bird
high_resolution_photos/2012/Biloxi North/Door Point Lagoon 2/28May12Camera2-Card2-0242.jpg,589.13,1690.96,605.13,1706.96,Bird
high_resolution_photos/2012/Biloxi North/Door Point Lagoon 2/28May12Camera2-Card2-0242.jpg,447.14,1694.96,463.14,1710.96,Bird
high_resolution_photos/2012/Biloxi North/Door Point Lagoon 2/28May12Camera2-Card2-0242.jpg,123.15,1698.94,139.15,1714.94,Bird
high_resolution_photos/2012/Biloxi North/Door Point Lagoon 2/28May12Camera2-Card2-0242.jpg,619.13,1702.96,635.13,1718.96,Bird
high_resolution_photos/2012/Biloxi North/Door Point Lagoon 2/28May12Camera2-Card2-0242.jpg,665.13,1702.97,681.13,1718.97,Bird
high_resolution_photos/2012/Biloxi North/Door Point Lagoon 2/28May12Camera2-Card2-0242.jpg,759.12,1702.97,775.12,1718.97,Bird
high_resolution_photos/2012/Biloxi North/Door Point Lagoon 2/28May12Camera2-Card2-0242.jpg,779.12,1702.97,795.12,1718.97,Bird
high_resolution_photos/2012/Biloxi North/Door Point Lagoon 2/28May12Camera2-Card2-0242.jpg,1781.11,879.05,1797.11,895.05,Bird
high_resolution_photos/2012/Biloxi North/Door Point Lagoon 2/28May12Camera2-Card2-0242.jpg,2093.09,999.05,2109.09,1015.05,Bird
high_resolution_photos/2012/Biloxi North/Door Point Lagoon 2/28May12Camera2-Card2-0242.jpg,2189.08,1135.05,2205.08,1151.05,Bird
high_resolution_photos/2012/Biloxi North/Door Point Lagoon 2/28May12Camera2-Card2-0242.jpg,1785.09,1367.03,1801.09,1383.03,Bird
high_resolution_photos/2012/Biloxi North/Door Point Lagoon 2/28May12Camera2-Card2-0242.jpg,879.13,1548.98,895.13,1564.98,Bird
high_resolution_photos/2012/Biloxi North/Door Point Lagoon 2/28May12Camera2-Card2-0242.jpg,921.12,1550.98,937.12,1566.98,Bird
high_resolution_photos/2012/Biloxi North/Door Point Lagoon 2/28May12Camera2-Card2-0242.jpg,1638.04,1553.54,1654.04,1569.54,Bird
high_resolution_photos/2012/Biloxi North/Door Point Lagoon 2/28May12Camera2-Card2-0242.jpg,1366.6,1686.49,1382.6,1702.49,Bird
high_resolution_photos/2012/Biloxi North/Door Point Lagoon 2/28May12Camera2-Card2-0242.jpg,1723.58,1822.5,1739.58,1838.5,Bird
high_resolution_photos/2012/Biloxi North/Door Point Lagoon 2/28May12Camera2-Card2-0242.jpg,2253.04,2108.34,2269.04,2124.34,Bird
high_resolution_photos/2012/Biloxi North/Door Point Lagoon 2/28May12Camera2-Card2-0242.jpg,2217.04,2115.01,2233.04,2131.01,Bird
high_resolution_photos/2012/Biloxi North/Door Point Lagoon 2/28May12Camera2-Card2-0242.jpg,2091.05,2131.0,2107.05,2147.0,Bird
high_resolution_photos/2012/Biloxi North/Door Point Lagoon 2/28May12Camera2-Card2-0242.jpg,2063.05,2135.0,2079.05,2151.0,Bird
high_resolution_photos/2012/Biloxi North/Door Point Lagoon 2/28May12Camera2-Card2-0242.jpg,2074.55,2094.5,2090.55,2110.5,Bird
high_resolution_photos/2012/Biloxi North/Door Point Lagoon 2/28May12Camera2-Card2-0242.jpg,907.43,2229.95,923.43,2245.95,Bird
high_resolution_photos/2012/Biloxi North/Door Point Lagoon 2/28May12Camera2-Card2-0242.jpg,947.1,2238.95,963.1,2254.95,Bird
high_resolution_photos/2012/Biloxi North/Door Point Lagoon 2/28May12Camera2-Card2-0242.jpg,863.8,2262.71,879.8,2278.71,Bird
high_resolution_photos/2012/Biloxi North/Door Point Lagoon 2/28May12Camera2-Card2-0242.jpg,901.28,2271.49,917.28,2287.49,Bird
high_resolution_photos/2012/Biloxi North/Door Point Lagoon 2/28May12Camera2-Card2-0242.jpg,863.1,2300.95,879.1,2316.95,Bird
high_resolution_photos/2012/Biloxi North/Door Point Lagoon 2/28May12Camera2-Card2-0242.jpg,823.1,2304.94,839.1,2320.94,Bird
high_resolution_photos/2012/Barataria Bay/Cat Bay South Island/27May12Camera1-Card2-0449.jpg,1386.13,166.22,1423.13,203.22,LAGU bird
high_resolution_photos/2012/Barataria Bay/Cat Bay South Island/27May12Camera1-Card2-0449.jpg,1368.13,168.22,1405.13,205.22,LAGU bird
high_resolution_photos/2012/Barataria Bay/Cat Bay South Island/27May12Camera1-Card2-0449.jpg,44.07,254.3,81.07,291.3,LAGU bird
high_resolution_photos/2012/Barataria Bay/Cat Bay South Island/27May12Camera1-Card2-0449.jpg,36.07,272.3,73.07,309.3,LAGU bird
high_resolution_photos/2012/Barataria Bay/Cat Bay South Island/27May12Camera1-Card2-0449.jpg,36.07,288.31,73.07,325.31,LAGU bird
high_resolution_photos/2012/Barataria Bay/Cat Bay South Island/27May12Camera1-Card2-0449.jpg,2280.19,362.18,2317.19,399.18,LAGU bird
high_resolution_photos/2012/Barataria Bay/Cat Bay South Island/27May12Camera1-Card2-0449.jpg,2278.19,382.18,2315.19,419.18,LAGU bird
high_resolution_photos/2012/Barataria Bay/Cat Bay South Island/27May12Camera1-Card2-0449.jpg,2286.21,636.2,2323.21,673.2,LAGU bird
high_resolution_photos/2012/Barataria Bay/Cat Bay South Island/27May12Camera1-Card2-0449.jpg,2306.21,636.2,2343.21,673.2,LAGU bird
high_resolution_photos/2012/Barataria Bay/Cat Bay South Island/27May12Camera1-Card2-0449.jpg,2390.22,668.19,2427.22,705.19,LAGU site
high_resolution_photos/2012/Barataria Bay/Cat Bay South Island/27May12Camera1-Card2-0449.jpg,2548.22,678.18,2585.22,715.18,LAGU bird
high_resolution_photos/2012/Barataria Bay/Cat Bay South Island/27May12Camera1-Card2-0449.jpg,2552.23,694.18,2589.23,731.18,LAGU bird
high_resolution_photos/2012/Barataria Bay/Cat Bay South Island/27May12Camera1-Card2-0449.jpg,2485.03,758.99,2522.03,795.99,LAGU site
high_resolution_photos/2012/Barataria Bay/Cat Bay South Island/27May12Camera1-Card2-0449.jpg,1312.17,876.26,1349.17,913.26,LAGU bird
high_resolution_photos/2012/Barataria Bay/Cat Bay South Island/27May12Camera1-Card2-0449.jpg,1312.17,888.27,1349.17,925.27,LAGU bird
high_resolution_photos/2012/Barataria Bay/Cat Bay South Island/27May12Camera1-Card2-0449.jpg,2468.23,856.2,2505.23,893.2,LAGU bird
high_resolution_photos/2012/Barataria Bay/Cat Bay South Island/27May12Camera1-Card2-0449.jpg,2448.23,874.2,2485.23,911.2,LAGU bird
high_resolution_photos/2012/Barataria Bay/Cat Bay South Island/27May12Camera1-Card2-0449.jpg,2468.23,874.2,2505.23,911.2,LAGU bird
high_resolution_photos/2012/Barataria Bay/Cat Bay South Island/27May12Camera1-Card2-0449.jpg,2468.23,892.2,2505.23,929.2,LAGU bird
high_resolution_photos/2012/Barataria Bay/Cat Bay South Island/27May12Camera1-Card2-0449.jpg,1648.22,1468.28,1685.22,1505.28,LAGU bird
high_resolution_photos/2012/Barataria Bay/Cat Bay South Island/27May12Camera1-Card2-0449.jpg,1664.22,1472.28,1701.22,1509.28,LAGU bird
high_resolution_photos/2012/Barataria Bay/Cat Bay South Island/27May12Camera1-Card2-0449.jpg,2556.27,1500.23,2593.27,1537.23,LAGU bird
high_resolution_photos/2012/Barataria Bay/Cat Bay South Island/27May12Camera1-Card2-0449.jpg,2556.27,1516.23,2593.27,1553.23,LAGU bird
high_resolution_photos/2012/Barataria Bay/Cat Bay South Island/27May12Camera1-Card2-0449.jpg,2576.27,1524.23,2613.27,1561.23,LAGU bird
high_resolution_photos/2012/Barataria Bay/Cat Bay South Island/27May12Camera1-Card2-0449.jpg,2976.3,1528.21,3013.3,1565.21,LAGU bird
high_resolution_photos/2012/Barataria Bay/Cat Bay South Island/27May12Camera1-Card2-0449.jpg,2958.3,1532.21,2995.3,1569.21,LAGU bird
high_resolution_photos/2012/Barataria Bay/Cat Bay South Island/27May12Camera1-Card2-0449.jpg,2312.26,1596.25,2349.26,1633.25,LAGU bird
high_resolution_photos/2012/Barataria Bay/Cat Bay South Island/27May12Camera1-Card2-0449.jpg,2288.26,1604.25,2325.26,1641.25,LAGU bird
high_resolution_photos/2012/Barataria Bay/Cat Bay South Island/27May12Camera1-Card2-0449.jpg,2276.26,1612.25,2313.26,1649.25,LAGU bird
high_resolution_photos/2012/Barataria Bay/Cat Bay South Island/27May12Camera1-Card2-0449.jpg,952.21,1860.34,989.21,1897.34,LAGU bird
high_resolution_photos/2012/Barataria Bay/Cat Bay South Island/27May12Camera1-Card2-0449.jpg,952.21,1876.34,989.21,1913.34,LAGU bird
high_resolution_photos/2012/Barataria Bay/Cat Bay South Island/27May12Camera1-Card2-0449.jpg,956.21,1896.34,993.21,1933.34,LAGU bird
high_resolution_photos/2012/Barataria Bay/Cat Bay South Island/27May12Camera1-Card2-0449.jpg,1773.31,1902.29,1810.31,1939.29,LAGU bird
high_resolution_photos/2012/Barataria Bay/Cat Bay South Island/27May12Camera1-Card2-0449.jpg,2210.14,1902.41,2247.14,1939.41,LAGU bird
high_resolution_photos/2012/Barataria Bay/Cat Bay South Island/27May12Camera1-Card2-0449.jpg,1532.24,1904.31,1569.24,1941.31,LAGU bird
high_resolution_photos/2012/Barataria Bay/Cat Bay South Island/27May12Camera1-Card2-0449.jpg,1546.24,1904.31,1583.24,1941.31,LAGU bird
high_resolution_photos/2012/Barataria Bay/Cat Bay South Island/27May12Camera1-Card2-0449.jpg,2577.51,1906.7,2614.51,1943.7,LAGU bird
high_resolution_photos/2012/Barataria Bay/Cat Bay South Island/27May12Camera1-Card2-0449.jpg,1520.24,1908.31,1557.24,1945.31,LAGU bird
high_resolution_photos/2012/Barataria Bay/Cat Bay South Island/27May12Camera1-Card2-0449.jpg,2784.31,1910.24,2821.31,1947.24,LAGU bird
high_resolution_photos/2012/Barataria Bay/Cat Bay South Island/27May12Camera1-Card2-0449.jpg,594.19,1912.36,631.19,1949.36,LAGU bird
high_resolution_photos/2012/Barataria Bay/Cat Bay South Island/27May12Camera1-Card2-0449.jpg,1504.24,1912.31,1541.24,1949.31,LAGU bird
high_resolution_photos/2012/Barataria Bay/Cat Bay South Island/27May12Camera1-Card2-0449.jpg,2762.31,1912.24,2799.31,1949.24,LAGU bird
high_resolution_photos/2012/Barataria Bay/Cat Bay South Island/27May12Camera1-Card2-0449.jpg,2806.31,1912.24,2843.31,1949.24,LAGU bird
high_resolution_photos/2012/Barataria Bay/Cat Bay South Island/27May12Camera1-Card2-0449.jpg,2848.71,1914.63,2885.71,1951.63,LAGU bird
high_resolution_photos/2012/Barataria Bay/Cat Bay South Island/27May12Camera1-Card2-0449.jpg,896.21,1916.34,933.21,1953.34,LAGU bird
high_resolution_photos/2012/Barataria Bay/Cat Bay South Island/27May12Camera1-Card2-0449.jpg,918.21,1916.34,955.21,1953.34,LAGU bird
high_resolution_photos/2012/Barataria Bay/Cat Bay South Island/27May12Camera1-Card2-0449.jpg,970.21,1916.34,1007.21,1953.34,LAGU bird
high_resolution_photos/2012/Barataria Bay/Cat Bay South Island/27May12Camera1-Card2-0449.jpg,994.21,1916.34,1031.21,1953.34,LAGU bird
high_resolution_photos/2012/Barataria Bay/Cat Bay South Island/27May12Camera1-Card2-0449.jpg,1013.21,1919.34,1050.21,1956.34,LAGU bird
high_resolution_photos/2012/Barataria Bay/Cat Bay South Island/27May12Camera1-Card2-0449.jpg,1488.24,1916.31,1525.24,1953.31,LAGU bird
high_resolution_photos/2012/Barataria Bay/Cat Bay South Island/27May12Camera1-Card2-0449.jpg,2916.31,1918.23,2953.31,1955.23,LAGU bird
high_resolution_photos/2012/Barataria Bay/Cat Bay South Island/27May12Camera1-Card2-0449.jpg,864.21,1920.35,901.21,1957.35,LAGU bird
high_resolution_photos/2012/Barataria Bay/Cat Bay South Island/27May12Camera1-Card2-0449.jpg,892.21,1920.34,929.21,1957.34,LAGU bird
high_resolution_photos/2012/Barataria Bay/Cat Bay South Island/27May12Camera1-Card2-0449.jpg,1042.21,1920.34,1079.21,1957.34,LAGU bird
high_resolution_photos/2012/Barataria Bay/Cat Bay South Island/27May12Camera1-Card2-0449.jpg,1472.24,1920.31,1509.24,1957.31,LAGU bird
high_resolution_photos/2012/Barataria Bay/Cat Bay South Island/27May12Camera1-Card2-0449.jpg,2888.31,1920.23,2925.31,1957.23,LAGU bird
high_resolution_photos/2012/Barataria Bay/Cat Bay South Island/27May12Camera1-Card2-0449.jpg,2940.32,1920.23,2977.32,1957.23,LAGU bird
high_resolution_photos/2012/Barataria Bay/Cat Bay South Island/27May12Camera1-Card2-0449.jpg,3006.32,1924.22,3043.32,1961.22,LAGU bird
high_resolution_photos/2012/Barataria Bay/Cat Bay South Island/27May12Camera1-Card2-0449.jpg,1066.22,1924.33,1103.22,1961.33,LAGU bird
high_resolution_photos/2012/Barataria Bay/Cat Bay South Island/27May12Camera1-Card2-0449.jpg,1458.24,1924.31,1495.24,1961.31,LAGU bird
high_resolution_photos/2012/Barataria Bay/Cat Bay South Island/27May12Camera1-Card2-0449.jpg,1076.22,1928.33,1113.22,1965.33,LAGU bird
high_resolution_photos/2012/Barataria Bay/Cat Bay South Island/27May12Camera1-Card2-0449.jpg,1444.24,1928.31,1481.24,1965.31,LAGU bird
high_resolution_photos/2012/Barataria Bay/Cat Bay South Island/27May12Camera1-Card2-0449.jpg,3072.32,1928.22,3109.32,1965.22,LAGU bird
high_resolution_photos/2012/Barataria Bay/Cat Bay South Island/27May12Camera1-Card2-0449.jpg,3134.19,1932.5,3171.19,1969.5,LAGU bird
high_resolution_photos/2012/Barataria Bay/Cat Bay South Island/27May12Camera1-Card2-0449.jpg,1096.22,1932.33,1133.22,1969.33,LAGU bird
high_resolution_photos/2012/Barataria Bay/Cat Bay South Island/27May12Camera1-Card2-0449.jpg,1428.24,1932.31,1465.24,1969.31,LAGU bird
high_resolution_photos/2012/Barataria Bay/Cat Bay South Island/27May12Camera1-Card2-0449.jpg,1112.22,1936.33,1149.22,1973.33,LAGU bird
high_resolution_photos/2012/Barataria Bay/Cat Bay South Island/27May12Camera1-Card2-0449.jpg,1416.24,1936.32,1453.24,1973.32,LAGU bird
high_resolution_photos/2012/Barataria Bay/Cat Bay South Island/27May12Camera1-Card2-0449.jpg,3214.33,1940.21,3251.33,1977.21,LAGU bird
high_resolution_photos/2012/Barataria Bay/Cat Bay South Island/27May12Camera1-Card2-0449.jpg,3308.57,1942.04,3345.57,1979.04,LAGU bird
high_resolution_photos/2012/Barataria Bay/Cat Bay South Island/27May12Camera1-Card2-0449.jpg,3356.34,1948.21,3393.34,1985.21,LAGU bird
high_resolution_photos/2012/Barataria Bay/Cat Bay South Island/27May12Camera1-Card2-0449.jpg,3449.49,1950.26,3486.49,1987.26,LAGU bird
high_resolution_photos/2012/Barataria Bay/Cat Bay South Island/27May12Camera1-Card2-0449.jpg,3784.36,1948.18,3821.36,1985.18,LAGU bird
high_resolution_photos/2012/Barataria Bay/Cat Bay South Island/27May12Camera1-Card2-0449.jpg,3510.35,1952.2,3547.35,1989.2,LAGU bird
high_resolution_photos/2012/Barataria Bay/Cat Bay South Island/27May12Camera1-Card2-0449.jpg,3848.37,1952.18,3885.37,1989.18,LAGU bird
high_resolution_photos/2012/Barataria Bay/Cat Bay South Island/27May12Camera1-Card2-0449.jpg,3848.37,2098.19,3885.37,2135.19,LAGU bird
high_resolution_photos/2012/Barataria Bay/Cat Bay South Island/27May12Camera1-Card2-0449.jpg,3848.38,2164.19,3885.38,2201.19,LAGU bird
high_resolution_photos/2012/Barataria Bay/Cat Bay South Island/27May12Camera1-Card2-0449.jpg,3842.43,2468.02,3879.43,2505.02,LAGU bird
high_resolution_photos/2012/Barataria Bay/Cat Bay South Island/27May12Camera1-Card2-0449.jpg,3838.25,2660.66,3875.25,2697.66,LAGU bird
high_resolution_photos/2012/Barataria Bay/Cat Bay South Island/27May12Camera1-Card2-0449.jpg,3850.41,2772.22,3887.41,2809.22,LAGU bird
high_resolution_photos/2012/Barataria Bay/Cat Bay South Island/27May12Camera1-Card2-0449.jpg,3843.97,2812.67,3880.97,2849.67,LAGU bird
high_resolution_photos/2012/Barataria Bay/Cat Bay South Island/27May12Camera1-Card2-0449.jpg,3850.42,2870.23,3887.42,2907.23,LAGU bird
high_resolution_photos/2012/Barataria Bay/Cat Bay South Island/27May12Camera1-Card2-0449.jpg,3858.65,2952.01,3895.65,2989.01,LAGU site
high_resolution_photos/2012/Barataria Bay/Cat Bay South Island/27May12Camera1-Card2-0449.jpg,3870.34,3054.81,3907.34,3091.81,LAGU bird
high_resolution_photos/2012/Barataria Bay/Cat Bay South Island/27May12Camera1-Card2-0449.jpg,3884.44,3136.24,3921.44,3167.0,LAGU bird
high_resolution_photos/2012/Barataria Bay/Cat Bay South Island/27May12Camera1-Card2-0449.jpg,4584.46,2932.19,4621.46,2969.19,LAGU bird
high_resolution_photos/2012/Barataria Bay/Cat Bay South Island/27May12Camera1-Card2-0449.jpg,4584.46,2950.19,4621.46,2987.19,LAGU bird
high_resolution_photos/2012/Birdsfoot East/Birdsfoot East 3/19June12Camera2-Card7-0216.jpg,1786.32,164.16,1803.32,181.16,Bird
high_resolution_photos/2012/Birdsfoot East/Birdsfoot East 3/19June12Camera2-Card7-0216.jpg,1790.32,170.16,1807.32,187.16,Bird
high_resolution_photos/2012/Birdsfoot East/Birdsfoot East 3/19June12Camera2-Card7-0216.jpg,1818.32,170.16,1835.32,187.16,Bird
high_resolution_photos/2012/Birdsfoot East/Birdsfoot East 3/19June12Camera2-Card7-0216.jpg,1792.32,178.16,1809.32,195.16,Bird
high_resolution_photos/2012/Birdsfoot East/Birdsfoot East 3/19June12Camera2-Card7-0216.jpg,1838.32,174.16,1855.32,191.16,Bird
high_resolution_photos/2012/Birdsfoot East/Birdsfoot East 3/19June12Camera2-Card7-0216.jpg,1866.32,182.16,1883.32,199.16,Bird
high_resolution_photos/2012/Birdsfoot East/Birdsfoot East 3/19June12Camera2-Card7-0216.jpg,1870.32,190.16,1887.32,207.16,Bird
high_resolution_photos/2012/Birdsfoot East/Birdsfoot East 3/19June12Camera2-Card7-0216.jpg,1790.32,196.16,1807.32,213.16,Bird
high_resolution_photos/2012/Birdsfoot East/Birdsfoot East 3/19June12Camera2-Card7-0216.jpg,1838.32,198.16,1855.32,215.16,Bird
high_resolution_photos/2012/Birdsfoot East/Birdsfoot East 3/19June12Camera2-Card7-0216.jpg,1830.32,202.16,1847.32,219.16,Bird
high_resolution_photos/2012/Birdsfoot East/Birdsfoot East 3/19June12Camera2-Card7-0216.jpg,1826.32,216.16,1843.32,233.16,Bird
high_resolution_photos/2012/Birdsfoot East/Birdsfoot East 3/19June12Camera2-Card7-0216.jpg,1670.32,170.16,1687.32,187.16,Bird
high_resolution_photos/2012/Birdsfoot East/Birdsfoot East 3/19June12Camera2-Card7-0216.jpg,1670.32,184.16,1687.32,201.16,Bird
high_resolution_photos/2012/Birdsfoot East/Birdsfoot East 3/19June12Camera2-Card7-0216.jpg,1730.32,170.16,1747.32,187.16,Bird
high_resolution_photos/2012/Birdsfoot East/Birdsfoot East 3/19June12Camera2-Card7-0216.jpg,1718.32,186.16,1735.32,203.16,Bird
high_resolution_photos/2012/Birdsfoot East/Birdsfoot East 3/19June12Camera2-Card7-0216.jpg,1918.32,185.16,1935.32,202.16,Bird
high_resolution_photos/2012/Birdsfoot East/Birdsfoot East 3/19June12Camera2-Card7-0216.jpg,1942.77,171.94,1959.77,188.94,Bird
high_resolution_photos/2012/Birdsfoot East/Birdsfoot East 3/19June12Camera2-Card7-0216.jpg,1966.43,186.92,1983.43,203.92,Bird
high_resolution_photos/2012/Birdsfoot East/Birdsfoot East 3/19June12Camera2-Card7-0216.jpg,2082.63,175.7,2099.63,192.7,Bird
high_resolution_photos/2012/Birdsfoot East/Birdsfoot East 3/19June12Camera2-Card7-0216.jpg,2106.32,166.16,2123.32,183.16,Bird
high_resolution_photos/2012/Birdsfoot East/Birdsfoot East 3/19June12Camera2-Card7-0216.jpg,2106.32,186.16,2123.32,203.16,Bird
high_resolution_photos/2012/Birdsfoot East/Birdsfoot East 3/19June12Camera2-Card7-0216.jpg,1677.96,241.43,1694.96,258.43,Bird
high_resolution_photos/2012/Birdsfoot East/Birdsfoot East 3/19June12Camera2-Card7-0216.jpg,1752.32,242.83,1769.32,259.83,Bird
high_resolution_photos/2012/Birdsfoot East/Birdsfoot East 3/19June12Camera2-Card7-0216.jpg,1786.32,250.16,1803.32,267.16,Bird
high_resolution_photos/2012/Birdsfoot East/Birdsfoot East 3/19June12Camera2-Card7-0216.jpg,1786.32,260.16,1803.32,277.16,Bird
high_resolution_photos/2012/Birdsfoot East/Birdsfoot East 3/19June12Camera2-Card7-0216.jpg,1973.13,255.02,1990.13,272.02,Bird
high_resolution_photos/2012/Birdsfoot East/Birdsfoot East 3/19June12Camera2-Card7-0216.jpg,2074.32,240.16,2091.32,257.16,Bird
high_resolution_photos/2012/Birdsfoot East/Birdsfoot East 3/19June12Camera2-Card7-0216.jpg,1926.32,256.16,1943.32,273.16,Bird
high_resolution_photos/2012/Birdsfoot East/Birdsfoot East 3/19June12Camera2-Card7-0216.jpg,2027.37,266.85,2044.37,283.85,Bird
high_resolution_photos/2012/Birdsfoot East/Birdsfoot East 3/19June12Camera2-Card7-0216.jpg,2082.32,264.16,2099.32,281.16,Bird
high_resolution_photos/2012/Birdsfoot East/Birdsfoot East 3/19June12Camera2-Card7-0216.jpg,1712.32,280.16,1729.32,297.16,Bird
high_resolution_photos/2012/Birdsfoot East/Birdsfoot East 3/19June12Camera2-Card7-0216.jpg,1918.32,280.16,1935.32,297.16,Bird
high_resolution_photos/2012/Birdsfoot East/Birdsfoot East 3/19June12Camera2-Card7-0216.jpg,2078.32,280.16,2095.32,297.16,Bird
high_resolution_photos/2012/Birdsfoot East/Birdsfoot East 3/19June12Camera2-Card7-0216.jpg,2518.32,1002.16,2535.32,1019.16,Bird
high_resolution_photos/2012/Birdsfoot East/Birdsfoot East 3/19June12Camera2-Card7-0216.jpg,2526.32,1018.16,2543.32,1035.16,Bird
high_resolution_photos/2012/Birdsfoot East/Birdsfoot East 3/19June12Camera2-Card7-0216.jpg,2530.32,1034.16,2547.32,1051.16,Bird
high_resolution_photos/2012/Birdsfoot East/Birdsfoot East 3/19June12Camera2-Card7-0216.jpg,2542.32,1042.16,2559.32,1059.16,Bird
high_resolution_photos/2012/Birdsfoot East/Birdsfoot East 3/19June12Camera2-Card7-0216.jpg,2322.32,1126.15,2339.32,1143.15,Bird
high_resolution_photos/2012/Birdsfoot East/Birdsfoot East 3/19June12Camera2-Card7-0216.jpg,2334.32,1126.15,2351.32,1143.15,Bird
high_resolution_photos/2012/Birdsfoot East/Birdsfoot East 3/19June12Camera2-Card7-0216.jpg,2438.32,1122.15,2455.32,1139.15,Bird
high_resolution_photos/2012/Birdsfoot East/Birdsfoot East 3/19June12Camera2-Card7-0216.jpg,2558.32,1130.16,2575.32,1147.16,Bird
high_resolution_photos/2012/Birdsfoot East/Birdsfoot East 3/19June12Camera2-Card7-0216.jpg,2518.32,1134.15,2535.32,1151.15,Bird
high_resolution_photos/2012/Birdsfoot East/Birdsfoot East 3/19June12Camera2-Card7-0216.jpg,2546.32,1138.15,2563.32,1155.15,Bird
high_resolution_photos/2012/Birdsfoot East/Birdsfoot East 3/19June12Camera2-Card7-0216.jpg,2522.32,1142.15,2539.32,1159.15,Bird
high_resolution_photos/2012/Birdsfoot East/Birdsfoot East 3/19June12Camera2-Card7-0216.jpg,2474.32,1150.15,2491.32,1167.15,Bird
high_resolution_photos/2012/Birdsfoot East/Birdsfoot East 3/19June12Camera2-Card7-0216.jpg,2438.32,1158.15,2455.32,1175.15,Bird
high_resolution_photos/2012/Birdsfoot East/Birdsfoot East 3/19June12Camera2-Card7-0216.jpg,2534.32,1178.15,2551.32,1195.15,Bird
high_resolution_photos/2012/Birdsfoot East/Birdsfoot East 3/19June12Camera2-Card7-0216.jpg,2538.32,1186.15,2555.32,1203.15,Bird
high_resolution_photos/2012/Birdsfoot East/Birdsfoot East 3/19June12Camera2-Card7-0216.jpg,2662.31,1130.16,2679.31,1147.16,Bird
high_resolution_photos/2012/Birdsfoot East/Birdsfoot East 3/19June12Camera2-Card7-0216.jpg,2634.31,1134.16,2651.31,1151.16,Bird
high_resolution_photos/2012/Birdsfoot East/Birdsfoot East 3/19June12Camera2-Card7-0216.jpg,2658.31,1134.16,2675.31,1151.16,Bird
high_resolution_photos/2012/Birdsfoot East/Birdsfoot East 3/19June12Camera2-Card7-0216.jpg,2642.31,1138.16,2659.31,1155.16,Bird
high_resolution_photos/2012/Birdsfoot East/Birdsfoot East 3/19June12Camera2-Card7-0216.jpg,2654.31,1138.16,2671.31,1155.16,Bird
high_resolution_photos/2012/Birdsfoot East/Birdsfoot East 3/19June12Camera2-Card7-0216.jpg,2654.31,1170.16,2671.31,1187.16,Bird
high_resolution_photos/2012/Birdsfoot East/Birdsfoot East 3/19June12Camera2-Card7-0216.jpg,2122.32,1142.15,2139.32,1159.15,Bird
high_resolution_photos/2012/Birdsfoot East/Birdsfoot East 3/19June12Camera2-Card7-0216.jpg,2078.32,1146.15,2095.32,1163.15,Bird
high_resolution_photos/2012/Birdsfoot East/Birdsfoot East 3/19June12Camera2-Card7-0216.jpg,2144.32,1146.15,2161.32,1163.15,Bird
high_resolution_photos/2012/Birdsfoot East/Birdsfoot East 3/19June12Camera2-Card7-0216.jpg,2074.32,1150.15,2091.32,1167.15,Bird
high_resolution_photos/2012/Birdsfoot East/Birdsfoot East 3/19June12Camera2-Card7-0216.jpg,2066.32,1166.15,2083.32,1183.15,Bird
high_resolution_photos/2012/Birdsfoot East/Birdsfoot East 3/19June12Camera2-Card7-0216.jpg,2028.32,1170.15,2045.32,1187.15,Bird
high_resolution_photos/2012/Birdsfoot East/Birdsfoot East 3/19June12Camera2-Card7-0216.jpg,2042.32,1174.15,2059.32,1191.15,Bird
high_resolution_photos/2012/Birdsfoot East/Birdsfoot East 3/19June12Camera2-Card7-0216.jpg,1978.32,1190.15,1995.32,1207.15,Bird
high_resolution_photos/2012/Birdsfoot East/Birdsfoot East 3/19June12Camera2-Card7-0216.jpg,2060.99,1208.82,2077.99,1225.82,Bird
high_resolution_photos/2012/Birdsfoot East/Birdsfoot East 3/19June12Camera2-Card7-0216.jpg,2002.32,1238.15,2019.32,1255.15,Bird
high_resolution_photos/2012/Birdsfoot East/Birdsfoot East 3/19June12Camera2-Card7-0216.jpg,2070.32,1254.15,2087.32,1271.15,Bird
high_resolution_photos/2012/Birdsfoot East/Birdsfoot East 3/19June12Camera2-Card7-0216.jpg,2042.32,1262.15,2059.32,1279.15,Bird
high_resolution_photos/2012/Birdsfoot East/Birdsfoot East 3/19June12Camera2-Card7-0216.jpg,2062.32,1262.15,2079.32,1279.15,Bird
high_resolution_photos/2012/Birdsfoot East/Birdsfoot East 3/19June12Camera2-Card7-0216.jpg,2030.32,1266.15,2047.32,1283.15,Bird
high_resolution_photos/2012/Birdsfoot East/Birdsfoot East 3/19June12Camera2-Card7-0216.jpg,2056.32,1266.15,2073.32,1283.15,Bird
high_resolution_photos/2012/Birdsfoot East/Birdsfoot East 3/19June12Camera2-Card7-0216.jpg,2022.32,1270.15,2039.32,1287.15,Bird
high_resolution_photos/2012/Birdsfoot East/Birdsfoot East 3/19June12Camera2-Card7-0216.jpg,2002.32,1274.15,2019.32,1291.15,Bird
high_resolution_photos/2012/Birdsfoot East/Birdsfoot East 3/19June12Camera2-Card7-0216.jpg,2014.32,1278.15,2031.32,1295.15,Bird
high_resolution_photos/2012/Birdsfoot East/Birdsfoot East 3/19June12Camera2-Card7-0216.jpg,2054.32,1322.15,2071.32,1339.15,Bird
high_resolution_photos/2012/Birdsfoot East/Birdsfoot East 3/19June12Camera2-Card7-0216.jpg,4230.3,1144.16,4247.3,1161.16,Bird
high_resolution_photos/2012/Birdsfoot East/Birdsfoot East 3/19June12Camera2-Card7-0216.jpg,4242.3,1158.16,4259.3,1175.16,Bird
high_resolution_photos/2012/Birdsfoot East/Birdsfoot East 3/19June12Camera2-Card7-0216.jpg,4246.3,1170.16,4263.3,1187.16,Bird
high_resolution_photos/2012/Birdsfoot East/Birdsfoot East 3/19June12Camera2-Card7-0216.jpg,4298.3,1142.16,4315.3,1159.16,Bird
high_resolution_photos/2012/Birdsfoot East/Birdsfoot East 3/19June12Camera2-Card7-0216.jpg,4322.3,1178.16,4339.3,1195.16,Bird
high_resolution_photos/2012/Birdsfoot East/Birdsfoot East 3/19June12Camera2-Card7-0216.jpg,2386.32,1158.15,2403.32,1175.15,Bird
high_resolution_photos/2012/Birdsfoot East/Birdsfoot East 3/19June12Camera2-Card7-0216.jpg,2382.32,1162.15,2399.32,1179.15,Bird
high_resolution_photos/2012/Birdsfoot East/Birdsfoot East 3/19June12Camera2-Card7-0216.jpg,4606.3,1166.16,4623.3,1183.16,Bird
high_resolution_photos/2012/Birdsfoot East/Birdsfoot East 3/19June12Camera2-Card7-0216.jpg,4610.3,1170.16,4627.3,1187.16,Bird
high_resolution_photos/2012/Birdsfoot East/Birdsfoot East 3/19June12Camera2-Card7-0216.jpg,4622.3,1178.16,4639.3,1195.16,Bird
high_resolution_photos/2012/Birdsfoot East/Birdsfoot East 3/19June12Camera2-Card7-0216.jpg,4626.3,1190.16,4643.3,1207.16,Bird
high_resolution_photos/2012/Birdsfoot East/Birdsfoot East 3/19June12Camera2-Card7-0216.jpg,2690.31,1190.16,2707.31,1207.16,Bird
high_resolution_photos/2012/Birdsfoot East/Birdsfoot East 3/19June12Camera2-Card7-0216.jpg,2694.31,1194.16,2711.31,1211.16,Bird
high_resolution_photos/2012/Birdsfoot East/Birdsfoot East 3/19June12Camera2-Card7-0216.jpg,2702.31,1202.16,2719.31,1219.16,Bird
high_resolution_photos/2012/Birdsfoot East/Birdsfoot East 3/19June12Camera2-Card7-0216.jpg,2706.31,1210.16,2723.31,1227.16,Bird
high_resolution_photos/2012/Birdsfoot East/Birdsfoot East 3/19June12Camera2-Card7-0216.jpg,2642.31,1210.15,2659.31,1227.15,Bird
high_resolution_photos/2012/Birdsfoot East/Birdsfoot East 3/19June12Camera2-Card7-0216.jpg,2630.31,1230.15,2647.31,1247.15,Bird
high_resolution_photos/2012/Birdsfoot East/Birdsfoot East 3/19June12Camera2-Card7-0216.jpg,4934.3,1242.16,4951.3,1259.16,Bird
high_resolution_photos/2012/Birdsfoot East/Birdsfoot East 3/19June12Camera2-Card7-0216.jpg,4922.3,1250.16,4939.3,1267.16,Bird
high_resolution_photos/2012/Birdsfoot East/Birdsfoot East 3/19June12Camera2-Card7-0216.jpg,4918.3,1254.16,4935.3,1271.16,Bird
high_resolution_photos/2012/Birdsfoot East/Birdsfoot East 3/19June12Camera2-Card7-0216.jpg,4910.3,1272.16,4927.3,1289.16,Bird
high_resolution_photos/2012/Birdsfoot East/Birdsfoot East 3/19June12Camera2-Card7-0216.jpg,4646.3,1270.16,4663.3,1287.16,Bird
high_resolution_photos/2012/Birdsfoot East/Birdsfoot East 3/19June12Camera2-Card7-0216.jpg,4604.3,1278.16,4621.3,1295.16,Bird
high_resolution_photos/2012/Birdsfoot East/Birdsfoot East 3/19June12Camera2-Card7-0216.jpg,4610.3,1282.16,4627.3,1299.16,Bird
high_resolution_photos/2012/Birdsfoot East/Birdsfoot East 3/19June12Camera2-Card7-0216.jpg,2222.32,1290.15,2239.32,1307.15,Bird
high_resolution_photos/2012/Birdsfoot East/Birdsfoot East 3/19June12Camera2-Card7-0216.jpg,2246.32,1306.15,2263.32,1323.15,Bird
high_resolution_photos/2012/Birdsfoot East/Birdsfoot East 3/19June12Camera2-Card7-0216.jpg,2250.32,1326.15,2267.32,1343.15,Bird
high_resolution_photos/2012/Birdsfoot East/Birdsfoot East 3/19June12Camera2-Card7-0216.jpg,1852.32,1342.15,1869.32,1359.15,Bird
high_resolution_photos/2012/Birdsfoot East/Birdsfoot East 3/19June12Camera2-Card7-0216.jpg,1883.12,1345.35,1900.12,1362.35,Bird
high_resolution_photos/2012/Birdsfoot East/Birdsfoot East 3/19June12Camera2-Card7-0216.jpg,1890.32,1374.15,1907.32,1391.15,Bird
high_resolution_photos/2012/Birdsfoot East/Birdsfoot East 3/19June12Camera2-Card7-0216.jpg,4970.3,1348.16,4987.3,1365.16,Bird
high_resolution_photos/2012/Birdsfoot East/Birdsfoot East 3/19June12Camera2-Card7-0216.jpg,4982.3,1362.16,4999.3,1379.16,Bird
high_resolution_photos/2012/Birdsfoot East/Birdsfoot East 3/19June12Camera2-Card7-0216.jpg,4982.3,1386.16,4999.3,1403.16,Bird
high_resolution_photos/2012/Birdsfoot East/Birdsfoot East 3/19June12Camera2-Card7-0216.jpg,4790.3,1358.16,4807.3,1375.16,Bird
high_resolution_photos/2012/Birdsfoot East/Birdsfoot East 3/19June12Camera2-Card7-0216.jpg,4824.3,1374.16,4841.3,1391.16,Bird
high_resolution_photos/2012/Birdsfoot East/Birdsfoot East 3/19June12Camera2-Card7-0216.jpg,2070.32,1398.15,2087.32,1415.15,Bird
high_resolution_photos/2012/Birdsfoot East/Birdsfoot East 3/19June12Camera2-Card7-0216.jpg,2038.32,1406.15,2055.32,1423.15,Bird
high_resolution_photos/2012/Birdsfoot East/Birdsfoot East 3/19June12Camera2-Card7-0216.jpg,2062.32,1406.15,2079.32,1423.15,Bird
high_resolution_photos/2012/Birdsfoot East/Birdsfoot East 3/19June12Camera2-Card7-0216.jpg,2090.32,1406.15,2107.32,1423.15,Bird
high_resolution_photos/2012/Birdsfoot East/Birdsfoot East 3/19June12Camera2-Card7-0216.jpg,2030.32,1410.15,2047.32,1427.15,Bird
high_resolution_photos/2012/Birdsfoot East/Birdsfoot East 3/19June12Camera2-Card7-0216.jpg,1966.32,1414.15,1983.32,1431.15,Bird
high_resolution_photos/2012/Birdsfoot East/Birdsfoot East 3/19June12Camera2-Card7-0216.jpg,2018.32,1414.15,2035.32,1431.15,Bird
high_resolution_photos/2012/Birdsfoot East/Birdsfoot East 3/19June12Camera2-Card7-0216.jpg,1970.32,1418.15,1987.32,1435.15,Bird
high_resolution_photos/2012/Birdsfoot East/Birdsfoot East 3/19June12Camera2-Card7-0216.jpg,1974.32,1424.15,1991.32,1441.15,Bird
high_resolution_photos/2012/Birdsfoot East/Birdsfoot East 3/19June12Camera2-Card7-0216.jpg,1970.32,1438.15,1987.32,1455.15,Bird
high_resolution_photos/2012/Birdsfoot East/Birdsfoot East 3/19June12Camera2-Card7-0216.jpg,1966.32,1448.15,1983.32,1465.15,Bird
high_resolution_photos/2012/Birdsfoot East/Birdsfoot East 3/19June12Camera2-Card7-0216.jpg,1970.32,1462.15,1987.32,1479.15,Bird
high_resolution_photos/2012/Birdsfoot East/Birdsfoot East 3/19June12Camera2-Card7-0216.jpg,1982.32,1466.15,1999.32,1483.15,Bird
high_resolution_photos/2012/Birdsfoot East/Birdsfoot East 3/19June12Camera2-Card7-0216.jpg,1992.32,1468.15,2009.32,1485.15,Bird
high_resolution_photos/2012/Birdsfoot East/Birdsfoot East 3/19June12Camera2-Card7-0216.jpg,1958.32,1478.15,1975.32,1495.15,Bird
high_resolution_photos/2012/Birdsfoot East/Birdsfoot East 3/19June12Camera2-Card7-0216.jpg,2122.32,1426.15,2139.32,1443.15,Bird
high_resolution_photos/2012/Birdsfoot East/Birdsfoot East 3/19June12Camera2-Card7-0216.jpg,2134.32,1426.15,2151.32,1443.15,Bird
high_resolution_photos/2012/Birdsfoot East/Birdsfoot East 3/19June12Camera2-Card7-0216.jpg,1156.32,1450.15,1173.32,1467.15,Bird
high_resolution_photos/2012/Birdsfoot East/Birdsfoot East 3/19June12Camera2-Card7-0216.jpg,1154.32,1478.15,1171.32,1495.15,Bird
high_resolution_photos/2012/Birdsfoot East/Birdsfoot East 3/19June12Camera2-Card7-0216.jpg,1166.32,1486.15,1183.32,1503.15,Bird
high_resolution_photos/2012/Birdsfoot East/Birdsfoot East 3/19June12Camera2-Card7-0216.jpg,1179.66,1500.81,1196.66,1517.81,Bird
high_resolution_photos/2012/Birdsfoot East/Birdsfoot East 3/19June12Camera2-Card7-0216.jpg,1194.32,1502.15,1211.32,1519.15,Bird
high_resolution_photos/2012/Birdsfoot East/Birdsfoot East 3/19June12Camera2-Card7-0216.jpg,1150.32,1542.15,1167.32,1559.15,Bird
high_resolution_photos/2012/Birdsfoot East/Birdsfoot East 3/19June12Camera2-Card7-0216.jpg,1866.32,1462.15,1883.32,1479.15,Bird
high_resolution_photos/2012/Birdsfoot East/Birdsfoot East 3/19June12Camera2-Card7-0216.jpg,1878.32,1470.15,1895.32,1487.15,Bird
high_resolution_photos/2012/Birdsfoot East/Birdsfoot East 3/19June12Camera2-Card7-0216.jpg,1902.32,1482.15,1919.32,1499.15,Bird
high_resolution_photos/2012/Birdsfoot East/Birdsfoot East 3/19June12Camera2-Card7-0216.jpg,1894.32,1492.15,1911.32,1509.15,Bird
high_resolution_photos/2012/Birdsfoot East/Birdsfoot East 3/19June12Camera2-Card7-0216.jpg,1092.99,1471.48,1109.99,1488.48,Bird
high_resolution_photos/2012/Birdsfoot East/Birdsfoot East 3/19June12Camera2-Card7-0216.jpg,1114.32,1478.15,1131.32,1495.15,Bird
high_resolution_photos/2012/Birdsfoot East/Birdsfoot East 3/19June12Camera2-Card7-0216.jpg,1090.32,1486.15,1107.32,1503.15,Bird
high_resolution_photos/2012/Birdsfoot East/Birdsfoot East 3/19June12Camera2-Card7-0216.jpg,1090.32,1502.15,1107.32,1519.15,Bird
high_resolution_photos/2012/Birdsfoot East/Birdsfoot East 3/19June12Camera2-Card7-0216.jpg,3106.31,1478.15,3123.31,1495.15,Bird
high_resolution_photos/2012/Birdsfoot East/Birdsfoot East 3/19June12Camera2-Card7-0216.jpg,3092.31,1482.15,3109.31,1499.15,Bird
high_resolution_photos/2012/Birdsfoot East/Birdsfoot East 3/19June12Camera2-Card7-0216.jpg,3090.31,1506.15,3107.31,1523.15,Bird
high_resolution_photos/2012/Birdsfoot East/Birdsfoot East 3/19June12Camera2-Card7-0216.jpg,2066.32,1490.15,2083.32,1507.15,Bird
high_resolution_photos/2012/Birdsfoot East/Birdsfoot East 3/19June12Camera2-Card7-0216.jpg,2034.32,1514.15,2051.32,1531.15,Bird
high_resolution_photos/2012/Birdsfoot East/Birdsfoot East 3/19June12Camera2-Card7-0216.jpg,2102.32,1514.15,2119.32,1531.15,Bird
high_resolution_photos/2012/Birdsfoot East/Birdsfoot East 3/19June12Camera2-Card7-0216.jpg,2066.32,1548.15,2083.32,1565.15,Bird
high_resolution_photos/2012/Birdsfoot East/Birdsfoot East 3/19June12Camera2-Card7-0216.jpg,2086.32,1602.15,2103.32,1619.15,Bird
high_resolution_photos/2012/Birdsfoot East/Birdsfoot East 3/19June12Camera2-Card7-0216.jpg,2002.32,1570.15,2019.32,1587.15,Bird
high_resolution_photos/2012/Birdsfoot East/Birdsfoot East 3/19June12Camera2-Card7-0216.jpg,1950.32,1574.15,1967.32,1591.15,Bird
high_resolution_photos/2012/Birdsfoot East/Birdsfoot East 3/19June12Camera2-Card7-0216.jpg,1970.32,1576.15,1987.32,1593.15,Bird
high_resolution_photos/2012/Birdsfoot East/Birdsfoot East 3/19June12Camera2-Card7-0216.jpg,1994.32,1574.15,2011.32,1591.15,Bird
high_resolution_photos/2012/Birdsfoot East/Birdsfoot East 3/19June12Camera2-Card7-0216.jpg,1970.32,1622.15,1987.32,1639.15,Bird
high_resolution_photos/2012/Birdsfoot East/Birdsfoot East 3/19June12Camera2-Card7-0216.jpg,1934.32,1626.15,1951.32,1643.15,Bird
high_resolution_photos/2012/Birdsfoot East/Birdsfoot East 3/19June12Camera2-Card7-0216.jpg,1956.32,1626.15,1973.32,1643.15,Bird
high_resolution_photos/2012/Birdsfoot East/Birdsfoot East 3/19June12Camera2-Card7-0216.jpg,1786.32,1642.15,1803.32,1659.15,Bird
high_resolution_photos/2012/Birdsfoot East/Birdsfoot East 3/19June12Camera2-Card7-0216.jpg,1920.32,1652.15,1937.32,1669.15,Bird
high_resolution_photos/2012/Birdsfoot East/Birdsfoot East 3/19June12Camera2-Card7-0216.jpg,1808.32,1654.15,1825.32,1671.15,Bird
high_resolution_photos/2012/Birdsfoot East/Birdsfoot East 3/19June12Camera2-Card7-0216.jpg,1846.32,1662.15,1863.32,1679.15,Bird
high_resolution_photos/2012/Birdsfoot East/Birdsfoot East 3/19June12Camera2-Card7-0216.jpg,1870.32,1666.15,1887.32,1683.15,Bird
high_resolution_photos/2012/Birdsfoot East/Birdsfoot East 3/19June12Camera2-Card7-0216.jpg,1822.32,1670.15,1839.32,1687.15,Bird
high_resolution_photos/2012/Birdsfoot East/Birdsfoot East 3/19June12Camera2-Card7-0216.jpg,1830.32,1670.15,1847.32,1687.15,Bird
high_resolution_photos/2012/Birdsfoot East/Birdsfoot East 3/19June12Camera2-Card7-0216.jpg,1906.32,1678.15,1923.32,1695.15,Bird
high_resolution_photos/2012/Birdsfoot East/Birdsfoot East 3/19June12Camera2-Card7-0216.jpg,1818.32,1682.15,1835.32,1699.15,Bird
high_resolution_photos/2012/Birdsfoot East/Birdsfoot East 3/19June12Camera2-Card7-0216.jpg,1934.32,1698.15,1951.32,1715.15,Bird
high_resolution_photos/2012/Birdsfoot East/Birdsfoot East 3/19June12Camera2-Card7-0216.jpg,1976.32,1698.15,1993.32,1715.15,Bird
high_resolution_photos/2012/Birdsfoot East/Birdsfoot East 3/19June12Camera2-Card7-0216.jpg,1926.32,1714.15,1943.32,1731.15,Bird
high_resolution_photos/2012/Birdsfoot East/Birdsfoot East 3/19June12Camera2-Card7-0216.jpg,1982.32,1718.15,1999.32,1735.15,Bird
high_resolution_photos/2012/Birdsfoot East/Birdsfoot East 3/19June12Camera2-Card7-0216.jpg,1986.32,1726.15,2003.32,1743.15,Bird
high_resolution_photos/2012/Birdsfoot East/Birdsfoot East 3/19June12Camera2-Card7-0216.jpg,2018.32,1730.15,2035.32,1747.15,Bird
high_resolution_photos/2012/Birdsfoot East/Birdsfoot East 3/19June12Camera2-Card7-0216.jpg,2026.32,1730.15,2043.32,1747.15,Bird
high_resolution_photos/2012/Birdsfoot East/Birdsfoot East 3/19June12Camera2-Card7-0216.jpg,1906.32,1734.15,1923.32,1751.15,Bird
high_resolution_photos/2012/Birdsfoot East/Birdsfoot East 3/19June12Camera2-Card7-0216.jpg,2004.32,1734.15,2021.32,1751.15,Bird
high_resolution_photos/2012/Birdsfoot East/Birdsfoot East 3/19June12Camera2-Card7-0216.jpg,2034.32,1736.15,2051.32,1753.15,Bird
high_resolution_photos/2012/Birdsfoot East/Birdsfoot East 3/19June12Camera2-Card7-0216.jpg,1898.32,1746.15,1915.32,1763.15,Bird
high_resolution_photos/2012/Birdsfoot East/Birdsfoot East 3/19June12Camera2-Card7-0216.jpg,2038.32,1746.15,2055.32,1763.15,Bird
high_resolution_photos/2012/Birdsfoot East/Birdsfoot East 3/19June12Camera2-Card7-0216.jpg,1894.32,1754.15,1911.32,1771.15,Bird
high_resolution_photos/2012/Birdsfoot East/Birdsfoot East 3/19June12Camera2-Card7-0216.jpg,2050.32,1754.15,2067.32,1771.15,Bird
high_resolution_photos/2012/Birdsfoot East/Birdsfoot East 3/19June12Camera2-Card7-0216.jpg,1878.32,1762.15,1895.32,1779.15,Bird
high_resolution_photos/2012/Birdsfoot East/Birdsfoot East 3/19June12Camera2-Card7-0216.jpg,1854.32,1766.15,1871.32,1783.15,Bird
high_resolution_photos/2012/Birdsfoot East/Birdsfoot East 3/19June12Camera2-Card7-0216.jpg,1898.32,1766.15,1915.32,1783.15,Bird
high_resolution_photos/2012/Birdsfoot East/Birdsfoot East 3/19June12Camera2-Card7-0216.jpg,1858.32,1770.15,1875.32,1787.15,Bird
high_resolution_photos/2012/Birdsfoot East/Birdsfoot East 3/19June12Camera2-Card7-0216.jpg,1934.32,1770.15,1951.32,1787.15,Bird
high_resolution_photos/2012/Birdsfoot East/Birdsfoot East 3/19June12Camera2-Card7-0216.jpg,2050.32,1778.15,2067.32,1795.15,Bird
high_resolution_photos/2012/Birdsfoot East/Birdsfoot East 3/19June12Camera2-Card7-0216.jpg,2058.32,1786.15,2075.32,1803.15,Bird
high_resolution_photos/2012/Birdsfoot East/Birdsfoot East 3/19June12Camera2-Card7-0216.jpg,1862.32,1794.15,1879.32,1811.15,Bird
high_resolution_photos/2012/Birdsfoot East/Birdsfoot East 3/19June12Camera2-Card7-0216.jpg,1914.32,1794.15,1931.32,1811.15,Bird
high_resolution_photos/2012/Birdsfoot East/Birdsfoot East 3/19June12Camera2-Card7-0216.jpg,1890.32,1802.15,1907.32,1819.15,Bird
high_resolution_photos/2012/Birdsfoot East/Birdsfoot East 3/19June12Camera2-Card7-0216.jpg,2034.32,1826.15,2051.32,1843.15,Bird
high_resolution_photos/2012/Birdsfoot East/Birdsfoot East 3/19June12Camera2-Card7-0216.jpg,1670.32,1582.15,1687.32,1599.15,Bird
high_resolution_photos/2012/Birdsfoot East/Birdsfoot East 3/19June12Camera2-Card7-0216.jpg,1674.32,1590.15,1691.32,1607.15,Bird
high_resolution_photos/2012/Birdsfoot East/Birdsfoot East 3/19June12Camera2-Card7-0216.jpg,2342.32,1598.15,2359.32,1615.15,Bird
high_resolution_photos/2012/Birdsfoot East/Birdsfoot East 3/19June12Camera2-Card7-0216.jpg,2302.32,1602.15,2319.32,1619.15,Bird
high_resolution_photos/2012/Birdsfoot East/Birdsfoot East 3/19June12Camera2-Card7-0216.jpg,2354.32,1606.15,2371.32,1623.15,Bird
high_resolution_photos/2012/Birdsfoot East/Birdsfoot East 3/19June12Camera2-Card7-0216.jpg,2290.32,1610.15,2307.32,1627.15,Bird
high_resolution_photos/2012/Birdsfoot East/Birdsfoot East 3/19June12Camera2-Card7-0216.jpg,2362.31,1614.15,2379.31,1631.15,Bird
high_resolution_photos/2012/Birdsfoot East/Birdsfoot East 3/19June12Camera2-Card7-0216.jpg,2266.32,1622.15,2283.32,1639.15,Bird
high_resolution_photos/2012/Birdsfoot East/Birdsfoot East 3/19June12Camera2-Card7-0216.jpg,2366.31,1622.15,2383.31,1639.15,Bird
high_resolution_photos/2012/Birdsfoot East/Birdsfoot East 3/19June12Camera2-Card7-0216.jpg,2266.32,1654.15,2283.32,1671.15,Bird
high_resolution_photos/2012/Birdsfoot East/Birdsfoot East 3/19June12Camera2-Card7-0216.jpg,3016.31,1620.15,3033.31,1637.15,Bird
high_resolution_photos/2012/Birdsfoot East/Birdsfoot East 3/19June12Camera2-Card7-0216.jpg,3038.31,1650.15,3055.31,1667.15,Bird
high_resolution_photos/2012/Birdsfoot East/Birdsfoot East 3/19June12Camera2-Card7-0216.jpg,3034.31,1656.15,3051.31,1673.15,Bird
high_resolution_photos/2012/Birdsfoot East/Birdsfoot East 3/19June12Camera2-Card7-0216.jpg,3030.31,1670.15,3047.31,1687.15,Bird
high_resolution_photos/2012/Birdsfoot East/Birdsfoot East 3/19June12Camera2-Card7-0216.jpg,2146.32,1626.15,2163.32,1643.15,Bird
high_resolution_photos/2012/Birdsfoot East/Birdsfoot East 3/19June12Camera2-Card7-0216.jpg,2172.98,1628.82,2189.98,1645.82,Bird
high_resolution_photos/2012/Birdsfoot East/Birdsfoot East 3/19June12Camera2-Card7-0216.jpg,2186.32,1630.15,2203.32,1647.15,Bird
high_resolution_photos/2012/Birdsfoot East/Birdsfoot East 3/19June12Camera2-Card7-0216.jpg,2158.32,1634.15,2175.32,1651.15,Bird
high_resolution_photos/2012/Birdsfoot East/Birdsfoot East 3/19June12Camera2-Card7-0216.jpg,2126.32,1646.15,2143.32,1663.15,Bird
high_resolution_photos/2012/Birdsfoot East/Birdsfoot East 3/19June12Camera2-Card7-0216.jpg,2194.32,1650.15,2211.32,1667.15,Bird
high_resolution_photos/2012/Birdsfoot East/Birdsfoot East 3/19June12Camera2-Card7-0216.jpg,2166.32,1670.15,2183.32,1687.15,Bird
high_resolution_photos/2012/Birdsfoot East/Birdsfoot East 3/19June12Camera2-Card7-0216.jpg,2166.32,1682.15,2183.32,1699.15,Bird
high_resolution_photos/2012/Birdsfoot East/Birdsfoot East 3/19June12Camera2-Card7-0216.jpg,2067.65,1656.82,2084.65,1673.82,Bird
high_resolution_photos/2012/Birdsfoot East/Birdsfoot East 3/19June12Camera2-Card7-0216.jpg,2074.32,1692.15,2091.32,1709.15,Bird
high_resolution_photos/2012/Birdsfoot East/Birdsfoot East 3/19June12Camera2-Card7-0216.jpg,2082.32,1702.15,2099.32,1719.15,Bird
high_resolution_photos/2012/Birdsfoot East/Birdsfoot East 3/19June12Camera2-Card7-0216.jpg,2082.32,1714.15,2099.32,1731.15,Bird
high_resolution_photos/2012/Birdsfoot East/Birdsfoot East 3/19June12Camera2-Card7-0216.jpg,2134.32,1718.15,2151.32,1735.15,Bird
high_resolution_photos/2012/Birdsfoot East/Birdsfoot East 3/19June12Camera2-Card7-0216.jpg,2094.32,1722.15,2111.32,1739.15,Bird
high_resolution_photos/2012/Birdsfoot East/Birdsfoot East 3/19June12Camera2-Card7-0216.jpg,2118.32,1726.15,2135.32,1743.15,Bird
high_resolution_photos/2012/Birdsfoot East/Birdsfoot East 3/19June12Camera2-Card7-0216.jpg,2162.32,1730.15,2179.32,1747.15,Bird
high_resolution_photos/2012/Birdsfoot East/Birdsfoot East 3/19June12Camera2-Card7-0216.jpg,2190.32,1730.15,2207.32,1747.15,Bird
high_resolution_photos/2012/Birdsfoot East/Birdsfoot East 3/19June12Camera2-Card7-0216.jpg,2106.32,1734.15,2123.32,1751.15,Bird
high_resolution_photos/2012/Birdsfoot East/Birdsfoot East 3/19June12Camera2-Card7-0216.jpg,2194.32,1738.15,2211.32,1755.15,Bird
high_resolution_photos/2012/Birdsfoot East/Birdsfoot East 3/19June12Camera2-Card7-0216.jpg,2198.32,1746.15,2215.32,1763.15,Bird
high_resolution_photos/2012/Birdsfoot East/Birdsfoot East 3/19June12Camera2-Card7-0216.jpg,2166.32,1758.15,2183.32,1775.15,Bird
high_resolution_photos/2012/Birdsfoot East/Birdsfoot East 3/19June12Camera2-Card7-0216.jpg,2194.32,1770.15,2211.32,1787.15,Bird
high_resolution_photos/2012/Birdsfoot East/Birdsfoot East 3/19June12Camera2-Card7-0216.jpg,2174.32,1778.15,2191.32,1795.15,Bird
high_resolution_photos/2012/Birdsfoot East/Birdsfoot East 3/19June12Camera2-Card7-0216.jpg,2206.32,1778.15,2223.32,1795.15,Bird
high_resolution_photos/2012/Birdsfoot East/Birdsfoot East 3/19June12Camera2-Card7-0216.jpg,2166.32,1796.15,2183.32,1813.15,Bird
high_resolution_photos/2012/Birdsfoot East/Birdsfoot East 3/19June12Camera2-Card7-0216.jpg,2222.32,1798.15,2239.32,1815.15,Bird
high_resolution_photos/2012/Birdsfoot East/Birdsfoot East 3/19June12Camera2-Card7-0216.jpg,3272.31,1652.15,3289.31,1669.15,Bird
high_resolution_photos/2012/Birdsfoot East/Birdsfoot East 3/19June12Camera2-Card7-0216.jpg,3242.31,1686.15,3259.31,1703.15,Bird
high_resolution_photos/2012/Birdsfoot East/Birdsfoot East 3/19June12Camera2-Card7-0216.jpg,1407.65,1687.48,1424.65,1704.48,Bird
high_resolution_photos/2012/Birdsfoot East/Birdsfoot East 3/19June12Camera2-Card7-0216.jpg,1432.32,1690.15,1449.32,1707.15,Bird
high_resolution_photos/2012/Birdsfoot East/Birdsfoot East 3/19June12Camera2-Card7-0216.jpg,1394.32,1706.15,1411.32,1723.15,Bird
high_resolution_photos/2012/Birdsfoot East/Birdsfoot East 3/19June12Camera2-Card7-0216.jpg,1382.32,1722.15,1399.32,1739.15,Bird
high_resolution_photos/2012/Birdsfoot East/Birdsfoot East 3/19June12Camera2-Card7-0216.jpg,1422.32,1742.15,1439.32,1759.15,Bird
high_resolution_photos/2012/Birdsfoot East/Birdsfoot East 3/19June12Camera2-Card7-0216.jpg,1398.32,1746.15,1415.32,1763.15,Bird
high_resolution_photos/2012/Birdsfoot East/Birdsfoot East 3/19June12Camera2-Card7-0216.jpg,1414.32,1746.15,1431.32,1763.15,Bird
high_resolution_photos/2012/Birdsfoot East/Birdsfoot East 3/19June12Camera2-Card7-0216.jpg,1426.32,1746.15,1443.32,1763.15,Bird
high_resolution_photos/2012/Birdsfoot East/Birdsfoot East 3/19June12Camera2-Card7-0216.jpg,1438.32,1770.15,1455.32,1787.15,Bird
high_resolution_photos/2012/Birdsfoot East/Birdsfoot East 3/19June12Camera2-Card7-0216.jpg,1432.99,1792.81,1449.99,1809.81,Bird
high_resolution_photos/2012/Birdsfoot East/Birdsfoot East 3/19June12Camera2-Card7-0216.jpg,1690.32,1678.15,1707.32,1695.15,Bird
high_resolution_photos/2012/Birdsfoot East/Birdsfoot East 3/19June12Camera2-Card7-0216.jpg,1734.32,1678.15,1751.32,1695.15,Bird
high_resolution_photos/2012/Birdsfoot East/Birdsfoot East 3/19June12Camera2-Card7-0216.jpg,1634.32,1682.15,1651.32,1699.15,Bird
high_resolution_photos/2012/Birdsfoot East/Birdsfoot East 3/19June12Camera2-Card7-0216.jpg,1766.32,1690.15,1783.32,1707.15,Bird
high_resolution_photos/2012/Birdsfoot East/Birdsfoot East 3/19June12Camera2-Card7-0216.jpg,1666.32,1694.15,1683.32,1711.15,Bird
high_resolution_photos/2012/Birdsfoot East/Birdsfoot East 3/19June12Camera2-Card7-0216.jpg,1758.32,1694.15,1775.32,1711.15,Bird
high_resolution_photos/2012/Birdsfoot East/Birdsfoot East 3/19June12Camera2-Card7-0216.jpg,1498.32,1674.15,1515.32,1691.15,Bird
high_resolution_photos/2012/Birdsfoot East/Birdsfoot East 3/19June12Camera2-Card7-0216.jpg,1502.32,1678.15,1519.32,1695.15,Bird
high_resolution_photos/2012/Birdsfoot East/Birdsfoot East 3/19June12Camera2-Card7-0216.jpg,1510.32,1682.15,1527.32,1699.15,Bird
high_resolution_photos/2012/Birdsfoot East/Birdsfoot East 3/19June12Camera2-Card7-0216.jpg,1518.32,1684.15,1535.32,1701.15,Bird
high_resolution_photos/2012/Birdsfoot East/Birdsfoot East 3/19June12Camera2-Card7-0216.jpg,1558.32,1706.15,1575.32,1723.15,Bird
high_resolution_photos/2012/Birdsfoot East/Birdsfoot East 3/19June12Camera2-Card7-0216.jpg,1538.32,1722.15,1555.32,1739.15,Bird
high_resolution_photos/2012/Birdsfoot East/Birdsfoot East 3/19June12Camera2-Card7-0216.jpg,1534.32,1726.15,1551.32,1743.15,Bird
high_resolution_photos/2012/Birdsfoot East/Birdsfoot East 3/19June12Camera2-Card7-0216.jpg,1506.32,1750.15,1523.32,1767.15,Bird
high_resolution_photos/2012/Birdsfoot East/Birdsfoot East 3/19June12Camera2-Card7-0216.jpg,1534.32,1778.15,1551.32,1795.15,Bird
high_resolution_photos/2012/Birdsfoot East/Birdsfoot East 3/19June12Camera2-Card7-0216.jpg,1538.32,1782.15,1555.32,1799.15,Bird
high_resolution_photos/2012/Birdsfoot East/Birdsfoot East 3/19June12Camera2-Card7-0216.jpg,1542.32,1790.15,1559.32,1807.15,Bird
high_resolution_photos/2012/Birdsfoot East/Birdsfoot East 3/19June12Camera2-Card7-0216.jpg,1498.32,1810.15,1515.32,1827.15,Bird
high_resolution_photos/2012/Birdsfoot East/Birdsfoot East 3/19June12Camera2-Card7-0216.jpg,1486.32,1822.15,1503.32,1839.15,Bird
high_resolution_photos/2012/Birdsfoot East/Birdsfoot East 3/19June12Camera2-Card7-0216.jpg,1526.32,1838.15,1543.32,1855.15,Bird
high_resolution_photos/2012/Birdsfoot East/Birdsfoot East 3/19June12Camera2-Card7-0216.jpg,1482.32,1856.15,1499.32,1873.15,Bird
high_resolution_photos/2012/Birdsfoot East/Birdsfoot East 3/19June12Camera2-Card7-0216.jpg,1438.32,1874.15,1455.32,1891.15,Bird
high_resolution_photos/2012/Birdsfoot East/Birdsfoot East 3/19June12Camera2-Card7-0216.jpg,1434.32,1888.15,1451.32,1905.15,Bird
high_resolution_photos/2012/Birdsfoot East/Birdsfoot East 3/19June12Camera2-Card7-0216.jpg,2550.31,1678.15,2567.31,1695.15,Bird
high_resolution_photos/2012/Birdsfoot East/Birdsfoot East 3/19June12Camera2-Card7-0216.jpg,2512.31,1694.15,2529.31,1711.15,Bird
high_resolution_photos/2012/Birdsfoot East/Birdsfoot East 3/19June12Camera2-Card7-0216.jpg,2406.31,1698.15,2423.31,1715.15,Bird
high_resolution_photos/2012/Birdsfoot East/Birdsfoot East 3/19June12Camera2-Card7-0216.jpg,2426.31,1710.15,2443.31,1727.15,Bird
high_resolution_photos/2012/Birdsfoot East/Birdsfoot East 3/19June12Camera2-Card7-0216.jpg,2610.31,1694.15,2627.31,1711.15,Bird
high_resolution_photos/2012/Birdsfoot East/Birdsfoot East 3/19June12Camera2-Card7-0216.jpg,2610.31,1706.15,2627.31,1723.15,Bird
high_resolution_photos/2012/Birdsfoot East/Birdsfoot East 3/19June12Camera2-Card7-0216.jpg,1810.32,1726.15,1827.32,1743.15,Bird
high_resolution_photos/2012/Birdsfoot East/Birdsfoot East 3/19June12Camera2-Card7-0216.jpg,1770.32,1738.15,1787.32,1755.15,Bird
high_resolution_photos/2012/Birdsfoot East/Birdsfoot East 3/19June12Camera2-Card7-0216.jpg,1790.32,1750.15,1807.32,1767.15,Bird
high_resolution_photos/2012/Birdsfoot East/Birdsfoot East 3/19June12Camera2-Card7-0216.jpg,1794.32,1758.15,1811.32,1775.15,Bird
high_resolution_photos/2012/Birdsfoot East/Birdsfoot East 3/19June12Camera2-Card7-0216.jpg,1754.32,1782.15,1771.32,1799.15,Bird
high_resolution_photos/2012/Birdsfoot East/Birdsfoot East 3/19June12Camera2-Card7-0216.jpg,1766.32,1792.15,1783.32,1809.15,Bird
high_resolution_photos/2012/Birdsfoot East/Birdsfoot East 3/19June12Camera2-Card7-0216.jpg,1778.32,1794.15,1795.32,1811.15,Bird
high_resolution_photos/2012/Birdsfoot East/Birdsfoot East 3/19June12Camera2-Card7-0216.jpg,1782.32,1798.15,1799.32,1815.15,Bird
high_resolution_photos/2012/Birdsfoot East/Birdsfoot East 3/19June12Camera2-Card7-0216.jpg,1790.32,1818.15,1807.32,1835.15,Bird
high_resolution_photos/2012/Birdsfoot East/Birdsfoot East 3/19June12Camera2-Card7-0216.jpg,1814.32,1830.15,1831.32,1847.15,Bird
high_resolution_photos/2012/Birdsfoot East/Birdsfoot East 3/19June12Camera2-Card7-0216.jpg,1826.32,1838.15,1843.32,1855.15,Bird
high_resolution_photos/2012/Birdsfoot East/Birdsfoot East 3/19June12Camera2-Card7-0216.jpg,1782.32,1852.15,1799.32,1869.15,Bird
high_resolution_photos/2012/Birdsfoot East/Birdsfoot East 3/19June12Camera2-Card7-0216.jpg,1786.32,1862.15,1803.32,1879.15,Bird
high_resolution_photos/2012/Birdsfoot East/Birdsfoot East 3/19June12Camera2-Card7-0216.jpg,1886.32,1862.15,1903.32,1879.15,Bird
high_resolution_photos/2012/Birdsfoot East/Birdsfoot East 3/19June12Camera2-Card7-0216.jpg,1794.32,1866.15,1811.32,1883.15,Bird
high_resolution_photos/2012/Birdsfoot East/Birdsfoot East 3/19June12Camera2-Card7-0216.jpg,1806.32,1870.15,1823.32,1887.15,Bird
high_resolution_photos/2012/Birdsfoot East/Birdsfoot East 3/19June12Camera2-Card7-0216.jpg,1906.32,1874.15,1923.32,1891.15,Bird
high_resolution_photos/2012/Birdsfoot East/Birdsfoot East 3/19June12Camera2-Card7-0216.jpg,1742.32,1882.15,1759.32,1899.15,Bird
high_resolution_photos/2012/Birdsfoot East/Birdsfoot East 3/19June12Camera2-Card7-0216.jpg,1750.32,1886.15,1767.32,1903.15,Bird
high_resolution_photos/2012/Birdsfoot East/Birdsfoot East 3/19June12Camera2-Card7-0216.jpg,2006.32,1894.15,2023.32,1911.15,Bird
high_resolution_photos/2012/Birdsfoot East/Birdsfoot East 3/19June12Camera2-Card7-0216.jpg,1674.32,1902.15,1691.32,1919.15,Bird
high_resolution_photos/2012/Birdsfoot East/Birdsfoot East 3/19June12Camera2-Card7-0216.jpg,1726.32,1902.15,1743.32,1919.15,Bird
high_resolution_photos/2012/Birdsfoot East/Birdsfoot East 3/19June12Camera2-Card7-0216.jpg,2018.32,1906.15,2035.32,1923.15,Bird
high_resolution_photos/2012/Birdsfoot East/Birdsfoot East 3/19June12Camera2-Card7-0216.jpg,1686.32,1910.15,1703.32,1927.15,Bird
high_resolution_photos/2012/Birdsfoot East/Birdsfoot East 3/19June12Camera2-Card7-0216.jpg,1918.32,1910.15,1935.32,1927.15,Bird
high_resolution_photos/2012/Birdsfoot East/Birdsfoot East 3/19June12Camera2-Card7-0216.jpg,1696.32,1918.15,1713.32,1935.15,Bird
high_resolution_photos/2012/Birdsfoot East/Birdsfoot East 3/19June12Camera2-Card7-0216.jpg,1794.32,1922.15,1811.32,1939.15,Bird
high_resolution_photos/2012/Birdsfoot East/Birdsfoot East 3/19June12Camera2-Card7-0216.jpg,2020.98,1924.81,2037.98,1941.81,Bird
high_resolution_photos/2012/Birdsfoot East/Birdsfoot East 3/19June12Camera2-Card7-0216.jpg,1790.32,1926.15,1807.32,1943.15,Bird
high_resolution_photos/2012/Birdsfoot East/Birdsfoot East 3/19June12Camera2-Card7-0216.jpg,1806.32,1926.15,1823.32,1943.15,Bird
high_resolution_photos/2012/Birdsfoot East/Birdsfoot East 3/19June12Camera2-Card7-0216.jpg,1698.32,1930.15,1715.32,1947.15,Bird
high_resolution_photos/2012/Birdsfoot East/Birdsfoot East 3/19June12Camera2-Card7-0216.jpg,1702.32,1934.15,1719.32,1951.15,Bird
high_resolution_photos/2012/Birdsfoot East/Birdsfoot East 3/19June12Camera2-Card7-0216.jpg,1974.32,1938.15,1991.32,1955.15,Bird
high_resolution_photos/2012/Birdsfoot East/Birdsfoot East 3/19June12Camera2-Card7-0216.jpg,1760.32,1942.15,1777.32,1959.15,Bird
high_resolution_photos/2012/Birdsfoot East/Birdsfoot East 3/19June12Camera2-Card7-0216.jpg,1778.32,1942.15,1795.32,1959.15,Bird
high_resolution_photos/2012/Birdsfoot East/Birdsfoot East 3/19June12Camera2-Card7-0216.jpg,1818.32,1942.15,1835.32,1959.15,Bird
high_resolution_photos/2012/Birdsfoot East/Birdsfoot East 3/19June12Camera2-Card7-0216.jpg,1742.32,1950.15,1759.32,1967.15,Bird
high_resolution_photos/2012/Birdsfoot East/Birdsfoot East 3/19June12Camera2-Card7-0216.jpg,1858.32,1950.15,1875.32,1967.15,Bird
high_resolution_photos/2012/Birdsfoot East/Birdsfoot East 3/19June12Camera2-Card7-0216.jpg,1870.32,1950.15,1887.32,1967.15,Bird
high_resolution_photos/2012/Birdsfoot East/Birdsfoot East 3/19June12Camera2-Card7-0216.jpg,1890.32,1950.15,1907.32,1967.15,Bird
high_resolution_photos/2012/Birdsfoot East/Birdsfoot East 3/19June12Camera2-Card7-0216.jpg,1930.32,1950.15,1947.32,1967.15,Bird
high_resolution_photos/2012/Birdsfoot East/Birdsfoot East 3/19June12Camera2-Card7-0216.jpg,1714.32,1954.15,1731.32,1971.15,Bird
high_resolution_photos/2012/Birdsfoot East/Birdsfoot East 3/19June12Camera2-Card7-0216.jpg,1920.32,1954.15,1937.32,1971.15,Bird
high_resolution_photos/2012/Birdsfoot East/Birdsfoot East 3/19June12Camera2-Card7-0216.jpg,1994.32,1962.15,2011.32,1979.15,Bird
high_resolution_photos/2012/Birdsfoot East/Birdsfoot East 3/19June12Camera2-Card7-0216.jpg,1718.32,1974.15,1735.32,1991.15,Bird
high_resolution_photos/2012/Birdsfoot East/Birdsfoot East 3/19June12Camera2-Card7-0216.jpg,1874.32,1974.15,1891.32,1991.15,Bird
high_resolution_photos/2012/Birdsfoot East/Birdsfoot East 3/19June12Camera2-Card7-0216.jpg,1722.32,1982.15,1739.32,1999.15,Bird
high_resolution_photos/2012/Birdsfoot East/Birdsfoot East 3/19June12Camera2-Card7-0216.jpg,1840.32,1990.15,1857.32,2007.15,Bird
high_resolution_photos/2012/Birdsfoot East/Birdsfoot East 3/19June12Camera2-Card7-0216.jpg,1730.32,1990.15,1747.32,2007.15,Bird
high_resolution_photos/2012/Birdsfoot East/Birdsfoot East 3/19June12Camera2-Card7-0216.jpg,1854.32,2002.15,1871.32,2019.15,Bird
high_resolution_photos/2012/Birdsfoot East/Birdsfoot East 3/19June12Camera2-Card7-0216.jpg,1866.32,2006.15,1883.32,2023.15,Bird
high_resolution_photos/2012/Birdsfoot East/Birdsfoot East 3/19June12Camera2-Card7-0216.jpg,1902.32,2006.15,1919.32,2023.15,Bird
high_resolution_photos/2012/Birdsfoot East/Birdsfoot East 3/19June12Camera2-Card7-0216.jpg,1734.32,2010.15,1751.32,2027.15,Bird
high_resolution_photos/2012/Birdsfoot East/Birdsfoot East 3/19June12Camera2-Card7-0216.jpg,1898.32,2010.15,1915.32,2027.15,Bird
high_resolution_photos/2012/Birdsfoot East/Birdsfoot East 3/19June12Camera2-Card7-0216.jpg,1822.32,2026.15,1839.32,2043.15,Bird
high_resolution_photos/2012/Birdsfoot East/Birdsfoot East 3/19June12Camera2-Card7-0216.jpg,1926.32,2038.15,1943.32,2055.15,Bird
high_resolution_photos/2012/Birdsfoot East/Birdsfoot East 3/19June12Camera2-Card7-0216.jpg,1718.32,2042.15,1735.32,2059.15,Bird
high_resolution_photos/2012/Birdsfoot East/Birdsfoot East 3/19June12Camera2-Card7-0216.jpg,1758.32,2042.15,1775.32,2059.15,Bird
high_resolution_photos/2012/Birdsfoot East/Birdsfoot East 3/19June12Camera2-Card7-0216.jpg,1874.32,2058.15,1891.32,2075.15,Bird
high_resolution_photos/2012/Birdsfoot East/Birdsfoot East 3/19June12Camera2-Card7-0216.jpg,1898.32,2082.15,1915.32,2099.15,Bird
high_resolution_photos/2012/Birdsfoot East/Birdsfoot East 3/19June12Camera2-Card7-0216.jpg,1910.32,2108.15,1927.32,2125.15,Bird
high_resolution_photos/2012/Birdsfoot East/Birdsfoot East 3/19June12Camera2-Card7-0216.jpg,1910.32,2122.15,1927.32,2139.15,Bird
high_resolution_photos/2012/Birdsfoot East/Birdsfoot East 3/19June12Camera2-Card7-0216.jpg,1922.32,2146.15,1939.32,2163.15,Bird
high_resolution_photos/2012/Birdsfoot East/Birdsfoot East 3/19June12Camera2-Card7-0216.jpg,1934.32,2158.15,1951.32,2175.15,Bird
high_resolution_photos/2012/Birdsfoot East/Birdsfoot East 3/19June12Camera2-Card7-0216.jpg,1818.32,2182.15,1835.32,2199.15,Bird
high_resolution_photos/2012/Birdsfoot East/Birdsfoot East 3/19June12Camera2-Card7-0216.jpg,1934.32,2186.15,1951.32,2203.15,Bird
high_resolution_photos/2012/Birdsfoot East/Birdsfoot East 3/19June12Camera2-Card7-0216.jpg,1862.32,2190.15,1879.32,2207.15,Bird
high_resolution_photos/2012/Birdsfoot East/Birdsfoot East 3/19June12Camera2-Card7-0216.jpg,1898.32,2190.15,1915.32,2207.15,Bird
high_resolution_photos/2012/Birdsfoot East/Birdsfoot East 3/19June12Camera2-Card7-0216.jpg,1850.32,2198.15,1867.32,2215.15,Bird
high_resolution_photos/2012/Birdsfoot East/Birdsfoot East 3/19June12Camera2-Card7-0216.jpg,1926.32,2198.15,1943.32,2215.15,Bird
high_resolution_photos/2012/Birdsfoot East/Birdsfoot East 3/19June12Camera2-Card7-0216.jpg,1841.52,2209.35,1858.52,2226.35,Bird
high_resolution_photos/2012/Birdsfoot East/Birdsfoot East 3/19June12Camera2-Card7-0216.jpg,1850.32,2218.15,1867.32,2235.15,Bird
high_resolution_photos/2012/Birdsfoot East/Birdsfoot East 3/19June12Camera2-Card7-0216.jpg,1918.32,2218.15,1935.32,2235.15,Bird
high_resolution_photos/2012/Birdsfoot East/Birdsfoot East 3/19June12Camera2-Card7-0216.jpg,1888.98,2252.81,1905.98,2269.81,Bird
high_resolution_photos/2012/Birdsfoot East/Birdsfoot East 3/19June12Camera2-Card7-0216.jpg,1838.32,2254.14,1855.32,2271.14,Bird
high_resolution_photos/2012/Birdsfoot East/Birdsfoot East 3/19June12Camera2-Card7-0216.jpg,1887.65,2276.81,1904.65,2293.81,Bird
high_resolution_photos/2012/Birdsfoot East/Birdsfoot East 3/19June12Camera2-Card7-0216.jpg,2250.32,1730.15,2267.32,1747.15,Bird
high_resolution_photos/2012/Birdsfoot East/Birdsfoot East 3/19June12Camera2-Card7-0216.jpg,2246.32,1734.15,2263.32,1751.15,Bird
high_resolution_photos/2012/Birdsfoot East/Birdsfoot East 3/19June12Camera2-Card7-0216.jpg,2246.32,1750.15,2263.32,1767.15,Bird
high_resolution_photos/2012/Birdsfoot East/Birdsfoot East 3/19June12Camera2-Card7-0216.jpg,2258.32,1758.15,2275.32,1775.15,Bird
high_resolution_photos/2012/Birdsfoot East/Birdsfoot East 3/19June12Camera2-Card7-0216.jpg,2262.32,1762.15,2279.32,1779.15,Bird
high_resolution_photos/2012/Birdsfoot East/Birdsfoot East 3/19June12Camera2-Card7-0216.jpg,2834.31,1758.15,2851.31,1775.15,Bird
high_resolution_photos/2012/Birdsfoot East/Birdsfoot East 3/19June12Camera2-Card7-0216.jpg,2826.31,1762.15,2843.31,1779.15,Bird
high_resolution_photos/2012/Birdsfoot East/Birdsfoot East 3/19June12Camera2-Card7-0216.jpg,2802.31,1766.15,2819.31,1783.15,Bird
high_resolution_photos/2012/Birdsfoot East/Birdsfoot East 3/19June12Camera2-Card7-0216.jpg,2782.31,1772.15,2799.31,1789.15,Bird
high_resolution_photos/2012/Birdsfoot East/Birdsfoot East 3/19June12Camera2-Card7-0216.jpg,2794.31,1770.15,2811.31,1787.15,Bird
high_resolution_photos/2012/Birdsfoot East/Birdsfoot East 3/19June12Camera2-Card7-0216.jpg,2758.31,1778.15,2775.31,1795.15,Bird
high_resolution_photos/2012/Birdsfoot East/Birdsfoot East 3/19June12Camera2-Card7-0216.jpg,2762.31,1790.15,2779.31,1807.15,Bird
high_resolution_photos/2012/Birdsfoot East/Birdsfoot East 3/19June12Camera2-Card7-0216.jpg,2758.31,1802.15,2775.31,1819.15,Bird
high_resolution_photos/2012/Birdsfoot East/Birdsfoot East 3/19June12Camera2-Card7-0216.jpg,1994.32,1772.15,2011.32,1789.15,Bird
high_resolution_photos/2012/Birdsfoot East/Birdsfoot East 3/19June12Camera2-Card7-0216.jpg,1998.32,1786.15,2015.32,1803.15,Bird
high_resolution_photos/2012/Birdsfoot East/Birdsfoot East 3/19June12Camera2-Card7-0216.jpg,2402.31,1770.15,2419.31,1787.15,Bird
high_resolution_photos/2012/Birdsfoot East/Birdsfoot East 3/19June12Camera2-Card7-0216.jpg,2408.31,1810.15,2425.31,1827.15,Bird
high_resolution_photos/2012/Birdsfoot East/Birdsfoot East 3/19June12Camera2-Card7-0216.jpg,1610.32,1770.15,1627.32,1787.15,Bird
high_resolution_photos/2012/Birdsfoot East/Birdsfoot East 3/19June12Camera2-Card7-0216.jpg,1626.32,1770.15,1643.32,1787.15,Bird
high_resolution_photos/2012/Birdsfoot East/Birdsfoot East 3/19June12Camera2-Card7-0216.jpg,2820.98,1812.82,2837.98,1829.82,Bird
high_resolution_photos/2012/Birdsfoot East/Birdsfoot East 3/19June12Camera2-Card7-0216.jpg,2834.31,1846.15,2851.31,1863.15,Bird
high_resolution_photos/2012/Birdsfoot East/Birdsfoot East 3/19June12Camera2-Card7-0216.jpg,2800.31,1854.15,2817.31,1871.15,Bird
high_resolution_photos/2012/Birdsfoot East/Birdsfoot East 3/19June12Camera2-Card7-0216.jpg,2830.31,1854.15,2847.31,1871.15,Bird
high_resolution_photos/2012/Birdsfoot East/Birdsfoot East 3/19June12Camera2-Card7-0216.jpg,2830.31,1862.15,2847.31,1879.15,Bird
high_resolution_photos/2012/Birdsfoot East/Birdsfoot East 3/19June12Camera2-Card7-0216.jpg,2830.31,1878.15,2847.31,1895.15,Bird
high_resolution_photos/2012/Birdsfoot East/Birdsfoot East 3/19June12Camera2-Card7-0216.jpg,1638.32,1832.15,1655.32,1849.15,Bird
high_resolution_photos/2012/Birdsfoot East/Birdsfoot East 3/19June12Camera2-Card7-0216.jpg,1646.32,1842.15,1663.32,1859.15,Bird
high_resolution_photos/2012/Birdsfoot East/Birdsfoot East 3/19June12Camera2-Card7-0216.jpg,1650.32,1846.15,1667.32,1863.15,Bird
high_resolution_photos/2012/Birdsfoot East/Birdsfoot East 3/19June12Camera2-Card7-0216.jpg,1654.32,1850.15,1671.32,1867.15,Bird
high_resolution_photos/2012/Birdsfoot East/Birdsfoot East 3/19June12Camera2-Card7-0216.jpg,1658.32,1854.15,1675.32,1871.15,Bird
high_resolution_photos/2012/Birdsfoot East/Birdsfoot East 3/19June12Camera2-Card7-0216.jpg,2674.31,1870.15,2691.31,1887.15,Bird
high_resolution_photos/2012/Birdsfoot East/Birdsfoot East 3/19June12Camera2-Card7-0216.jpg,2678.31,1890.15,2695.31,1907.15,Bird
high_resolution_photos/2012/Birdsfoot East/Birdsfoot East 3/19June12Camera2-Card7-0216.jpg,1354.32,1882.15,1371.32,1899.15,Bird
high_resolution_photos/2012/Birdsfoot East/Birdsfoot East 3/19June12Camera2-Card7-0216.jpg,1350.32,1886.15,1367.32,1903.15,Bird
high_resolution_photos/2012/Birdsfoot East/Birdsfoot East 3/19June12Camera2-Card7-0216.jpg,1346.32,1910.15,1363.32,1927.15,Bird
high_resolution_photos/2012/Birdsfoot East/Birdsfoot East 3/19June12Camera2-Card7-0216.jpg,1306.32,1918.15,1323.32,1935.15,Bird
high_resolution_photos/2012/Birdsfoot East/Birdsfoot East 3/19June12Camera2-Card7-0216.jpg,1328.99,1924.81,1345.99,1941.81,Bird
high_resolution_photos/2012/Birdsfoot East/Birdsfoot East 3/19June12Camera2-Card7-0216.jpg,1330.32,1958.15,1347.32,1975.15,Bird
high_resolution_photos/2012/Birdsfoot East/Birdsfoot East 3/19June12Camera2-Card7-0216.jpg,2870.31,1904.15,2887.31,1921.15,Bird
high_resolution_photos/2012/Birdsfoot East/Birdsfoot East 3/19June12Camera2-Card7-0216.jpg,2862.31,1934.15,2879.31,1951.15,Bird
high_resolution_photos/2012/Birdsfoot East/Birdsfoot East 3/19June12Camera2-Card7-0216.jpg,2848.31,1938.15,2865.31,1955.15,Bird
high_resolution_photos/2012/Birdsfoot East/Birdsfoot East 3/19June12Camera2-Card7-0216.jpg,2878.31,1942.15,2895.31,1959.15,Bird
high_resolution_photos/2012/Birdsfoot East/Birdsfoot East 3/19June12Camera2-Card7-0216.jpg,2896.31,1948.15,2913.31,1965.15,Bird
high_resolution_photos/2012/Birdsfoot East/Birdsfoot East 3/19June12Camera2-Card7-0216.jpg,2190.32,1924.15,2207.32,1941.15,Bird
high_resolution_photos/2012/Birdsfoot East/Birdsfoot East 3/19June12Camera2-Card7-0216.jpg,2190.32,1938.15,2207.32,1955.15,Bird
high_resolution_photos/2012/Birdsfoot East/Birdsfoot East 3/19June12Camera2-Card7-0216.jpg,2190.32,1946.15,2207.32,1963.15,Bird
high_resolution_photos/2012/Birdsfoot East/Birdsfoot East 3/19June12Camera2-Card7-0216.jpg,2282.31,1946.15,2299.31,1963.15,Bird
high_resolution_photos/2012/Birdsfoot East/Birdsfoot East 3/19June12Camera2-Card7-0216.jpg,2238.31,1966.15,2255.31,1983.15,Bird
high_resolution_photos/2012/Birdsfoot East/Birdsfoot East 3/19June12Camera2-Card7-0216.jpg,2308.98,1976.82,2325.98,1993.82,Bird
high_resolution_photos/2012/Birdsfoot East/Birdsfoot East 3/19June12Camera2-Card7-0216.jpg,2246.31,1978.15,2263.31,1995.15,Bird
high_resolution_photos/2012/Birdsfoot East/Birdsfoot East 3/19June12Camera2-Card7-0216.jpg,2246.31,1990.15,2263.31,2007.15,Bird
high_resolution_photos/2012/Birdsfoot East/Birdsfoot East 3/19June12Camera2-Card7-0216.jpg,2278.31,1994.15,2295.31,2011.15,Bird
high_resolution_photos/2012/Birdsfoot East/Birdsfoot East 3/19June12Camera2-Card7-0216.jpg,2268.31,1998.15,2285.31,2015.15,Bird
high_resolution_photos/2012/Birdsfoot East/Birdsfoot East 3/19June12Camera2-Card7-0216.jpg,2282.31,2030.15,2299.31,2047.15,Bird
high_resolution_photos/2012/Birdsfoot East/Birdsfoot East 3/19June12Camera2-Card7-0216.jpg,2270.31,2038.15,2287.31,2055.15,Bird
high_resolution_photos/2012/Birdsfoot East/Birdsfoot East 3/19June12Camera2-Card7-0216.jpg,2266.31,2042.15,2283.31,2059.15,Bird
high_resolution_photos/2012/Birdsfoot East/Birdsfoot East 3/19June12Camera2-Card7-0216.jpg,2262.31,2054.15,2279.31,2071.15,Bird
high_resolution_photos/2012/Birdsfoot East/Birdsfoot East 3/19June12Camera2-Card7-0216.jpg,2258.31,2058.15,2275.31,2075.15,Bird
high_resolution_photos/2012/Birdsfoot East/Birdsfoot East 3/19June12Camera2-Card7-0216.jpg,2254.31,2098.15,2271.31,2115.15,Bird
high_resolution_photos/2012/Birdsfoot East/Birdsfoot East 3/19June12Camera2-Card7-0216.jpg,1530.32,1958.15,1547.32,1975.15,Bird
high_resolution_photos/2012/Birdsfoot East/Birdsfoot East 3/19June12Camera2-Card7-0216.jpg,1522.32,1970.15,1539.32,1987.15,Bird
high_resolution_photos/2012/Birdsfoot East/Birdsfoot East 3/19June12Camera2-Card7-0216.jpg,1470.32,1974.15,1487.32,1991.15,Bird
high_resolution_photos/2012/Birdsfoot East/Birdsfoot East 3/19June12Camera2-Card7-0216.jpg,1454.32,1978.15,1471.32,1995.15,Bird
high_resolution_photos/2012/Birdsfoot East/Birdsfoot East 3/19June12Camera2-Card7-0216.jpg,1494.32,1986.15,1511.32,2003.15,Bird
high_resolution_photos/2012/Birdsfoot East/Birdsfoot East 3/19June12Camera2-Card7-0216.jpg,1510.32,1986.15,1527.32,2003.15,Bird
high_resolution_photos/2012/Birdsfoot East/Birdsfoot East 3/19June12Camera2-Card7-0216.jpg,1438.32,1990.15,1455.32,2007.15,Bird
high_resolution_photos/2012/Birdsfoot East/Birdsfoot East 3/19June12Camera2-Card7-0216.jpg,1410.32,1998.15,1427.32,2015.15,Bird
high_resolution_photos/2012/Birdsfoot East/Birdsfoot East 3/19June12Camera2-Card7-0216.jpg,1430.32,2006.15,1447.32,2023.15,Bird
high_resolution_photos/2012/Birdsfoot East/Birdsfoot East 3/19June12Camera2-Card7-0216.jpg,1486.32,2010.15,1503.32,2027.15,Bird
high_resolution_photos/2012/Birdsfoot East/Birdsfoot East 3/19June12Camera2-Card7-0216.jpg,1434.32,2014.15,1451.32,2031.15,Bird
high_resolution_photos/2012/Birdsfoot East/Birdsfoot East 3/19June12Camera2-Card7-0216.jpg,1598.32,1954.15,1615.32,1971.15,Bird
high_resolution_photos/2012/Birdsfoot East/Birdsfoot East 3/19June12Camera2-Card7-0216.jpg,1642.32,1970.15,1659.32,1987.15,Bird
high_resolution_photos/2012/Birdsfoot East/Birdsfoot East 3/19June12Camera2-Card7-0216.jpg,1646.32,1974.15,1663.32,1991.15,Bird
high_resolution_photos/2012/Birdsfoot East/Birdsfoot East 3/19June12Camera2-Card7-0216.jpg,1650.32,1978.15,1667.32,1995.15,Bird
high_resolution_photos/2012/Birdsfoot East/Birdsfoot East 3/19June12Camera2-Card7-0216.jpg,1654.32,1982.15,1671.32,1999.15,Bird
high_resolution_photos/2012/Birdsfoot East/Birdsfoot East 3/19June12Camera2-Card7-0216.jpg,2098.32,1966.15,2115.32,1983.15,Bird
high_resolution_photos/2012/Birdsfoot East/Birdsfoot East 3/19June12Camera2-Card7-0216.jpg,2086.32,1974.15,2103.32,1991.15,Bird
high_resolution_photos/2012/Birdsfoot East/Birdsfoot East 3/19June12Camera2-Card7-0216.jpg,2082.32,1978.15,2099.32,1995.15,Bird
high_resolution_photos/2012/Birdsfoot East/Birdsfoot East 3/19June12Camera2-Card7-0216.jpg,2078.32,2002.15,2095.32,2019.15,Bird
high_resolution_photos/2012/Birdsfoot East/Birdsfoot East 3/19June12Camera2-Card7-0216.jpg,2686.31,1962.15,2703.31,1979.15,Bird
high_resolution_photos/2012/Birdsfoot East/Birdsfoot East 3/19June12Camera2-Card7-0216.jpg,2682.31,1970.15,2699.31,1987.15,Bird
high_resolution_photos/2012/Birdsfoot East/Birdsfoot East 3/19June12Camera2-Card7-0216.jpg,1146.32,1974.14,1163.32,1991.14,Bird
high_resolution_photos/2012/Birdsfoot East/Birdsfoot East 3/19June12Camera2-Card7-0216.jpg,1138.32,1978.14,1155.32,1995.14,Bird
high_resolution_photos/2012/Birdsfoot East/Birdsfoot East 3/19June12Camera2-Card7-0216.jpg,1126.32,1986.14,1143.32,2003.14,Bird
high_resolution_photos/2012/Birdsfoot East/Birdsfoot East 3/19June12Camera2-Card7-0216.jpg,1110.32,1990.14,1127.32,2007.14,Bird
high_resolution_photos/2012/Birdsfoot East/Birdsfoot East 3/19June12Camera2-Card7-0216.jpg,254.33,1976.14,271.33,1993.14,Bird
high_resolution_photos/2012/Birdsfoot East/Birdsfoot East 3/19June12Camera2-Card7-0216.jpg,250.33,1986.14,267.33,2003.14,Bird
high_resolution_photos/2012/Birdsfoot East/Birdsfoot East 3/19June12Camera2-Card7-0216.jpg,240.33,1990.14,257.33,2007.14,Bird
high_resolution_photos/2012/Birdsfoot East/Birdsfoot East 3/19June12Camera2-Card7-0216.jpg,3040.31,1986.15,3057.31,2003.15,Bird
high_resolution_photos/2012/Birdsfoot East/Birdsfoot East 3/19June12Camera2-Card7-0216.jpg,3059.64,1992.82,3076.64,2009.82,Bird
high_resolution_photos/2012/Birdsfoot East/Birdsfoot East 3/19June12Camera2-Card7-0216.jpg,3078.31,1992.15,3095.31,2009.15,Bird
high_resolution_photos/2012/Birdsfoot East/Birdsfoot East 3/19June12Camera2-Card7-0216.jpg,3088.31,1990.15,3105.31,2007.15,Bird
high_resolution_photos/2012/Birdsfoot East/Birdsfoot East 3/19June12Camera2-Card7-0216.jpg,3034.31,2034.15,3051.31,2051.15,Bird
high_resolution_photos/2012/Birdsfoot East/Birdsfoot East 3/19June12Camera2-Card7-0216.jpg,2030.32,2010.15,2047.32,2027.15,Bird
high_resolution_photos/2012/Birdsfoot East/Birdsfoot East 3/19June12Camera2-Card7-0216.jpg,2042.32,2018.15,2059.32,2035.15,Bird
high_resolution_photos/2012/Birdsfoot East/Birdsfoot East 3/19June12Camera2-Card7-0216.jpg,2050.32,2022.15,2067.32,2039.15,Bird
high_resolution_photos/2012/Birdsfoot East/Birdsfoot East 3/19June12Camera2-Card7-0216.jpg,2062.32,2030.15,2079.32,2047.15,Bird
high_resolution_photos/2012/Birdsfoot East/Birdsfoot East 3/19June12Camera2-Card7-0216.jpg,2014.32,2042.15,2031.32,2059.15,Bird
high_resolution_photos/2012/Birdsfoot East/Birdsfoot East 3/19June12Camera2-Card7-0216.jpg,2026.32,2050.15,2043.32,2067.15,Bird
high_resolution_photos/2012/Birdsfoot East/Birdsfoot East 3/19June12Camera2-Card7-0216.jpg,1979.65,2055.48,1996.65,2072.48,Bird
high_resolution_photos/2012/Birdsfoot East/Birdsfoot East 3/19June12Camera2-Card7-0216.jpg,2058.32,2070.15,2075.32,2087.15,Bird
high_resolution_photos/2012/Birdsfoot East/Birdsfoot East 3/19June12Camera2-Card7-0216.jpg,2018.32,2074.15,2035.32,2091.15,Bird
high_resolution_photos/2012/Birdsfoot East/Birdsfoot East 3/19June12Camera2-Card7-0216.jpg,2006.32,2094.15,2023.32,2111.15,Bird
high_resolution_photos/2012/Birdsfoot East/Birdsfoot East 3/19June12Camera2-Card7-0216.jpg,1998.32,2098.15,2015.32,2115.15,Bird
high_resolution_photos/2012/Birdsfoot East/Birdsfoot East 3/19June12Camera2-Card7-0216.jpg,1986.32,2106.15,2003.32,2123.15,Bird
high_resolution_photos/2012/Birdsfoot East/Birdsfoot East 3/19June12Camera2-Card7-0216.jpg,2026.32,2138.15,2043.32,2155.15,Bird
high_resolution_photos/2012/Birdsfoot East/Birdsfoot East 3/19June12Camera2-Card7-0216.jpg,1988.32,2142.15,2005.32,2159.15,Bird
high_resolution_photos/2012/Birdsfoot East/Birdsfoot East 3/19June12Camera2-Card7-0216.jpg,2002.32,2146.15,2019.32,2163.15,Bird
high_resolution_photos/2012/Birdsfoot East/Birdsfoot East 3/19June12Camera2-Card7-0216.jpg,2014.32,2150.15,2031.32,2167.15,Bird
high_resolution_photos/2012/Birdsfoot East/Birdsfoot East 3/19June12Camera2-Card7-0216.jpg,1612.32,2014.15,1629.32,2031.15,Bird
high_resolution_photos/2012/Birdsfoot East/Birdsfoot East 3/19June12Camera2-Card7-0216.jpg,1562.32,2022.15,1579.32,2039.15,Bird
high_resolution_photos/2012/Birdsfoot East/Birdsfoot East 3/19June12Camera2-Card7-0216.jpg,1574.32,2038.15,1591.32,2055.15,Bird
high_resolution_photos/2012/Birdsfoot East/Birdsfoot East 3/19June12Camera2-Card7-0216.jpg,1526.32,2042.15,1543.32,2059.15,Bird
high_resolution_photos/2012/Birdsfoot East/Birdsfoot East 3/19June12Camera2-Card7-0216.jpg,1534.32,2050.15,1551.32,2067.15,Bird
high_resolution_photos/2012/Birdsfoot East/Birdsfoot East 3/19June12Camera2-Card7-0216.jpg,2908.98,2024.82,2925.98,2041.82,Bird
high_resolution_photos/2012/Birdsfoot East/Birdsfoot East 3/19June12Camera2-Card7-0216.jpg,2908.98,2052.82,2925.98,2069.82,Bird
high_resolution_photos/2012/Birdsfoot East/Birdsfoot East 3/19June12Camera2-Card7-0216.jpg,2890.31,2058.15,2907.31,2075.15,Bird
high_resolution_photos/2012/Birdsfoot East/Birdsfoot East 3/19June12Camera2-Card7-0216.jpg,2870.31,2066.15,2887.31,2083.15,Bird
high_resolution_photos/2012/Birdsfoot East/Birdsfoot East 3/19June12Camera2-Card7-0216.jpg,1158.32,2034.14,1175.32,2051.14,Bird
high_resolution_photos/2012/Birdsfoot East/Birdsfoot East 3/19June12Camera2-Card7-0216.jpg,1138.32,2054.14,1155.32,2071.14,Bird
high_resolution_photos/2012/Birdsfoot East/Birdsfoot East 3/19June12Camera2-Card7-0216.jpg,2210.31,2034.15,2227.31,2051.15,Bird
high_resolution_photos/2012/Birdsfoot East/Birdsfoot East 3/19June12Camera2-Card7-0216.jpg,2206.31,2042.15,2223.31,2059.15,Bird
high_resolution_photos/2012/Birdsfoot East/Birdsfoot East 3/19June12Camera2-Card7-0216.jpg,2200.31,2076.15,2217.31,2093.15,Bird
high_resolution_photos/2012/Birdsfoot East/Birdsfoot East 3/19June12Camera2-Card7-0216.jpg,3106.31,2030.15,3123.31,2047.15,Bird
high_resolution_photos/2012/Birdsfoot East/Birdsfoot East 3/19June12Camera2-Card7-0216.jpg,3074.31,2046.15,3091.31,2063.15,Bird
high_resolution_photos/2012/Birdsfoot East/Birdsfoot East 3/19June12Camera2-Card7-0216.jpg,3070.31,2054.15,3087.31,2071.15,Bird
high_resolution_photos/2012/Birdsfoot East/Birdsfoot East 3/19June12Camera2-Card7-0216.jpg,3066.31,2058.15,3083.31,2075.15,Bird
high_resolution_photos/2012/Birdsfoot East/Birdsfoot East 3/19June12Camera2-Card7-0216.jpg,3058.31,2070.15,3075.31,2087.15,Bird
high_resolution_photos/2012/Birdsfoot East/Birdsfoot East 3/19June12Camera2-Card7-0216.jpg,1290.32,2046.14,1307.32,2063.14,Bird
high_resolution_photos/2012/Birdsfoot East/Birdsfoot East 3/19June12Camera2-Card7-0216.jpg,1274.32,2050.14,1291.32,2067.14,Bird
high_resolution_photos/2012/Birdsfoot East/Birdsfoot East 3/19June12Camera2-Card7-0216.jpg,1298.32,2050.14,1315.32,2067.14,Bird
high_resolution_photos/2012/Birdsfoot East/Birdsfoot East 3/19June12Camera2-Card7-0216.jpg,1262.32,2054.14,1279.32,2071.14,Bird
high_resolution_photos/2012/Birdsfoot East/Birdsfoot East 3/19June12Camera2-Card7-0216.jpg,1302.32,2062.14,1319.32,2079.14,Bird
high_resolution_photos/2012/Birdsfoot East/Birdsfoot East 3/19June12Camera2-Card7-0216.jpg,1306.32,2076.14,1323.32,2093.14,Bird
high_resolution_photos/2012/Birdsfoot East/Birdsfoot East 3/19June12Camera2-Card7-0216.jpg,1302.32,2086.14,1319.32,2103.14,Bird
high_resolution_photos/2012/Birdsfoot East/Birdsfoot East 3/19June12Camera2-Card7-0216.jpg,1254.32,2090.14,1271.32,2107.14,Bird
high_resolution_photos/2012/Birdsfoot East/Birdsfoot East 3/19June12Camera2-Card7-0216.jpg,1634.32,2058.15,1651.32,2075.15,Bird
high_resolution_photos/2012/Birdsfoot East/Birdsfoot East 3/19June12Camera2-Card7-0216.jpg,1618.32,2074.15,1635.32,2091.15,Bird
high_resolution_photos/2012/Birdsfoot East/Birdsfoot East 3/19June12Camera2-Card7-0216.jpg,1614.32,2086.15,1631.32,2103.15,Bird
high_resolution_photos/2012/Birdsfoot East/Birdsfoot East 3/19June12Camera2-Card7-0216.jpg,1596.32,2090.15,1613.32,2107.15,Bird
high_resolution_photos/2012/Birdsfoot East/Birdsfoot East 3/19June12Camera2-Card7-0216.jpg,1566.32,2118.15,1583.32,2135.15,Bird
high_resolution_photos/2012/Birdsfoot East/Birdsfoot East 3/19June12Camera2-Card7-0216.jpg,1508.32,2122.14,1525.32,2139.14,Bird
high_resolution_photos/2012/Birdsfoot East/Birdsfoot East 3/19June12Camera2-Card7-0216.jpg,1536.32,2134.14,1553.32,2151.14,Bird
high_resolution_photos/2012/Birdsfoot East/Birdsfoot East 3/19June12Camera2-Card7-0216.jpg,2482.31,2054.15,2499.31,2071.15,Bird
high_resolution_photos/2012/Birdsfoot East/Birdsfoot East 3/19June12Camera2-Card7-0216.jpg,2466.31,2094.15,2483.31,2111.15,Bird
high_resolution_photos/2012/Birdsfoot East/Birdsfoot East 3/19June12Camera2-Card7-0216.jpg,166.33,2098.14,183.33,2115.14,Bird
high_resolution_photos/2012/Birdsfoot East/Birdsfoot East 3/19June12Camera2-Card7-0216.jpg,158.33,2114.14,175.33,2131.14,Bird
high_resolution_photos/2012/Birdsfoot East/Birdsfoot East 3/19June12Camera2-Card7-0216.jpg,150.33,2126.14,167.33,2143.14,Bird
high_resolution_photos/2012/Birdsfoot East/Birdsfoot East 3/19June12Camera2-Card7-0216.jpg,1778.32,2094.15,1795.32,2111.15,Bird
high_resolution_photos/2012/Birdsfoot East/Birdsfoot East 3/19June12Camera2-Card7-0216.jpg,1770.32,2098.15,1787.32,2115.15,Bird
high_resolution_photos/2012/Birdsfoot East/Birdsfoot East 3/19June12Camera2-Card7-0216.jpg,1766.32,2102.15,1783.32,2119.15,Bird
high_resolution_photos/2012/Birdsfoot East/Birdsfoot East 3/19June12Camera2-Card7-0216.jpg,1822.32,2102.15,1839.32,2119.15,Bird
high_resolution_photos/2012/Birdsfoot East/Birdsfoot East 3/19June12Camera2-Card7-0216.jpg,1826.32,2106.15,1843.32,2123.15,Bird
high_resolution_photos/2012/Birdsfoot East/Birdsfoot East 3/19June12Camera2-Card7-0216.jpg,1762.32,2110.15,1779.32,2127.15,Bird
high_resolution_photos/2012/Birdsfoot East/Birdsfoot East 3/19June12Camera2-Card7-0216.jpg,1830.32,2118.15,1847.32,2135.15,Bird
high_resolution_photos/2012/Birdsfoot East/Birdsfoot East 3/19June12Camera2-Card7-0216.jpg,1750.32,2130.15,1767.32,2147.15,Bird
high_resolution_photos/2012/Birdsfoot East/Birdsfoot East 3/19June12Camera2-Card7-0216.jpg,1826.32,2134.15,1843.32,2151.15,Bird
high_resolution_photos/2012/Birdsfoot East/Birdsfoot East 3/19June12Camera2-Card7-0216.jpg,1746.32,2142.15,1763.32,2159.15,Bird
high_resolution_photos/2012/Birdsfoot East/Birdsfoot East 3/19June12Camera2-Card7-0216.jpg,1762.32,2154.15,1779.32,2171.15,Bird
high_resolution_photos/2012/Birdsfoot East/Birdsfoot East 3/19June12Camera2-Card7-0216.jpg,1766.32,2162.15,1783.32,2179.15,Bird
high_resolution_photos/2012/Birdsfoot East/Birdsfoot East 3/19June12Camera2-Card7-0216.jpg,1724.98,2180.81,1741.98,2197.81,Bird
high_resolution_photos/2012/Birdsfoot East/Birdsfoot East 3/19June12Camera2-Card7-0216.jpg,1718.32,2190.15,1735.32,2207.15,Bird
high_resolution_photos/2012/Birdsfoot East/Birdsfoot East 3/19June12Camera2-Card7-0216.jpg,1670.32,2204.14,1687.32,2221.14,Bird
high_resolution_photos/2012/Birdsfoot East/Birdsfoot East 3/19June12Camera2-Card7-0216.jpg,1712.98,2204.81,1729.98,2221.81,Bird
high_resolution_photos/2012/Birdsfoot East/Birdsfoot East 3/19June12Camera2-Card7-0216.jpg,1686.32,2218.14,1703.32,2235.14,Bird
high_resolution_photos/2012/Birdsfoot East/Birdsfoot East 3/19June12Camera2-Card7-0216.jpg,1542.32,2230.14,1559.32,2247.14,Bird
high_resolution_photos/2012/Birdsfoot East/Birdsfoot East 3/19June12Camera2-Card7-0216.jpg,1682.32,2230.14,1699.32,2247.14,Bird
high_resolution_photos/2012/Birdsfoot East/Birdsfoot East 3/19June12Camera2-Card7-0216.jpg,1678.32,2242.14,1695.32,2259.14,Bird
high_resolution_photos/2012/Birdsfoot East/Birdsfoot East 3/19June12Camera2-Card7-0216.jpg,1558.32,2246.14,1575.32,2263.14,Bird
high_resolution_photos/2012/Birdsfoot East/Birdsfoot East 3/19June12Camera2-Card7-0216.jpg,1600.32,2250.14,1617.32,2267.14,Bird
high_resolution_photos/2012/Birdsfoot East/Birdsfoot East 3/19June12Camera2-Card7-0216.jpg,1562.32,2254.14,1579.32,2271.14,Bird
high_resolution_photos/2012/Birdsfoot East/Birdsfoot East 3/19June12Camera2-Card7-0216.jpg,1650.32,2256.14,1667.32,2273.14,Bird
high_resolution_photos/2012/Birdsfoot East/Birdsfoot East 3/19June12Camera2-Card7-0216.jpg,1486.32,2258.14,1503.32,2275.14,Bird
high_resolution_photos/2012/Birdsfoot East/Birdsfoot East 3/19June12Camera2-Card7-0216.jpg,1702.32,2258.14,1719.32,2275.14,Bird
high_resolution_photos/2012/Birdsfoot East/Birdsfoot East 3/19June12Camera2-Card7-0216.jpg,1520.32,2262.14,1537.32,2279.14,Bird
high_resolution_photos/2012/Birdsfoot East/Birdsfoot East 3/19June12Camera2-Card7-0216.jpg,1586.32,2262.14,1603.32,2279.14,Bird
high_resolution_photos/2012/Birdsfoot East/Birdsfoot East 3/19June12Camera2-Card7-0216.jpg,1582.32,2266.14,1599.32,2283.14,Bird
high_resolution_photos/2012/Birdsfoot East/Birdsfoot East 3/19June12Camera2-Card7-0216.jpg,1650.32,2266.14,1667.32,2283.14,Bird
high_resolution_photos/2012/Birdsfoot East/Birdsfoot East 3/19June12Camera2-Card7-0216.jpg,1494.32,2270.14,1511.32,2287.14,Bird
high_resolution_photos/2012/Birdsfoot East/Birdsfoot East 3/19June12Camera2-Card7-0216.jpg,1534.32,2274.14,1551.32,2291.14,Bird
high_resolution_photos/2012/Birdsfoot East/Birdsfoot East 3/19June12Camera2-Card7-0216.jpg,1582.32,2280.14,1599.32,2297.14,Bird
high_resolution_photos/2012/Birdsfoot East/Birdsfoot East 3/19June12Camera2-Card7-0216.jpg,1606.32,2278.14,1623.32,2295.14,Bird
high_resolution_photos/2012/Birdsfoot East/Birdsfoot East 3/19June12Camera2-Card7-0216.jpg,1598.32,2282.14,1615.32,2299.14,Bird
high_resolution_photos/2012/Birdsfoot East/Birdsfoot East 3/19June12Camera2-Card7-0216.jpg,1650.32,2282.14,1667.32,2299.14,Bird
high_resolution_photos/2012/Birdsfoot East/Birdsfoot East 3/19June12Camera2-Card7-0216.jpg,1536.99,2288.81,1553.99,2305.81,Bird
high_resolution_photos/2012/Birdsfoot East/Birdsfoot East 3/19June12Camera2-Card7-0216.jpg,1590.32,2286.14,1607.32,2303.14,Bird
high_resolution_photos/2012/Birdsfoot East/Birdsfoot East 3/19June12Camera2-Card7-0216.jpg,1654.32,2286.14,1671.32,2303.14,Bird
high_resolution_photos/2012/Birdsfoot East/Birdsfoot East 3/19June12Camera2-Card7-0216.jpg,1506.32,2290.14,1523.32,2307.14,Bird
high_resolution_photos/2012/Birdsfoot East/Birdsfoot East 3/19June12Camera2-Card7-0216.jpg,1510.32,2298.14,1527.32,2315.14,Bird
high_resolution_photos/2012/Birdsfoot East/Birdsfoot East 3/19June12Camera2-Card7-0216.jpg,1526.32,2302.14,1543.32,2319.14,Bird
high_resolution_photos/2012/Birdsfoot East/Birdsfoot East 3/19June12Camera2-Card7-0216.jpg,1690.32,2306.14,1707.32,2323.14,Bird
high_resolution_photos/2012/Birdsfoot East/Birdsfoot East 3/19June12Camera2-Card7-0216.jpg,1586.32,2310.14,1603.32,2327.14,Bird
high_resolution_photos/2012/Birdsfoot East/Birdsfoot East 3/19June12Camera2-Card7-0216.jpg,1534.32,2314.14,1551.32,2331.14,Bird
high_resolution_photos/2012/Birdsfoot East/Birdsfoot East 3/19June12Camera2-Card7-0216.jpg,1694.32,2314.14,1711.32,2331.14,Bird
high_resolution_photos/2012/Birdsfoot East/Birdsfoot East 3/19June12Camera2-Card7-0216.jpg,1694.32,2328.14,1711.32,2345.14,Bird
high_resolution_photos/2012/Birdsfoot East/Birdsfoot East 3/19June12Camera2-Card7-0216.jpg,1538.32,2342.14,1555.32,2359.14,Bird
high_resolution_photos/2012/Birdsfoot East/Birdsfoot East 3/19June12Camera2-Card7-0216.jpg,1546.32,2350.14,1563.32,2367.14,Bird
high_resolution_photos/2012/Birdsfoot East/Birdsfoot East 3/19June12Camera2-Card7-0216.jpg,1506.32,2378.14,1523.32,2395.14,Bird
high_resolution_photos/2012/Birdsfoot East/Birdsfoot East 3/19June12Camera2-Card7-0216.jpg,1538.32,2384.14,1555.32,2401.14,Bird
high_resolution_photos/2012/Birdsfoot East/Birdsfoot East 3/19June12Camera2-Card7-0216.jpg,1526.32,2398.14,1543.32,2415.14,Bird
high_resolution_photos/2012/Birdsfoot East/Birdsfoot East 3/19June12Camera2-Card7-0216.jpg,2974.31,2098.15,2991.31,2115.15,Bird
high_resolution_photos/2012/Birdsfoot East/Birdsfoot East 3/19June12Camera2-Card7-0216.jpg,2970.31,2102.15,2987.31,2119.15,Bird
high_resolution_photos/2012/Birdsfoot East/Birdsfoot East 3/19June12Camera2-Card7-0216.jpg,2966.31,2114.15,2983.31,2131.15,Bird
high_resolution_photos/2012/Birdsfoot East/Birdsfoot East 3/19June12Camera2-Card7-0216.jpg,310.33,2108.14,327.33,2125.14,Bird
high_resolution_photos/2012/Birdsfoot East/Birdsfoot East 3/19June12Camera2-Card7-0216.jpg,318.33,2114.14,335.33,2131.14,Bird
high_resolution_photos/2012/Birdsfoot East/Birdsfoot East 3/19June12Camera2-Card7-0216.jpg,322.33,2118.14,339.33,2135.14,Bird
high_resolution_photos/2012/Birdsfoot East/Birdsfoot East 3/19June12Camera2-Card7-0216.jpg,322.33,2140.14,339.33,2157.14,Bird
high_resolution_photos/2012/Birdsfoot East/Birdsfoot East 3/19June12Camera2-Card7-0216.jpg,330.33,2146.14,347.33,2163.14,Bird
high_resolution_photos/2012/Birdsfoot East/Birdsfoot East 3/19June12Camera2-Card7-0216.jpg,254.33,2166.14,271.33,2183.14,Bird
high_resolution_photos/2012/Birdsfoot East/Birdsfoot East 3/19June12Camera2-Card7-0216.jpg,294.33,2166.14,311.33,2183.14,Bird
high_resolution_photos/2012/Birdsfoot East/Birdsfoot East 3/19June12Camera2-Card7-0216.jpg,234.33,2192.14,251.33,2209.14,Bird
high_resolution_photos/2012/Birdsfoot East/Birdsfoot East 3/19June12Camera2-Card7-0216.jpg,238.33,2226.14,255.33,2243.14,Bird
high_resolution_photos/2012/Birdsfoot East/Birdsfoot East 3/19June12Camera2-Card7-0216.jpg,234.33,2238.14,251.33,2255.14,Bird
high_resolution_photos/2012/Birdsfoot East/Birdsfoot East 3/19June12Camera2-Card7-0216.jpg,222.33,2262.14,239.33,2279.14,Bird
high_resolution_photos/2012/Birdsfoot East/Birdsfoot East 3/19June12Camera2-Card7-0216.jpg,218.33,2282.14,235.33,2299.14,Bird
high_resolution_photos/2012/Birdsfoot East/Birdsfoot East 3/19June12Camera2-Card7-0216.jpg,214.33,2286.14,231.33,2303.14,Bird
high_resolution_photos/2012/Birdsfoot East/Birdsfoot East 3/19June12Camera2-Card7-0216.jpg,194.33,2302.14,211.33,2319.14,Bird
high_resolution_photos/2012/Birdsfoot East/Birdsfoot East 3/19June12Camera2-Card7-0216.jpg,970.32,2102.14,987.32,2119.14,Bird
high_resolution_photos/2012/Birdsfoot East/Birdsfoot East 3/19June12Camera2-Card7-0216.jpg,982.32,2130.14,999.32,2147.14,Bird
high_resolution_photos/2012/Birdsfoot East/Birdsfoot East 3/19June12Camera2-Card7-0216.jpg,2718.31,2102.15,2735.31,2119.15,Bird
high_resolution_photos/2012/Birdsfoot East/Birdsfoot East 3/19June12Camera2-Card7-0216.jpg,2686.31,2122.15,2703.31,2139.15,Bird
high_resolution_photos/2012/Birdsfoot East/Birdsfoot East 3/19June12Camera2-Card7-0216.jpg,2502.31,2114.15,2519.31,2131.15,Bird
high_resolution_photos/2012/Birdsfoot East/Birdsfoot East 3/19June12Camera2-Card7-0216.jpg,2506.31,2122.15,2523.31,2139.15,Bird
high_resolution_photos/2012/Birdsfoot East/Birdsfoot East 3/19June12Camera2-Card7-0216.jpg,2806.31,2114.15,2823.31,2131.15,Bird
high_resolution_photos/2012/Birdsfoot East/Birdsfoot East 3/19June12Camera2-Card7-0216.jpg,2810.31,2124.15,2827.31,2141.15,Bird
high_resolution_photos/2012/Birdsfoot East/Birdsfoot East 3/19June12Camera2-Card7-0216.jpg,2786.31,2162.15,2803.31,2179.15,Bird
high_resolution_photos/2012/Birdsfoot East/Birdsfoot East 3/19June12Camera2-Card7-0216.jpg,2594.31,2114.15,2611.31,2131.15,Bird
high_resolution_photos/2012/Birdsfoot East/Birdsfoot East 3/19June12Camera2-Card7-0216.jpg,2584.31,2118.15,2601.31,2135.15,Bird
high_resolution_photos/2012/Birdsfoot East/Birdsfoot East 3/19June12Camera2-Card7-0216.jpg,2606.31,2126.15,2623.31,2143.15,Bird
high_resolution_photos/2012/Birdsfoot East/Birdsfoot East 3/19June12Camera2-Card7-0216.jpg,2622.31,2142.15,2639.31,2159.15,Bird
high_resolution_photos/2012/Birdsfoot East/Birdsfoot East 3/19June12Camera2-Card7-0216.jpg,1198.32,2126.14,1215.32,2143.14,Bird
high_resolution_photos/2012/Birdsfoot East/Birdsfoot East 3/19June12Camera2-Card7-0216.jpg,1152.99,2136.81,1169.99,2153.81,Bird
high_resolution_photos/2012/Birdsfoot East/Birdsfoot East 3/19June12Camera2-Card7-0216.jpg,1234.32,2138.14,1251.32,2155.14,Bird
high_resolution_photos/2012/Birdsfoot East/Birdsfoot East 3/19June12Camera2-Card7-0216.jpg,1114.32,2146.14,1131.32,2163.14,Bird
high_resolution_photos/2012/Birdsfoot East/Birdsfoot East 3/19June12Camera2-Card7-0216.jpg,1142.32,2146.14,1159.32,2163.14,Bird
high_resolution_photos/2012/Birdsfoot East/Birdsfoot East 3/19June12Camera2-Card7-0216.jpg,1118.32,2150.14,1135.32,2167.14,Bird
high_resolution_photos/2012/Birdsfoot East/Birdsfoot East 3/19June12Camera2-Card7-0216.jpg,1134.32,2154.14,1151.32,2171.14,Bird
high_resolution_photos/2012/Birdsfoot East/Birdsfoot East 3/19June12Camera2-Card7-0216.jpg,1078.32,2158.14,1095.32,2175.14,Bird
high_resolution_photos/2012/Birdsfoot East/Birdsfoot East 3/19June12Camera2-Card7-0216.jpg,1098.32,2158.14,1115.32,2175.14,Bird
high_resolution_photos/2012/Birdsfoot East/Birdsfoot East 3/19June12Camera2-Card7-0216.jpg,1088.32,2162.14,1105.32,2179.14,Bird
high_resolution_photos/2012/Birdsfoot East/Birdsfoot East 3/19June12Camera2-Card7-0216.jpg,1242.32,2166.14,1259.32,2183.14,Bird
high_resolution_photos/2012/Birdsfoot East/Birdsfoot East 3/19June12Camera2-Card7-0216.jpg,1246.32,2174.14,1263.32,2191.14,Bird
high_resolution_photos/2012/Birdsfoot East/Birdsfoot East 3/19June12Camera2-Card7-0216.jpg,1278.32,2174.14,1295.32,2191.14,Bird
high_resolution_photos/2012/Birdsfoot East/Birdsfoot East 3/19June12Camera2-Card7-0216.jpg,1394.32,2122.14,1411.32,2139.14,Bird
high_resolution_photos/2012/Birdsfoot East/Birdsfoot East 3/19June12Camera2-Card7-0216.jpg,1418.32,2166.14,1435.32,2183.14,Bird
high_resolution_photos/2012/Birdsfoot East/Birdsfoot East 3/19June12Camera2-Card7-0216.jpg,1654.32,2126.15,1671.32,2143.15,Bird
high_resolution_photos/2012/Birdsfoot East/Birdsfoot East 3/19June12Camera2-Card7-0216.jpg,1666.32,2138.15,1683.32,2155.15,Bird
high_resolution_photos/2012/Birdsfoot East/Birdsfoot East 3/19June12Camera2-Card7-0216.jpg,1670.32,2170.14,1687.32,2187.14,Bird
high_resolution_photos/2012/Birdsfoot East/Birdsfoot East 3/19June12Camera2-Card7-0216.jpg,2270.31,2128.15,2287.31,2145.15,Bird
high_resolution_photos/2012/Birdsfoot East/Birdsfoot East 3/19June12Camera2-Card7-0216.jpg,2266.31,2168.15,2283.31,2185.15,Bird
high_resolution_photos/2012/Birdsfoot East/Birdsfoot East 3/19June12Camera2-Card7-0216.jpg,2326.31,2138.15,2343.31,2155.15,Bird
high_resolution_photos/2012/Birdsfoot East/Birdsfoot East 3/19June12Camera2-Card7-0216.jpg,2314.31,2146.15,2331.31,2163.15,Bird
high_resolution_photos/2012/Birdsfoot East/Birdsfoot East 3/19June12Camera2-Card7-0216.jpg,2298.31,2170.15,2315.31,2187.15,Bird
high_resolution_photos/2012/Birdsfoot East/Birdsfoot East 3/19June12Camera2-Card7-0216.jpg,382.33,2158.14,399.33,2175.14,Bird
high_resolution_photos/2012/Birdsfoot East/Birdsfoot East 3/19June12Camera2-Card7-0216.jpg,378.33,2162.14,395.33,2179.14,Bird
high_resolution_photos/2012/Birdsfoot East/Birdsfoot East 3/19June12Camera2-Card7-0216.jpg,2942.31,2158.15,2959.31,2175.15,Bird
high_resolution_photos/2012/Birdsfoot East/Birdsfoot East 3/19June12Camera2-Card7-0216.jpg,2926.31,2202.15,2943.31,2219.15,Bird
high_resolution_photos/2012/Birdsfoot East/Birdsfoot East 3/19June12Camera2-Card7-0216.jpg,2594.31,2178.15,2611.31,2195.15,Bird
high_resolution_photos/2012/Birdsfoot East/Birdsfoot East 3/19June12Camera2-Card7-0216.jpg,2598.31,2182.15,2615.31,2199.15,Bird
high_resolution_photos/2012/Birdsfoot East/Birdsfoot East 3/19June12Camera2-Card7-0216.jpg,2618.31,2182.15,2635.31,2199.15,Bird
high_resolution_photos/2012/Birdsfoot East/Birdsfoot East 3/19June12Camera2-Card7-0216.jpg,2606.31,2186.15,2623.31,2203.15,Bird
high_resolution_photos/2012/Birdsfoot East/Birdsfoot East 3/19June12Camera2-Card7-0216.jpg,2606.31,2210.15,2623.31,2227.15,Bird
high_resolution_photos/2012/Birdsfoot East/Birdsfoot East 3/19June12Camera2-Card7-0216.jpg,114.33,2190.14,131.33,2207.14,Bird
high_resolution_photos/2012/Birdsfoot East/Birdsfoot East 3/19June12Camera2-Card7-0216.jpg,118.33,2198.14,135.33,2215.14,Bird
high_resolution_photos/2012/Birdsfoot East/Birdsfoot East 3/19June12Camera2-Card7-0216.jpg,2090.31,2194.15,2107.31,2211.15,Bird
high_resolution_photos/2012/Birdsfoot East/Birdsfoot East 3/19June12Camera2-Card7-0216.jpg,2098.31,2198.15,2115.31,2215.15,Bird
high_resolution_photos/2012/Birdsfoot East/Birdsfoot East 3/19June12Camera2-Card7-0216.jpg,2106.31,2202.15,2123.31,2219.15,Bird
high_resolution_photos/2012/Birdsfoot East/Birdsfoot East 3/19June12Camera2-Card7-0216.jpg,1970.32,2206.15,1987.32,2223.15,Bird
high_resolution_photos/2012/Birdsfoot East/Birdsfoot East 3/19June12Camera2-Card7-0216.jpg,2128.31,2206.15,2145.31,2223.15,Bird
high_resolution_photos/2012/Birdsfoot East/Birdsfoot East 3/19June12Camera2-Card7-0216.jpg,2142.31,2210.15,2159.31,2227.15,Bird
high_resolution_photos/2012/Birdsfoot East/Birdsfoot East 3/19June12Camera2-Card7-0216.jpg,2190.31,2210.15,2207.31,2227.15,Bird
high_resolution_photos/2012/Birdsfoot East/Birdsfoot East 3/19June12Camera2-Card7-0216.jpg,1982.32,2214.15,1999.32,2231.15,Bird
high_resolution_photos/2012/Birdsfoot East/Birdsfoot East 3/19June12Camera2-Card7-0216.jpg,2066.31,2214.15,2083.31,2231.15,Bird
high_resolution_photos/2012/Birdsfoot East/Birdsfoot East 3/19June12Camera2-Card7-0216.jpg,1986.32,2218.15,2003.32,2235.15,Bird
high_resolution_photos/2012/Birdsfoot East/Birdsfoot East 3/19June12Camera2-Card7-0216.jpg,2204.31,2218.15,2221.31,2235.15,Bird
high_resolution_photos/2012/Birdsfoot East/Birdsfoot East 3/19June12Camera2-Card7-0216.jpg,2064.31,2226.15,2081.31,2243.15,Bird
high_resolution_photos/2012/Birdsfoot East/Birdsfoot East 3/19June12Camera2-Card7-0216.jpg,1994.32,2242.15,2011.32,2259.15,Bird
high_resolution_photos/2012/Birdsfoot East/Birdsfoot East 3/19June12Camera2-Card7-0216.jpg,2126.31,2242.15,2143.31,2259.15,Bird
high_resolution_photos/2012/Birdsfoot East/Birdsfoot East 3/19June12Camera2-Card7-0216.jpg,1986.32,2246.15,2003.32,2263.15,Bird
high_resolution_photos/2012/Birdsfoot East/Birdsfoot East 3/19June12Camera2-Card7-0216.jpg,2071.65,2248.81,2088.65,2265.81,Bird
high_resolution_photos/2012/Birdsfoot East/Birdsfoot East 3/19June12Camera2-Card7-0216.jpg,2130.31,2246.15,2147.31,2263.15,Bird
high_resolution_photos/2012/Birdsfoot East/Birdsfoot East 3/19June12Camera2-Card7-0216.jpg,1946.32,2250.15,1963.32,2267.15,Bird
high_resolution_photos/2012/Birdsfoot East/Birdsfoot East 3/19June12Camera2-Card7-0216.jpg,1982.32,2250.15,1999.32,2267.15,Bird
high_resolution_photos/2012/Birdsfoot East/Birdsfoot East 3/19June12Camera2-Card7-0216.jpg,2134.31,2250.15,2151.31,2267.15,Bird
high_resolution_photos/2012/Birdsfoot East/Birdsfoot East 3/19June12Camera2-Card7-0216.jpg,1954.32,2254.15,1971.32,2271.15,Bird
high_resolution_photos/2012/Birdsfoot East/Birdsfoot East 3/19June12Camera2-Card7-0216.jpg,2070.31,2258.15,2087.31,2275.15,Bird
high_resolution_photos/2012/Birdsfoot East/Birdsfoot East 3/19June12Camera2-Card7-0216.jpg,2026.32,2270.15,2043.32,2287.15,Bird
high_resolution_photos/2012/Birdsfoot East/Birdsfoot East 3/19June12Camera2-Card7-0216.jpg,2066.31,2270.15,2083.31,2287.15,Bird
high_resolution_photos/2012/Birdsfoot East/Birdsfoot East 3/19June12Camera2-Card7-0216.jpg,2148.31,2270.15,2165.31,2287.15,Bird
high_resolution_photos/2012/Birdsfoot East/Birdsfoot East 3/19June12Camera2-Card7-0216.jpg,2042.31,2274.15,2059.31,2291.15,Bird
high_resolution_photos/2012/Birdsfoot East/Birdsfoot East 3/19June12Camera2-Card7-0216.jpg,2022.32,2278.15,2039.32,2295.15,Bird
high_resolution_photos/2012/Birdsfoot East/Birdsfoot East 3/19June12Camera2-Card7-0216.jpg,2050.31,2278.15,2067.31,2295.15,Bird
high_resolution_photos/2012/Birdsfoot East/Birdsfoot East 3/19June12Camera2-Card7-0216.jpg,2138.31,2286.15,2155.31,2303.15,Bird
high_resolution_photos/2012/Birdsfoot East/Birdsfoot East 3/19June12Camera2-Card7-0216.jpg,2018.32,2294.15,2035.32,2311.15,Bird
high_resolution_photos/2012/Birdsfoot East/Birdsfoot East 3/19June12Camera2-Card7-0216.jpg,2014.32,2298.15,2031.32,2315.15,Bird
high_resolution_photos/2012/Birdsfoot East/Birdsfoot East 3/19June12Camera2-Card7-0216.jpg,2148.31,2322.15,2165.31,2339.15,Bird
high_resolution_photos/2012/Birdsfoot East/Birdsfoot East 3/19June12Camera2-Card7-0216.jpg,2138.31,2326.15,2155.31,2343.15,Bird
high_resolution_photos/2012/Birdsfoot East/Birdsfoot East 3/19June12Camera2-Card7-0216.jpg,2098.31,2330.15,2115.31,2347.15,Bird
high_resolution_photos/2012/Birdsfoot East/Birdsfoot East 3/19June12Camera2-Card7-0216.jpg,2350.31,2186.15,2367.31,2203.15,Bird
high_resolution_photos/2012/Birdsfoot East/Birdsfoot East 3/19June12Camera2-Card7-0216.jpg,2346.31,2190.15,2363.31,2207.15,Bird
high_resolution_photos/2012/Birdsfoot East/Birdsfoot East 3/19June12Camera2-Card7-0216.jpg,2346.31,2206.15,2363.31,2223.15,Bird
high_resolution_photos/2012/Birdsfoot East/Birdsfoot East 3/19June12Camera2-Card7-0216.jpg,2258.31,2214.15,2275.31,2231.15,Bird
high_resolution_photos/2012/Birdsfoot East/Birdsfoot East 3/19June12Camera2-Card7-0216.jpg,2354.31,2214.15,2371.31,2231.15,Bird
high_resolution_photos/2012/Birdsfoot East/Birdsfoot East 3/19June12Camera2-Card7-0216.jpg,2262.31,2218.15,2279.31,2235.15,Bird
high_resolution_photos/2012/Birdsfoot East/Birdsfoot East 3/19June12Camera2-Card7-0216.jpg,2274.31,2238.15,2291.31,2255.15,Bird
high_resolution_photos/2012/Birdsfoot East/Birdsfoot East 3/19June12Camera2-Card7-0216.jpg,2354.31,2238.15,2371.31,2255.15,Bird
high_resolution_photos/2012/Birdsfoot East/Birdsfoot East 3/19June12Camera2-Card7-0216.jpg,2282.31,2242.15,2299.31,2259.15,Bird
high_resolution_photos/2012/Birdsfoot East/Birdsfoot East 3/19June12Camera2-Card7-0216.jpg,2344.31,2242.15,2361.31,2259.15,Bird
high_resolution_photos/2012/Birdsfoot East/Birdsfoot East 3/19June12Camera2-Card7-0216.jpg,2296.31,2250.15,2313.31,2267.15,Bird
high_resolution_photos/2012/Birdsfoot East/Birdsfoot East 3/19June12Camera2-Card7-0216.jpg,2322.31,2250.15,2339.31,2267.15,Bird
high_resolution_photos/2012/Birdsfoot East/Birdsfoot East 3/19June12Camera2-Card7-0216.jpg,2314.31,2254.15,2331.31,2271.15,Bird
high_resolution_photos/2012/Birdsfoot East/Birdsfoot East 3/19June12Camera2-Card7-0216.jpg,2318.31,2274.15,2335.31,2291.15,Bird
high_resolution_photos/2012/Birdsfoot East/Birdsfoot East 3/19June12Camera2-Card7-0216.jpg,2318.31,2282.15,2335.31,2299.15,Bird
high_resolution_photos/2012/Birdsfoot East/Birdsfoot East 3/19June12Camera2-Card7-0216.jpg,2314.31,2288.15,2331.31,2305.15,Bird
high_resolution_photos/2012/Birdsfoot East/Birdsfoot East 3/19June12Camera2-Card7-0216.jpg,2314.31,2306.15,2331.31,2323.15,Bird
high_resolution_photos/2012/Birdsfoot East/Birdsfoot East 3/19June12Camera2-Card7-0216.jpg,2354.31,2306.15,2371.31,2323.15,Bird
high_resolution_photos/2012/Birdsfoot East/Birdsfoot East 3/19June12Camera2-Card7-0216.jpg,2318.31,2310.15,2335.31,2327.15,Bird
high_resolution_photos/2012/Birdsfoot East/Birdsfoot East 3/19June12Camera2-Card7-0216.jpg,2278.31,2314.15,2295.31,2331.15,Bird
high_resolution_photos/2012/Birdsfoot East/Birdsfoot East 3/19June12Camera2-Card7-0216.jpg,2282.31,2322.15,2299.31,2339.15,Bird
high_resolution_photos/2012/Birdsfoot East/Birdsfoot East 3/19June12Camera2-Card7-0216.jpg,2286.31,2330.15,2303.31,2347.15,Bird
high_resolution_photos/2012/Birdsfoot East/Birdsfoot East 3/19June12Camera2-Card7-0216.jpg,2326.31,2336.15,2343.31,2353.15,Bird
high_resolution_photos/2012/Birdsfoot East/Birdsfoot East 3/19June12Camera2-Card7-0216.jpg,2350.31,2350.15,2367.31,2367.15,Bird
high_resolution_photos/2012/Birdsfoot East/Birdsfoot East 3/19June12Camera2-Card7-0216.jpg,2298.31,2374.15,2315.31,2391.15,Bird
high_resolution_photos/2012/Birdsfoot East/Birdsfoot East 3/19June12Camera2-Card7-0216.jpg,2344.31,2374.15,2361.31,2391.15,Bird
high_resolution_photos/2012/Birdsfoot East/Birdsfoot East 3/19June12Camera2-Card7-0216.jpg,2226.31,2378.15,2243.31,2395.15,Bird
high_resolution_photos/2012/Birdsfoot East/Birdsfoot East 3/19June12Camera2-Card7-0216.jpg,2240.31,2378.15,2257.31,2395.15,Bird
high_resolution_photos/2012/Birdsfoot East/Birdsfoot East 3/19June12Camera2-Card7-0216.jpg,2218.31,2390.15,2235.31,2407.15,Bird
high_resolution_photos/2012/Birdsfoot East/Birdsfoot East 3/19June12Camera2-Card7-0216.jpg,2210.31,2398.15,2227.31,2415.15,Bird
high_resolution_photos/2012/Birdsfoot East/Birdsfoot East 3/19June12Camera2-Card7-0216.jpg,2322.31,2410.15,2339.31,2427.15,Bird
high_resolution_photos/2012/Birdsfoot East/Birdsfoot East 3/19June12Camera2-Card7-0216.jpg,2218.31,2426.15,2235.31,2443.15,Bird
high_resolution_photos/2012/Birdsfoot East/Birdsfoot East 3/19June12Camera2-Card7-0216.jpg,2226.31,2426.15,2243.31,2443.15,Bird
high_resolution_photos/2012/Birdsfoot East/Birdsfoot East 3/19June12Camera2-Card7-0216.jpg,2322.31,2426.15,2339.31,2443.15,Bird
high_resolution_photos/2012/Birdsfoot East/Birdsfoot East 3/19June12Camera2-Card7-0216.jpg,2194.31,2430.14,2211.31,2447.14,Bird
high_resolution_photos/2012/Birdsfoot East/Birdsfoot East 3/19June12Camera2-Card7-0216.jpg,2250.31,2434.15,2267.31,2451.15,Bird
high_resolution_photos/2012/Birdsfoot East/Birdsfoot East 3/19June12Camera2-Card7-0216.jpg,2254.31,2438.15,2271.31,2455.15,Bird
high_resolution_photos/2012/Birdsfoot East/Birdsfoot East 3/19June12Camera2-Card7-0216.jpg,2230.31,2450.14,2247.31,2467.14,Bird
high_resolution_photos/2012/Birdsfoot East/Birdsfoot East 3/19June12Camera2-Card7-0216.jpg,2238.31,2454.14,2255.31,2471.14,Bird
high_resolution_photos/2012/Birdsfoot East/Birdsfoot East 3/19June12Camera2-Card7-0216.jpg,2254.31,2454.14,2271.31,2471.14,Bird
high_resolution_photos/2012/Birdsfoot East/Birdsfoot East 3/19June12Camera2-Card7-0216.jpg,2275.46,2480.43,2292.46,2497.43,Bird
high_resolution_photos/2012/Birdsfoot East/Birdsfoot East 3/19June12Camera2-Card7-0216.jpg,2236.31,2492.14,2253.31,2509.14,Bird
high_resolution_photos/2012/Birdsfoot East/Birdsfoot East 3/19June12Camera2-Card7-0216.jpg,2274.31,2510.14,2291.31,2527.14,Bird
high_resolution_photos/2012/Birdsfoot East/Birdsfoot East 3/19June12Camera2-Card7-0216.jpg,2286.31,2514.14,2303.31,2531.14,Bird
high_resolution_photos/2012/Birdsfoot East/Birdsfoot East 3/19June12Camera2-Card7-0216.jpg,2748.31,2194.15,2765.31,2211.15,Bird
high_resolution_photos/2012/Birdsfoot East/Birdsfoot East 3/19June12Camera2-Card7-0216.jpg,2766.31,2194.15,2783.31,2211.15,Bird
high_resolution_photos/2012/Birdsfoot East/Birdsfoot East 3/19June12Camera2-Card7-0216.jpg,2738.31,2198.15,2755.31,2215.15,Bird
high_resolution_photos/2012/Birdsfoot East/Birdsfoot East 3/19June12Camera2-Card7-0216.jpg,2762.31,2198.15,2779.31,2215.15,Bird
high_resolution_photos/2012/Birdsfoot East/Birdsfoot East 3/19June12Camera2-Card7-0216.jpg,2726.31,2210.15,2743.31,2227.15,Bird
high_resolution_photos/2012/Birdsfoot East/Birdsfoot East 3/19June12Camera2-Card7-0216.jpg,2690.31,2230.15,2707.31,2247.15,Bird
high_resolution_photos/2012/Birdsfoot East/Birdsfoot East 3/19June12Camera2-Card7-0216.jpg,326.33,2202.14,343.33,2219.14,Bird
high_resolution_photos/2012/Birdsfoot East/Birdsfoot East 3/19June12Camera2-Card7-0216.jpg,318.33,2216.14,335.33,2233.14,Bird
high_resolution_photos/2012/Birdsfoot East/Birdsfoot East 3/19June12Camera2-Card7-0216.jpg,282.33,2218.14,299.33,2235.14,Bird
high_resolution_photos/2012/Birdsfoot East/Birdsfoot East 3/19June12Camera2-Card7-0216.jpg,314.33,2238.14,331.33,2255.14,Bird
high_resolution_photos/2012/Birdsfoot East/Birdsfoot East 3/19June12Camera2-Card7-0216.jpg,2816.31,2218.15,2833.31,2235.15,Bird
high_resolution_photos/2012/Birdsfoot East/Birdsfoot East 3/19June12Camera2-Card7-0216.jpg,2834.31,2218.15,2851.31,2235.15,Bird
high_resolution_photos/2012/Birdsfoot East/Birdsfoot East 3/19June12Camera2-Card7-0216.jpg,2870.31,2232.15,2887.31,2249.15,Bird
high_resolution_photos/2012/Birdsfoot East/Birdsfoot East 3/19June12Camera2-Card7-0216.jpg,2854.31,2250.15,2871.31,2267.15,Bird
high_resolution_photos/2012/Birdsfoot East/Birdsfoot East 3/19June12Camera2-Card7-0216.jpg,2898.31,2254.15,2915.31,2271.15,Bird
high_resolution_photos/2012/Birdsfoot East/Birdsfoot East 3/19June12Camera2-Card7-0216.jpg,2906.31,2286.15,2923.31,2303.15,Bird
high_resolution_photos/2012/Birdsfoot East/Birdsfoot East 3/19June12Camera2-Card7-0216.jpg,3711.75,2230.48,3728.75,2247.48,Bird
high_resolution_photos/2012/Birdsfoot East/Birdsfoot East 3/19June12Camera2-Card7-0216.jpg,3772.3,2212.15,3789.3,2229.15,Bird
high_resolution_photos/2012/Birdsfoot East/Birdsfoot East 3/19June12Camera2-Card7-0216.jpg,3809.8,2214.65,3826.8,2231.65,Bird
high_resolution_photos/2012/Birdsfoot East/Birdsfoot East 3/19June12Camera2-Card7-0216.jpg,3736.3,2222.15,3753.3,2239.15,Bird
high_resolution_photos/2012/Birdsfoot East/Birdsfoot East 3/19June12Camera2-Card7-0216.jpg,410.33,2250.14,427.33,2267.14,Bird
high_resolution_photos/2012/Birdsfoot East/Birdsfoot East 3/19June12Camera2-Card7-0216.jpg,406.33,2258.14,423.33,2275.14,Bird
high_resolution_photos/2012/Birdsfoot East/Birdsfoot East 3/19June12Camera2-Card7-0216.jpg,406.33,2270.14,423.33,2287.14,Bird
high_resolution_photos/2012/Birdsfoot East/Birdsfoot East 3/19June12Camera2-Card7-0216.jpg,2594.31,2242.15,2611.31,2259.15,Bird
high_resolution_photos/2012/Birdsfoot East/Birdsfoot East 3/19June12Camera2-Card7-0216.jpg,2626.31,2262.15,2643.31,2279.15,Bird
high_resolution_photos/2012/Birdsfoot East/Birdsfoot East 3/19June12Camera2-Card7-0216.jpg,3674.49,2239.29,3691.49,2256.29,Bird
high_resolution_photos/2012/Birdsfoot East/Birdsfoot East 3/19June12Camera2-Card7-0216.jpg,3808.08,2238.37,3825.08,2255.37,Bird
high_resolution_photos/2012/Birdsfoot East/Birdsfoot East 3/19June12Camera2-Card7-0216.jpg,1182.32,2258.14,1199.32,2275.14,Bird
high_resolution_photos/2012/Birdsfoot East/Birdsfoot East 3/19June12Camera2-Card7-0216.jpg,1186.32,2266.14,1203.32,2283.14,Bird
high_resolution_photos/2012/Birdsfoot East/Birdsfoot East 3/19June12Camera2-Card7-0216.jpg,2690.31,2270.15,2707.31,2287.15,Bird
high_resolution_photos/2012/Birdsfoot East/Birdsfoot East 3/19June12Camera2-Card7-0216.jpg,2686.31,2298.15,2703.31,2315.15,Bird
high_resolution_photos/2012/Birdsfoot East/Birdsfoot East 3/19June12Camera2-Card7-0216.jpg,2744.31,2298.15,2761.31,2315.15,Bird
high_resolution_photos/2012/Birdsfoot East/Birdsfoot East 3/19June12Camera2-Card7-0216.jpg,2750.31,2330.15,2767.31,2347.15,Bird
high_resolution_photos/2012/Birdsfoot East/Birdsfoot East 3/19June12Camera2-Card7-0216.jpg,1418.32,2266.14,1435.32,2283.14,Bird
high_resolution_photos/2012/Birdsfoot East/Birdsfoot East 3/19June12Camera2-Card7-0216.jpg,1390.32,2290.14,1407.32,2307.14,Bird
high_resolution_photos/2012/Birdsfoot East/Birdsfoot East 3/19June12Camera2-Card7-0216.jpg,1792.32,2306.14,1809.32,2323.14,Bird
high_resolution_photos/2012/Birdsfoot East/Birdsfoot East 3/19June12Camera2-Card7-0216.jpg,1786.32,2310.14,1803.32,2327.14,Bird
high_resolution_photos/2012/Birdsfoot East/Birdsfoot East 3/19June12Camera2-Card7-0216.jpg,1782.32,2314.14,1799.32,2331.14,Bird
high_resolution_photos/2012/Birdsfoot East/Birdsfoot East 3/19June12Camera2-Card7-0216.jpg,1766.32,2322.14,1783.32,2339.14,Bird
high_resolution_photos/2012/Birdsfoot East/Birdsfoot East 3/19June12Camera2-Card7-0216.jpg,1762.32,2326.14,1779.32,2343.14,Bird
high_resolution_photos/2012/Birdsfoot East/Birdsfoot East 3/19June12Camera2-Card7-0216.jpg,1758.32,2330.14,1775.32,2347.14,Bird
high_resolution_photos/2012/Birdsfoot East/Birdsfoot East 3/19June12Camera2-Card7-0216.jpg,1750.32,2334.14,1767.32,2351.14,Bird
high_resolution_photos/2012/Birdsfoot East/Birdsfoot East 3/19June12Camera2-Card7-0216.jpg,1774.32,2370.14,1791.32,2387.14,Bird
high_resolution_photos/2012/Birdsfoot East/Birdsfoot East 3/19June12Camera2-Card7-0216.jpg,2820.98,2291.48,2837.98,2308.48,Bird
high_resolution_photos/2012/Birdsfoot East/Birdsfoot East 3/19June12Camera2-Card7-0216.jpg,2830.31,2338.15,2847.31,2355.15,Bird
high_resolution_photos/2012/Birdsfoot East/Birdsfoot East 3/19June12Camera2-Card7-0216.jpg,2818.31,2374.15,2835.31,2391.15,Bird
high_resolution_photos/2012/Birdsfoot East/Birdsfoot East 3/19June12Camera2-Card7-0216.jpg,2836.31,2402.15,2853.31,2419.15,Bird
high_resolution_photos/2012/Birdsfoot East/Birdsfoot East 3/19June12Camera2-Card7-0216.jpg,2842.31,2410.15,2859.31,2427.15,Bird
high_resolution_photos/2012/Birdsfoot East/Birdsfoot East 3/19June12Camera2-Card7-0216.jpg,1422.32,2314.14,1439.32,2331.14,Bird
high_resolution_photos/2012/Birdsfoot East/Birdsfoot East 3/19June12Camera2-Card7-0216.jpg,1426.32,2318.14,1443.32,2335.14,Bird
high_resolution_photos/2012/Birdsfoot East/Birdsfoot East 3/19June12Camera2-Card7-0216.jpg,1435.65,2324.81,1452.65,2341.81,Bird
high_resolution_photos/2012/Birdsfoot East/Birdsfoot East 3/19June12Camera2-Card7-0216.jpg,1478.32,2334.14,1495.32,2351.14,Bird
high_resolution_photos/2012/Birdsfoot East/Birdsfoot East 3/19June12Camera2-Card7-0216.jpg,1466.32,2342.14,1483.32,2359.14,Bird
high_resolution_photos/2012/Birdsfoot East/Birdsfoot East 3/19June12Camera2-Card7-0216.jpg,1462.32,2358.14,1479.32,2375.14,Bird
high_resolution_photos/2012/Birdsfoot East/Birdsfoot East 3/19June12Camera2-Card7-0216.jpg,1958.32,2318.14,1975.32,2335.14,Bird
high_resolution_photos/2012/Birdsfoot East/Birdsfoot East 3/19June12Camera2-Card7-0216.jpg,1954.32,2326.14,1971.32,2343.14,Bird
high_resolution_photos/2012/Birdsfoot East/Birdsfoot East 3/19June12Camera2-Card7-0216.jpg,1630.32,2326.14,1647.32,2343.14,Bird
high_resolution_photos/2012/Birdsfoot East/Birdsfoot East 3/19June12Camera2-Card7-0216.jpg,1650.32,2342.14,1667.32,2359.14,Bird
high_resolution_photos/2012/Birdsfoot East/Birdsfoot East 3/19June12Camera2-Card7-0216.jpg,1654.32,2354.14,1671.32,2371.14,Bird
high_resolution_photos/2012/Birdsfoot East/Birdsfoot East 3/19June12Camera2-Card7-0216.jpg,1894.32,2330.14,1911.32,2347.14,Bird
high_resolution_photos/2012/Birdsfoot East/Birdsfoot East 3/19June12Camera2-Card7-0216.jpg,1872.32,2334.14,1889.32,2351.14,Bird
high_resolution_photos/2012/Birdsfoot East/Birdsfoot East 3/19June12Camera2-Card7-0216.jpg,1886.32,2334.14,1903.32,2351.14,Bird
high_resolution_photos/2012/Birdsfoot East/Birdsfoot East 3/19June12Camera2-Card7-0216.jpg,1830.32,2360.14,1847.32,2377.14,Bird
high_resolution_photos/2012/Birdsfoot East/Birdsfoot East 3/19June12Camera2-Card7-0216.jpg,1954.32,2358.14,1971.32,2375.14,Bird
high_resolution_photos/2012/Birdsfoot East/Birdsfoot East 3/19June12Camera2-Card7-0216.jpg,1890.32,2362.14,1907.32,2379.14,Bird
high_resolution_photos/2012/Birdsfoot East/Birdsfoot East 3/19June12Camera2-Card7-0216.jpg,1818.32,2394.14,1835.32,2411.14,Bird
high_resolution_photos/2012/Birdsfoot East/Birdsfoot East 3/19June12Camera2-Card7-0216.jpg,1922.32,2394.14,1939.32,2411.14,Bird
high_resolution_photos/2012/Birdsfoot East/Birdsfoot East 3/19June12Camera2-Card7-0216.jpg,2528.31,2330.15,2545.31,2347.15,Bird
high_resolution_photos/2012/Birdsfoot East/Birdsfoot East 3/19June12Camera2-Card7-0216.jpg,2508.31,2338.15,2525.31,2355.15,Bird
high_resolution_photos/2012/Birdsfoot East/Birdsfoot East 3/19June12Camera2-Card7-0216.jpg,2566.31,2344.15,2583.31,2361.15,Bird
high_resolution_photos/2012/Birdsfoot East/Birdsfoot East 3/19June12Camera2-Card7-0216.jpg,2536.31,2378.15,2553.31,2395.15,Bird
high_resolution_photos/2012/Birdsfoot East/Birdsfoot East 3/19June12Camera2-Card7-0216.jpg,2511.64,2387.48,2528.64,2404.48,Bird
high_resolution_photos/2012/Birdsfoot East/Birdsfoot East 3/19June12Camera2-Card7-0216.jpg,2570.31,2386.15,2587.31,2403.15,Bird
high_resolution_photos/2012/Birdsfoot East/Birdsfoot East 3/19June12Camera2-Card7-0216.jpg,2514.31,2402.15,2531.31,2419.15,Bird
high_resolution_photos/2012/Birdsfoot East/Birdsfoot East 3/19June12Camera2-Card7-0216.jpg,2578.31,2408.15,2595.31,2425.15,Bird
high_resolution_photos/2012/Birdsfoot East/Birdsfoot East 3/19June12Camera2-Card7-0216.jpg,2516.31,2410.15,2533.31,2427.15,Bird
high_resolution_photos/2012/Birdsfoot East/Birdsfoot East 3/19June12Camera2-Card7-0216.jpg,2530.31,2422.15,2547.31,2439.15,Bird
high_resolution_photos/2012/Birdsfoot East/Birdsfoot East 3/19June12Camera2-Card7-0216.jpg,2530.31,2430.15,2547.31,2447.15,Bird
high_resolution_photos/2012/Birdsfoot East/Birdsfoot East 3/19June12Camera2-Card7-0216.jpg,2610.31,2436.15,2627.31,2453.15,Bird
high_resolution_photos/2012/Birdsfoot East/Birdsfoot East 3/19June12Camera2-Card7-0216.jpg,2622.31,2442.15,2639.31,2459.15,Bird
high_resolution_photos/2012/Birdsfoot East/Birdsfoot East 3/19June12Camera2-Card7-0216.jpg,2682.31,2442.15,2699.31,2459.15,Bird
high_resolution_photos/2012/Birdsfoot East/Birdsfoot East 3/19June12Camera2-Card7-0216.jpg,2626.31,2446.15,2643.31,2463.15,Bird
high_resolution_photos/2012/Birdsfoot East/Birdsfoot East 3/19June12Camera2-Card7-0216.jpg,2650.31,2446.15,2667.31,2463.15,Bird
high_resolution_photos/2012/Birdsfoot East/Birdsfoot East 3/19June12Camera2-Card7-0216.jpg,2558.31,2450.15,2575.31,2467.15,Bird
high_resolution_photos/2012/Birdsfoot East/Birdsfoot East 3/19June12Camera2-Card7-0216.jpg,2646.31,2450.15,2663.31,2467.15,Bird
high_resolution_photos/2012/Birdsfoot East/Birdsfoot East 3/19June12Camera2-Card7-0216.jpg,2590.31,2454.15,2607.31,2471.15,Bird
high_resolution_photos/2012/Birdsfoot East/Birdsfoot East 3/19June12Camera2-Card7-0216.jpg,2594.31,2470.15,2611.31,2487.15,Bird
high_resolution_photos/2012/Birdsfoot East/Birdsfoot East 3/19June12Camera2-Card7-0216.jpg,2586.31,2482.15,2603.31,2499.15,Bird
high_resolution_photos/2012/Birdsfoot East/Birdsfoot East 3/19June12Camera2-Card7-0216.jpg,2686.31,2482.15,2703.31,2499.15,Bird
high_resolution_photos/2012/Birdsfoot East/Birdsfoot East 3/19June12Camera2-Card7-0216.jpg,2552.31,2486.15,2569.31,2503.15,Bird
high_resolution_photos/2012/Birdsfoot East/Birdsfoot East 3/19June12Camera2-Card7-0216.jpg,2690.31,2486.15,2707.31,2503.15,Bird
high_resolution_photos/2012/Birdsfoot East/Birdsfoot East 3/19June12Camera2-Card7-0216.jpg,2572.31,2496.15,2589.31,2513.15,Bird
high_resolution_photos/2012/Birdsfoot East/Birdsfoot East 3/19June12Camera2-Card7-0216.jpg,2698.31,2494.15,2715.31,2511.15,Bird
high_resolution_photos/2012/Birdsfoot East/Birdsfoot East 3/19June12Camera2-Card7-0216.jpg,2539.64,2528.81,2556.64,2545.81,Bird
high_resolution_photos/2012/Birdsfoot East/Birdsfoot East 3/19June12Camera2-Card7-0216.jpg,2658.31,2338.15,2675.31,2355.15,Bird
high_resolution_photos/2012/Birdsfoot East/Birdsfoot East 3/19June12Camera2-Card7-0216.jpg,2622.31,2342.15,2639.31,2359.15,Bird
high_resolution_photos/2012/Birdsfoot East/Birdsfoot East 3/19June12Camera2-Card7-0216.jpg,2670.31,2350.15,2687.31,2367.15,Bird
high_resolution_photos/2012/Birdsfoot East/Birdsfoot East 3/19June12Camera2-Card7-0216.jpg,2630.31,2356.15,2647.31,2373.15,Bird
high_resolution_photos/2012/Birdsfoot East/Birdsfoot East 3/19June12Camera2-Card7-0216.jpg,2702.31,2354.15,2719.31,2371.15,Bird
high_resolution_photos/2012/Birdsfoot East/Birdsfoot East 3/19June12Camera2-Card7-0216.jpg,2690.31,2366.15,2707.31,2383.15,Bird
high_resolution_photos/2012/Birdsfoot East/Birdsfoot East 3/19June12Camera2-Card7-0216.jpg,2622.31,2370.15,2639.31,2387.15,Bird
high_resolution_photos/2012/Birdsfoot East/Birdsfoot East 3/19June12Camera2-Card7-0216.jpg,2618.31,2374.15,2635.31,2391.15,Bird
high_resolution_photos/2012/Birdsfoot East/Birdsfoot East 3/19June12Camera2-Card7-0216.jpg,2650.31,2374.15,2667.31,2391.15,Bird
high_resolution_photos/2012/Birdsfoot East/Birdsfoot East 3/19June12Camera2-Card7-0216.jpg,2694.31,2378.15,2711.31,2395.15,Bird
high_resolution_photos/2012/Birdsfoot East/Birdsfoot East 3/19June12Camera2-Card7-0216.jpg,2656.31,2396.15,2673.31,2413.15,Bird
high_resolution_photos/2012/Birdsfoot East/Birdsfoot East 3/19June12Camera2-Card7-0216.jpg,2014.31,2358.14,2031.31,2375.14,Bird
high_resolution_photos/2012/Birdsfoot East/Birdsfoot East 3/19June12Camera2-Card7-0216.jpg,2018.31,2370.14,2035.31,2387.14,Bird
high_resolution_photos/2012/Birdsfoot East/Birdsfoot East 3/19June12Camera2-Card7-0216.jpg,1319.65,2368.81,1336.65,2385.81,Bird
high_resolution_photos/2012/Birdsfoot East/Birdsfoot East 3/19June12Camera2-Card7-0216.jpg,1326.32,2378.14,1343.32,2395.14,Bird
high_resolution_photos/2012/Birdsfoot East/Birdsfoot East 3/19June12Camera2-Card7-0216.jpg,1346.32,2378.14,1363.32,2395.14,Bird
high_resolution_photos/2012/Birdsfoot East/Birdsfoot East 3/19June12Camera2-Card7-0216.jpg,1350.32,2382.14,1367.32,2399.14,Bird
high_resolution_photos/2012/Birdsfoot East/Birdsfoot East 3/19June12Camera2-Card7-0216.jpg,1322.32,2398.14,1339.32,2415.14,Bird
high_resolution_photos/2012/Birdsfoot East/Birdsfoot East 3/19June12Camera2-Card7-0216.jpg,1334.32,2402.14,1351.32,2419.14,Bird
high_resolution_photos/2012/Birdsfoot East/Birdsfoot East 3/19June12Camera2-Card7-0216.jpg,1354.32,2402.14,1371.32,2419.14,Bird
high_resolution_photos/2012/Birdsfoot East/Birdsfoot East 3/19June12Camera2-Card7-0216.jpg,1350.32,2420.14,1367.32,2437.14,Bird
high_resolution_photos/2012/Birdsfoot East/Birdsfoot East 3/19June12Camera2-Card7-0216.jpg,1442.32,2426.14,1459.32,2443.14,Bird
high_resolution_photos/2012/Birdsfoot East/Birdsfoot East 3/19June12Camera2-Card7-0216.jpg,1350.32,2430.14,1367.32,2447.14,Bird
high_resolution_photos/2012/Birdsfoot East/Birdsfoot East 3/19June12Camera2-Card7-0216.jpg,1434.32,2434.14,1451.32,2451.14,Bird
high_resolution_photos/2012/Birdsfoot East/Birdsfoot East 3/19June12Camera2-Card7-0216.jpg,1362.32,2438.14,1379.32,2455.14,Bird
high_resolution_photos/2012/Birdsfoot East/Birdsfoot East 3/19June12Camera2-Card7-0216.jpg,1374.32,2446.14,1391.32,2463.14,Bird
high_resolution_photos/2012/Birdsfoot East/Birdsfoot East 3/19June12Camera2-Card7-0216.jpg,1422.32,2462.14,1439.32,2479.14,Bird
high_resolution_photos/2012/Birdsfoot East/Birdsfoot East 3/19June12Camera2-Card7-0216.jpg,1404.32,2470.14,1421.32,2487.14,Bird
high_resolution_photos/2012/Birdsfoot East/Birdsfoot East 3/19June12Camera2-Card7-0216.jpg,1402.32,2490.14,1419.32,2507.14,Bird
high_resolution_photos/2012/Birdsfoot East/Birdsfoot East 3/19June12Camera2-Card7-0216.jpg,1438.32,2494.14,1455.32,2511.14,Bird
high_resolution_photos/2012/Birdsfoot East/Birdsfoot East 3/19June12Camera2-Card7-0216.jpg,1414.32,2502.14,1431.32,2519.14,Bird
high_resolution_photos/2012/Birdsfoot East/Birdsfoot East 3/19June12Camera2-Card7-0216.jpg,1426.32,2502.14,1443.32,2519.14,Bird
high_resolution_photos/2012/Birdsfoot East/Birdsfoot East 3/19June12Camera2-Card7-0216.jpg,1418.32,2506.14,1435.32,2523.14,Bird
high_resolution_photos/2012/Birdsfoot East/Birdsfoot East 3/19June12Camera2-Card7-0216.jpg,1418.32,2530.14,1435.32,2547.14,Bird
high_resolution_photos/2012/Birdsfoot East/Birdsfoot East 3/19June12Camera2-Card7-0216.jpg,2754.31,2374.15,2771.31,2391.15,Bird
high_resolution_photos/2012/Birdsfoot East/Birdsfoot East 3/19June12Camera2-Card7-0216.jpg,2758.31,2410.15,2775.31,2427.15,Bird
high_resolution_photos/2012/Birdsfoot East/Birdsfoot East 3/19June12Camera2-Card7-0216.jpg,2386.31,2386.15,2403.31,2403.15,Bird
high_resolution_photos/2012/Birdsfoot East/Birdsfoot East 3/19June12Camera2-Card7-0216.jpg,2410.31,2426.15,2427.31,2443.15,Bird
high_resolution_photos/2012/Birdsfoot East/Birdsfoot East 3/19June12Camera2-Card7-0216.jpg,1586.32,2418.14,1603.32,2435.14,Bird
high_resolution_photos/2012/Birdsfoot East/Birdsfoot East 3/19June12Camera2-Card7-0216.jpg,1582.32,2422.14,1599.32,2439.14,Bird
high_resolution_photos/2012/Birdsfoot East/Birdsfoot East 3/19June12Camera2-Card7-0216.jpg,1578.32,2430.14,1595.32,2447.14,Bird
high_resolution_photos/2012/Birdsfoot East/Birdsfoot East 3/19June12Camera2-Card7-0216.jpg,1618.32,2438.14,1635.32,2455.14,Bird
high_resolution_photos/2012/Birdsfoot East/Birdsfoot East 3/19June12Camera2-Card7-0216.jpg,1622.32,2446.14,1639.32,2463.14,Bird
high_resolution_photos/2012/Birdsfoot East/Birdsfoot East 3/19June12Camera2-Card7-0216.jpg,1622.32,2474.14,1639.32,2491.14,Bird
high_resolution_photos/2012/Birdsfoot East/Birdsfoot East 3/19June12Camera2-Card7-0216.jpg,2104.98,2412.81,2121.98,2429.81,Bird
high_resolution_photos/2012/Birdsfoot East/Birdsfoot East 3/19June12Camera2-Card7-0216.jpg,2066.31,2414.14,2083.31,2431.14,Bird
high_resolution_photos/2012/Birdsfoot East/Birdsfoot East 3/19June12Camera2-Card7-0216.jpg,1958.32,2422.14,1975.32,2439.14,Bird
high_resolution_photos/2012/Birdsfoot East/Birdsfoot East 3/19June12Camera2-Card7-0216.jpg,1988.31,2430.14,2005.31,2447.14,Bird
high_resolution_photos/2012/Birdsfoot East/Birdsfoot East 3/19June12Camera2-Card7-0216.jpg,1946.32,2434.14,1963.32,2451.14,Bird
high_resolution_photos/2012/Birdsfoot East/Birdsfoot East 3/19June12Camera2-Card7-0216.jpg,1934.32,2438.14,1951.32,2455.14,Bird
high_resolution_photos/2012/Birdsfoot East/Birdsfoot East 3/19June12Camera2-Card7-0216.jpg,2002.31,2438.14,2019.31,2455.14,Bird
high_resolution_photos/2012/Birdsfoot East/Birdsfoot East 3/19June12Camera2-Card7-0216.jpg,2042.31,2442.14,2059.31,2459.14,Bird
high_resolution_photos/2012/Birdsfoot East/Birdsfoot East 3/19June12Camera2-Card7-0216.jpg,1954.31,2448.14,1971.31,2465.14,Bird
high_resolution_photos/2012/Birdsfoot East/Birdsfoot East 3/19June12Camera2-Card7-0216.jpg,2016.31,2446.14,2033.31,2463.14,Bird
high_resolution_photos/2012/Birdsfoot East/Birdsfoot East 3/19June12Camera2-Card7-0216.jpg,2036.31,2446.14,2053.31,2463.14,Bird
high_resolution_photos/2012/Birdsfoot East/Birdsfoot East 3/19June12Camera2-Card7-0216.jpg,1958.31,2458.14,1975.31,2475.14,Bird
high_resolution_photos/2012/Birdsfoot East/Birdsfoot East 3/19June12Camera2-Card7-0216.jpg,1914.32,2462.14,1931.32,2479.14,Bird
high_resolution_photos/2012/Birdsfoot East/Birdsfoot East 3/19June12Camera2-Card7-0216.jpg,1918.32,2466.14,1935.32,2483.14,Bird
high_resolution_photos/2012/Birdsfoot East/Birdsfoot East 3/19June12Camera2-Card7-0216.jpg,1922.32,2478.14,1939.32,2495.14,Bird
high_resolution_photos/2012/Birdsfoot East/Birdsfoot East 3/19June12Camera2-Card7-0216.jpg,1874.32,2522.14,1891.32,2539.14,Bird
high_resolution_photos/2012/Birdsfoot East/Birdsfoot East 3/19June12Camera2-Card7-0216.jpg,1892.32,2522.14,1909.32,2539.14,Bird
high_resolution_photos/2012/Birdsfoot East/Birdsfoot East 3/19June12Camera2-Card7-0216.jpg,1939.65,2531.48,1956.65,2548.48,Bird
high_resolution_photos/2012/Birdsfoot East/Birdsfoot East 3/19June12Camera2-Card7-0216.jpg,1874.32,2570.14,1891.32,2587.14,Bird
high_resolution_photos/2012/Birdsfoot East/Birdsfoot East 3/19June12Camera2-Card7-0216.jpg,4681.8,2410.65,4698.8,2427.65,Bird
high_resolution_photos/2012/Birdsfoot East/Birdsfoot East 3/19June12Camera2-Card7-0216.jpg,4710.3,2406.15,4727.3,2423.15,Bird
high_resolution_photos/2012/Birdsfoot East/Birdsfoot East 3/19June12Camera2-Card7-0216.jpg,4710.3,2428.15,4727.3,2445.15,Bird
high_resolution_photos/2012/Birdsfoot East/Birdsfoot East 3/19June12Camera2-Card7-0216.jpg,4758.3,2406.15,4775.3,2423.15,Bird
high_resolution_photos/2012/Birdsfoot East/Birdsfoot East 3/19June12Camera2-Card7-0216.jpg,4758.3,2428.15,4775.3,2445.15,Bird
high_resolution_photos/2012/Birdsfoot East/Birdsfoot East 3/19June12Camera2-Card7-0216.jpg,4758.3,2450.15,4775.3,2467.15,Bird
high_resolution_photos/2012/Birdsfoot East/Birdsfoot East 3/19June12Camera2-Card7-0216.jpg,4819.75,2412.34,4836.75,2429.34,Bird
high_resolution_photos/2012/Birdsfoot East/Birdsfoot East 3/19June12Camera2-Card7-0216.jpg,2812.31,2442.15,2829.31,2459.15,Bird
high_resolution_photos/2012/Birdsfoot East/Birdsfoot East 3/19June12Camera2-Card7-0216.jpg,2786.31,2462.15,2803.31,2479.15,Bird
high_resolution_photos/2012/Birdsfoot East/Birdsfoot East 3/19June12Camera2-Card7-0216.jpg,4733.37,2431.08,4750.37,2448.08,Bird
high_resolution_photos/2012/Birdsfoot East/Birdsfoot East 3/19June12Camera2-Card7-0216.jpg,4820.91,2435.69,4837.91,2452.69,Bird
high_resolution_photos/2012/Birdsfoot East/Birdsfoot East 3/19June12Camera2-Card7-0216.jpg,2486.31,2470.15,2503.31,2487.15,Bird
high_resolution_photos/2012/Birdsfoot East/Birdsfoot East 3/19June12Camera2-Card7-0216.jpg,2474.31,2482.15,2491.31,2499.15,Bird
high_resolution_photos/2012/Birdsfoot East/Birdsfoot East 3/19June12Camera2-Card7-0216.jpg,3010.31,2482.15,3027.31,2499.15,Bird
high_resolution_photos/2012/Birdsfoot East/Birdsfoot East 3/19June12Camera2-Card7-0216.jpg,3000.31,2494.15,3017.31,2511.15,Bird
high_resolution_photos/2012/Birdsfoot East/Birdsfoot East 3/19June12Camera2-Card7-0216.jpg,1722.32,2486.14,1739.32,2503.14,Bird
high_resolution_photos/2012/Birdsfoot East/Birdsfoot East 3/19June12Camera2-Card7-0216.jpg,1730.32,2494.14,1747.32,2511.14,Bird
high_resolution_photos/2012/Birdsfoot East/Birdsfoot East 3/19June12Camera2-Card7-0216.jpg,1734.32,2526.14,1751.32,2543.14,Bird
high_resolution_photos/2012/Birdsfoot East/Birdsfoot East 3/19June12Camera2-Card7-0216.jpg,2750.31,2514.15,2767.31,2531.15,Bird
high_resolution_photos/2012/Birdsfoot East/Birdsfoot East 3/19June12Camera2-Card7-0216.jpg,2754.31,2522.15,2771.31,2539.15,Bird
high_resolution_photos/2012/Birdsfoot East/Birdsfoot East 3/19June12Camera2-Card7-0216.jpg,2758.31,2530.15,2775.31,2547.15,Bird
high_resolution_photos/2012/Birdsfoot East/Birdsfoot East 3/19June12Camera2-Card7-0216.jpg,1546.32,2526.14,1563.32,2543.14,Bird
high_resolution_photos/2012/Birdsfoot East/Birdsfoot East 3/19June12Camera2-Card7-0216.jpg,1534.32,2530.14,1551.32,2547.14,Bird
high_resolution_photos/2012/Birdsfoot East/Birdsfoot East 3/19June12Camera2-Card7-0216.jpg,2642.31,2522.15,2659.31,2539.15,Bird
high_resolution_photos/2012/Birdsfoot East/Birdsfoot East 3/19June12Camera2-Card7-0216.jpg,2650.31,2526.15,2667.31,2543.15,Bird
high_resolution_photos/2012/Birdsfoot East/Birdsfoot East 3/19June12Camera2-Card7-0216.jpg,2656.31,2534.15,2673.31,2551.15,Bird
high_resolution_photos/2012/Birdsfoot East/Birdsfoot East 3/19June12Camera2-Card7-0216.jpg,1802.32,2546.14,1819.32,2563.14,Bird
high_resolution_photos/2012/Birdsfoot East/Birdsfoot East 3/19June12Camera2-Card7-0216.jpg,1832.32,2546.14,1849.32,2563.14,Bird
high_resolution_photos/2012/Birdsfoot East/Birdsfoot East 3/19June12Camera2-Card7-0216.jpg,1778.32,2550.14,1795.32,2567.14,Bird
high_resolution_photos/2012/Birdsfoot East/Birdsfoot East 3/19June12Camera2-Card7-0216.jpg,1806.32,2550.14,1823.32,2567.14,Bird
high_resolution_photos/2012/Birdsfoot East/Birdsfoot East 3/19June12Camera2-Card7-0216.jpg,1638.32,2542.14,1655.32,2559.14,Bird
high_resolution_photos/2012/Birdsfoot East/Birdsfoot East 3/19June12Camera2-Card7-0216.jpg,1690.32,2542.14,1707.32,2559.14,Bird
high_resolution_photos/2012/Birdsfoot East/Birdsfoot East 3/19June12Camera2-Card7-0216.jpg,1650.32,2550.14,1667.32,2567.14,Bird
high_resolution_photos/2012/Birdsfoot East/Birdsfoot East 3/19June12Camera2-Card7-0216.jpg,2098.31,2546.14,2115.31,2563.14,Bird
high_resolution_photos/2012/Birdsfoot East/Birdsfoot East 3/19June12Camera2-Card7-0216.jpg,2114.31,2558.14,2131.31,2575.14,Bird
high_resolution_photos/2012/Birdsfoot East/Birdsfoot East 3/19June12Camera2-Card7-0216.jpg,2114.31,2598.14,2131.31,2615.14,Bird
high_resolution_photos/2012/Birdsfoot East/Birdsfoot East 3/19June12Camera2-Card7-0216.jpg,2130.31,2598.14,2147.31,2615.14,Bird
high_resolution_photos/2012/Birdsfoot East/Birdsfoot East 3/19June12Camera2-Card7-0216.jpg,2452.31,2552.14,2469.31,2569.14,Bird
high_resolution_photos/2012/Birdsfoot East/Birdsfoot East 3/19June12Camera2-Card7-0216.jpg,2322.31,2558.14,2339.31,2575.14,Bird
high_resolution_photos/2012/Birdsfoot East/Birdsfoot East 3/19June12Camera2-Card7-0216.jpg,2418.31,2562.14,2435.31,2579.14,Bird
high_resolution_photos/2012/Birdsfoot East/Birdsfoot East 3/19June12Camera2-Card7-0216.jpg,2330.31,2566.14,2347.31,2583.14,Bird
high_resolution_photos/2012/Birdsfoot East/Birdsfoot East 3/19June12Camera2-Card7-0216.jpg,2292.31,2582.14,2309.31,2599.14,Bird
high_resolution_photos/2012/Birdsfoot East/Birdsfoot East 3/19June12Camera2-Card7-0216.jpg,2366.31,2574.14,2383.31,2591.14,Bird
high_resolution_photos/2012/Birdsfoot East/Birdsfoot East 3/19June12Camera2-Card7-0216.jpg,2354.31,2578.14,2371.31,2595.14,Bird
high_resolution_photos/2012/Birdsfoot East/Birdsfoot East 3/19June12Camera2-Card7-0216.jpg,2338.31,2582.14,2355.31,2599.14,Bird
high_resolution_photos/2012/Birdsfoot East/Birdsfoot East 3/19June12Camera2-Card7-0216.jpg,2378.31,2582.14,2395.31,2599.14,Bird
high_resolution_photos/2012/Birdsfoot East/Birdsfoot East 3/19June12Camera2-Card7-0216.jpg,2338.31,2600.14,2355.31,2617.14,Bird
high_resolution_photos/2012/Birdsfoot East/Birdsfoot East 3/19June12Camera2-Card7-0216.jpg,2292.31,2600.14,2309.31,2617.14,Bird
high_resolution_photos/2012/Birdsfoot East/Birdsfoot East 3/19June12Camera2-Card7-0216.jpg,2394.31,2598.14,2411.31,2615.14,Bird
high_resolution_photos/2012/Birdsfoot East/Birdsfoot East 3/19June12Camera2-Card7-0216.jpg,2294.31,2612.14,2311.31,2629.14,Bird
high_resolution_photos/2012/Birdsfoot East/Birdsfoot East 3/19June12Camera2-Card7-0216.jpg,2350.31,2618.14,2367.31,2635.14,Bird
high_resolution_photos/2012/Birdsfoot East/Birdsfoot East 3/19June12Camera2-Card7-0216.jpg,2350.31,2638.14,2367.31,2655.14,Bird
high_resolution_photos/2012/Birdsfoot East/Birdsfoot East 3/19June12Camera2-Card7-0216.jpg,2298.31,2642.14,2315.31,2659.14,Bird
high_resolution_photos/2012/Birdsfoot East/Birdsfoot East 3/19June12Camera2-Card7-0216.jpg,2358.31,2646.14,2375.31,2663.14,Bird
high_resolution_photos/2012/Birdsfoot East/Birdsfoot East 3/19June12Camera2-Card7-0216.jpg,2306.31,2650.14,2323.31,2667.14,Bird
high_resolution_photos/2012/Birdsfoot East/Birdsfoot East 3/19June12Camera2-Card7-0216.jpg,2366.31,2658.14,2383.31,2675.14,Bird
high_resolution_photos/2012/Birdsfoot East/Birdsfoot East 3/19June12Camera2-Card7-0216.jpg,2310.31,2682.14,2327.31,2699.14,Bird
high_resolution_photos/2012/Birdsfoot East/Birdsfoot East 3/19June12Camera2-Card7-0216.jpg,2332.31,2714.14,2349.31,2731.14,Bird
high_resolution_photos/2012/Birdsfoot East/Birdsfoot East 3/19June12Camera2-Card7-0216.jpg,2338.31,2734.14,2355.31,2751.14,Bird
high_resolution_photos/2012/Birdsfoot East/Birdsfoot East 3/19June12Camera2-Card7-0216.jpg,2302.31,2742.14,2319.31,2759.14,Bird
high_resolution_photos/2012/Birdsfoot East/Birdsfoot East 3/19June12Camera2-Card7-0216.jpg,1942.31,2578.14,1959.31,2595.14,Bird
high_resolution_photos/2012/Birdsfoot East/Birdsfoot East 3/19June12Camera2-Card7-0216.jpg,1950.31,2586.14,1967.31,2603.14,Bird
high_resolution_photos/2012/Birdsfoot East/Birdsfoot East 3/19June12Camera2-Card7-0216.jpg,1982.31,2590.14,1999.31,2607.14,Bird
high_resolution_photos/2012/Birdsfoot East/Birdsfoot East 3/19June12Camera2-Card7-0216.jpg,1954.31,2594.14,1971.31,2611.14,Bird
high_resolution_photos/2012/Birdsfoot East/Birdsfoot East 3/19June12Camera2-Card7-0216.jpg,1890.31,2598.14,1907.31,2615.14,Bird
high_resolution_photos/2012/Birdsfoot East/Birdsfoot East 3/19June12Camera2-Card7-0216.jpg,1962.31,2598.14,1979.31,2615.14,Bird
high_resolution_photos/2012/Birdsfoot East/Birdsfoot East 3/19June12Camera2-Card7-0216.jpg,1882.31,2602.14,1899.31,2619.14,Bird
high_resolution_photos/2012/Birdsfoot East/Birdsfoot East 3/19June12Camera2-Card7-0216.jpg,1898.31,2602.14,1915.31,2619.14,Bird
high_resolution_photos/2012/Birdsfoot East/Birdsfoot East 3/19June12Camera2-Card7-0216.jpg,1912.31,2602.14,1929.31,2619.14,Bird
high_resolution_photos/2012/Birdsfoot East/Birdsfoot East 3/19June12Camera2-Card7-0216.jpg,1874.31,2606.14,1891.31,2623.14,Bird
high_resolution_photos/2012/Birdsfoot East/Birdsfoot East 3/19June12Camera2-Card7-0216.jpg,1866.32,2618.14,1883.32,2635.14,Bird
high_resolution_photos/2012/Birdsfoot East/Birdsfoot East 3/19June12Camera2-Card7-0216.jpg,2028.31,2634.14,2045.31,2651.14,Bird
high_resolution_photos/2012/Birdsfoot East/Birdsfoot East 3/19June12Camera2-Card7-0216.jpg,1938.31,2638.14,1955.31,2655.14,Bird
high_resolution_photos/2012/Birdsfoot East/Birdsfoot East 3/19June12Camera2-Card7-0216.jpg,1902.31,2650.14,1919.31,2667.14,Bird
high_resolution_photos/2012/Birdsfoot East/Birdsfoot East 3/19June12Camera2-Card7-0216.jpg,1866.31,2654.14,1883.31,2671.14,Bird
high_resolution_photos/2012/Birdsfoot East/Birdsfoot East 3/19June12Camera2-Card7-0216.jpg,1907.65,2656.81,1924.65,2673.81,Bird
high_resolution_photos/2012/Birdsfoot East/Birdsfoot East 3/19June12Camera2-Card7-0216.jpg,1886.31,2698.14,1903.31,2715.14,Bird
high_resolution_photos/2012/Birdsfoot East/Birdsfoot East 3/19June12Camera2-Card7-0216.jpg,1850.31,2714.14,1867.31,2731.14,Bird
high_resolution_photos/2012/Birdsfoot East/Birdsfoot East 3/19June12Camera2-Card7-0216.jpg,1838.31,2722.14,1855.31,2739.14,Bird
high_resolution_photos/2012/Birdsfoot East/Birdsfoot East 3/19June12Camera2-Card7-0216.jpg,2486.31,2578.14,2503.31,2595.14,Bird
high_resolution_photos/2012/Birdsfoot East/Birdsfoot East 3/19June12Camera2-Card7-0216.jpg,2490.31,2588.14,2507.31,2605.14,Bird
high_resolution_photos/2012/Birdsfoot East/Birdsfoot East 3/19June12Camera2-Card7-0216.jpg,2492.31,2598.14,2509.31,2615.14,Bird
high_resolution_photos/2012/Birdsfoot East/Birdsfoot East 3/19June12Camera2-Card7-0216.jpg,2526.31,2598.14,2543.31,2615.14,Bird
high_resolution_photos/2012/Birdsfoot East/Birdsfoot East 3/19June12Camera2-Card7-0216.jpg,2558.31,2604.14,2575.31,2621.14,Bird
high_resolution_photos/2012/Birdsfoot East/Birdsfoot East 3/19June12Camera2-Card7-0216.jpg,2522.31,2606.14,2539.31,2623.14,Bird
high_resolution_photos/2012/Birdsfoot East/Birdsfoot East 3/19June12Camera2-Card7-0216.jpg,2522.31,2614.14,2539.31,2631.14,Bird
high_resolution_photos/2012/Birdsfoot East/Birdsfoot East 3/19June12Camera2-Card7-0216.jpg,2550.31,2626.14,2567.31,2643.14,Bird
high_resolution_photos/2012/Birdsfoot East/Birdsfoot East 3/19June12Camera2-Card7-0216.jpg,1486.32,2588.14,1503.32,2605.14,Bird
high_resolution_photos/2012/Birdsfoot East/Birdsfoot East 3/19June12Camera2-Card7-0216.jpg,1474.32,2602.14,1491.32,2619.14,Bird
high_resolution_photos/2012/Birdsfoot East/Birdsfoot East 3/19June12Camera2-Card7-0216.jpg,1462.32,2606.14,1479.32,2623.14,Bird
high_resolution_photos/2012/Birdsfoot East/Birdsfoot East 3/19June12Camera2-Card7-0216.jpg,1486.32,2618.14,1503.32,2635.14,Bird
high_resolution_photos/2012/Birdsfoot East/Birdsfoot East 3/19June12Camera2-Card7-0216.jpg,1418.32,2622.14,1435.32,2639.14,Bird
high_resolution_photos/2012/Birdsfoot East/Birdsfoot East 3/19June12Camera2-Card7-0216.jpg,1486.32,2634.14,1503.32,2651.14,Bird
high_resolution_photos/2012/Birdsfoot East/Birdsfoot East 3/19June12Camera2-Card7-0216.jpg,1462.32,2674.14,1479.32,2691.14,Bird
high_resolution_photos/2012/Birdsfoot East/Birdsfoot East 3/19June12Camera2-Card7-0216.jpg,1770.32,2598.14,1787.32,2615.14,Bird
high_resolution_photos/2012/Birdsfoot East/Birdsfoot East 3/19June12Camera2-Card7-0216.jpg,1768.32,2614.14,1785.32,2631.14,Bird
high_resolution_photos/2012/Birdsfoot East/Birdsfoot East 3/19June12Camera2-Card7-0216.jpg,1768.32,2626.14,1785.32,2643.14,Bird
high_resolution_photos/2012/Birdsfoot East/Birdsfoot East 3/19June12Camera2-Card7-0216.jpg,1766.32,2642.14,1783.32,2659.14,Bird
high_resolution_photos/2012/Birdsfoot East/Birdsfoot East 3/19June12Camera2-Card7-0216.jpg,2446.31,2602.14,2463.31,2619.14,Bird
high_resolution_photos/2012/Birdsfoot East/Birdsfoot East 3/19June12Camera2-Card7-0216.jpg,2450.31,2612.14,2467.31,2629.14,Bird
high_resolution_photos/2012/Birdsfoot East/Birdsfoot East 3/19June12Camera2-Card7-0216.jpg,1622.32,2662.14,1639.32,2679.14,Bird
high_resolution_photos/2012/Birdsfoot East/Birdsfoot East 3/19June12Camera2-Card7-0216.jpg,1562.32,2606.14,1579.32,2623.14,Bird
high_resolution_photos/2012/Birdsfoot East/Birdsfoot East 3/19June12Camera2-Card7-0216.jpg,1574.32,2646.14,1591.32,2663.14,Bird
high_resolution_photos/2012/Birdsfoot East/Birdsfoot East 3/19June12Camera2-Card7-0216.jpg,1586.32,2690.14,1603.32,2707.14,Bird
high_resolution_photos/2012/Birdsfoot East/Birdsfoot East 3/19June12Camera2-Card7-0216.jpg,1818.32,2628.14,1835.32,2645.14,Bird
high_resolution_photos/2012/Birdsfoot East/Birdsfoot East 3/19June12Camera2-Card7-0216.jpg,1818.32,2658.14,1835.32,2675.14,Bird
high_resolution_photos/2012/Birdsfoot East/Birdsfoot East 3/19June12Camera2-Card7-0216.jpg,2098.31,2628.14,2115.31,2645.14,Bird
high_resolution_photos/2012/Birdsfoot East/Birdsfoot East 3/19June12Camera2-Card7-0216.jpg,1986.31,2662.14,2003.31,2679.14,Bird
high_resolution_photos/2012/Birdsfoot East/Birdsfoot East 3/19June12Camera2-Card7-0216.jpg,2102.31,2662.14,2119.31,2679.14,Bird
high_resolution_photos/2012/Birdsfoot East/Birdsfoot East 3/19June12Camera2-Card7-0216.jpg,1994.31,2674.14,2011.31,2691.14,Bird
high_resolution_photos/2012/Birdsfoot East/Birdsfoot East 3/19June12Camera2-Card7-0216.jpg,2066.31,2678.14,2083.31,2695.14,Bird
high_resolution_photos/2012/Birdsfoot East/Birdsfoot East 3/19June12Camera2-Card7-0216.jpg,1998.31,2682.14,2015.31,2699.14,Bird
high_resolution_photos/2012/Birdsfoot East/Birdsfoot East 3/19June12Camera2-Card7-0216.jpg,2054.31,2686.14,2071.31,2703.14,Bird
high_resolution_photos/2012/Birdsfoot East/Birdsfoot East 3/19June12Camera2-Card7-0216.jpg,2050.31,2690.14,2067.31,2707.14,Bird
high_resolution_photos/2012/Birdsfoot East/Birdsfoot East 3/19June12Camera2-Card7-0216.jpg,2010.31,2698.14,2027.31,2715.14,Bird
high_resolution_photos/2012/Birdsfoot East/Birdsfoot East 3/19June12Camera2-Card7-0216.jpg,2026.31,2698.14,2043.31,2715.14,Bird
high_resolution_photos/2012/Birdsfoot East/Birdsfoot East 3/19June12Camera2-Card7-0216.jpg,1086.32,2702.14,1103.32,2719.14,Bird
high_resolution_photos/2012/Birdsfoot East/Birdsfoot East 3/19June12Camera2-Card7-0216.jpg,1066.32,2738.14,1083.32,2755.14,Bird
high_resolution_photos/2012/Birdsfoot East/Birdsfoot East 3/19June12Camera2-Card7-0216.jpg,1710.32,2702.14,1727.32,2719.14,Bird
high_resolution_photos/2012/Birdsfoot East/Birdsfoot East 3/19June12Camera2-Card7-0216.jpg,1714.32,2706.14,1731.32,2723.14,Bird
high_resolution_photos/2012/Birdsfoot East/Birdsfoot East 3/19June12Camera2-Card7-0216.jpg,1722.32,2742.14,1739.32,2759.14,Bird
high_resolution_photos/2012/Birdsfoot East/Birdsfoot East 3/19June12Camera2-Card7-0216.jpg,1654.32,2706.14,1671.32,2723.14,Bird
high_resolution_photos/2012/Birdsfoot East/Birdsfoot East 3/19June12Camera2-Card7-0216.jpg,1666.32,2718.14,1683.32,2735.14,Bird
high_resolution_photos/2012/Birdsfoot East/Birdsfoot East 3/19June12Camera2-Card7-0216.jpg,1598.32,2734.14,1615.32,2751.14,Bird
high_resolution_photos/2012/Birdsfoot East/Birdsfoot East 3/19June12Camera2-Card7-0216.jpg,1602.32,2738.14,1619.32,2755.14,Bird
high_resolution_photos/2012/Birdsfoot East/Birdsfoot East 3/19June12Camera2-Card7-0216.jpg,1670.32,2738.14,1687.32,2755.14,Bird
high_resolution_photos/2012/Birdsfoot East/Birdsfoot East 3/19June12Camera2-Card7-0216.jpg,1612.32,2742.14,1629.32,2759.14,Bird
high_resolution_photos/2012/Birdsfoot East/Birdsfoot East 3/19June12Camera2-Card7-0216.jpg,1626.32,2750.14,1643.32,2767.14,Bird
high_resolution_photos/2012/Birdsfoot East/Birdsfoot East 3/19June12Camera2-Card7-0216.jpg,1682.32,2750.14,1699.32,2767.14,Bird
high_resolution_photos/2012/Birdsfoot East/Birdsfoot East 3/19June12Camera2-Card7-0216.jpg,1686.32,2766.14,1703.32,2783.14,Bird
high_resolution_photos/2012/Birdsfoot East/Birdsfoot East 3/19June12Camera2-Card7-0216.jpg,1682.32,2770.14,1699.32,2787.14,Bird
high_resolution_photos/2012/Birdsfoot East/Birdsfoot East 3/19June12Camera2-Card7-0216.jpg,1624.32,2778.14,1641.32,2795.14,Bird
high_resolution_photos/2012/Birdsfoot East/Birdsfoot East 3/19June12Camera2-Card7-0216.jpg,1674.32,2778.14,1691.32,2795.14,Bird
high_resolution_photos/2012/Birdsfoot East/Birdsfoot East 3/19June12Camera2-Card7-0216.jpg,1670.32,2786.14,1687.32,2803.14,Bird
high_resolution_photos/2012/Birdsfoot East/Birdsfoot East 3/19June12Camera2-Card7-0216.jpg,1698.32,2794.14,1715.32,2811.14,Bird
high_resolution_photos/2012/Birdsfoot East/Birdsfoot East 3/19June12Camera2-Card7-0216.jpg,1646.32,2842.14,1663.32,2859.14,Bird
high_resolution_photos/2012/Birdsfoot East/Birdsfoot East 3/19June12Camera2-Card7-0216.jpg,2106.31,2702.14,2123.31,2719.14,Bird
high_resolution_photos/2012/Birdsfoot East/Birdsfoot East 3/19June12Camera2-Card7-0216.jpg,2106.31,2718.14,2123.31,2735.14,Bird
high_resolution_photos/2012/Birdsfoot East/Birdsfoot East 3/19June12Camera2-Card7-0216.jpg,2110.31,2738.14,2127.31,2755.14,Bird
high_resolution_photos/2012/Birdsfoot East/Birdsfoot East 3/19June12Camera2-Card7-0216.jpg,1962.31,2730.14,1979.31,2747.14,Bird
high_resolution_photos/2012/Birdsfoot East/Birdsfoot East 3/19June12Camera2-Card7-0216.jpg,1950.31,2734.14,1967.31,2751.14,Bird
high_resolution_photos/2012/Birdsfoot East/Birdsfoot East 3/19June12Camera2-Card7-0216.jpg,1970.31,2734.14,1987.31,2751.14,Bird
high_resolution_photos/2012/Birdsfoot East/Birdsfoot East 3/19June12Camera2-Card7-0216.jpg,1976.31,2742.14,1993.31,2759.14,Bird
high_resolution_photos/2012/Birdsfoot East/Birdsfoot East 3/19June12Camera2-Card7-0216.jpg,1782.32,2738.14,1799.32,2755.14,Bird
high_resolution_photos/2012/Birdsfoot East/Birdsfoot East 3/19June12Camera2-Card7-0216.jpg,1806.31,2766.14,1823.31,2783.14,Bird
high_resolution_photos/2012/Birdsfoot East/Birdsfoot East 3/19June12Camera2-Card7-0216.jpg,1846.31,2786.14,1863.31,2803.14,Bird
high_resolution_photos/2012/Birdsfoot East/Birdsfoot East 3/19June12Camera2-Card7-0216.jpg,1818.31,2818.14,1835.31,2835.14,Bird
high_resolution_photos/2012/Birdsfoot East/Birdsfoot East 3/19June12Camera2-Card7-0216.jpg,2134.31,2778.14,2151.31,2795.14,Bird
high_resolution_photos/2012/Birdsfoot East/Birdsfoot East 3/19June12Camera2-Card7-0216.jpg,2130.31,2786.14,2147.31,2803.14,Bird
high_resolution_photos/2012/Birdsfoot East/Birdsfoot East 3/19June12Camera2-Card7-0216.jpg,2170.31,2786.14,2187.31,2803.14,Bird
high_resolution_photos/2012/Birdsfoot East/Birdsfoot East 3/19June12Camera2-Card7-0216.jpg,1906.31,2790.14,1923.31,2807.14,Bird
high_resolution_photos/2012/Birdsfoot East/Birdsfoot East 3/19June12Camera2-Card7-0216.jpg,1910.31,2818.14,1927.31,2835.14,Bird
high_resolution_photos/2012/Birdsfoot East/Birdsfoot East 3/19June12Camera2-Card7-0216.jpg,1918.31,2822.14,1935.31,2839.14,Bird
high_resolution_photos/2012/Birdsfoot East/Birdsfoot East 3/19June12Camera2-Card7-0216.jpg,1930.31,2826.14,1947.31,2843.14,Bird
high_resolution_photos/2012/Birdsfoot East/Birdsfoot East 3/19June12Camera2-Card7-0216.jpg,1944.98,2839.47,1961.98,2856.47,Bird
high_resolution_photos/2012/Birdsfoot East/Birdsfoot East 3/19June12Camera2-Card7-0216.jpg,1948.31,2858.14,1965.31,2875.14,Bird
high_resolution_photos/2012/Birdsfoot East/Birdsfoot East 3/19June12Camera2-Card7-0216.jpg,1926.31,2870.14,1943.31,2887.14,Bird
high_resolution_photos/2012/Birdsfoot East/Birdsfoot East 3/19June12Camera2-Card7-0216.jpg,1910.31,2914.14,1927.31,2931.14,Bird
high_resolution_photos/2012/Birdsfoot East/Birdsfoot East 3/19June12Camera2-Card7-0216.jpg,2830.31,2806.14,2847.31,2823.14,Bird
high_resolution_photos/2012/Birdsfoot East/Birdsfoot East 3/19June12Camera2-Card7-0216.jpg,2838.31,2806.14,2855.31,2823.14,Bird
high_resolution_photos/2012/Birdsfoot East/Birdsfoot East 3/19June12Camera2-Card7-0216.jpg,1778.31,2818.14,1795.31,2835.14,Bird
high_resolution_photos/2012/Birdsfoot East/Birdsfoot East 3/19June12Camera2-Card7-0216.jpg,1774.31,2822.14,1791.31,2839.14,Bird
high_resolution_photos/2012/Birdsfoot East/Birdsfoot East 3/19June12Camera2-Card7-0216.jpg,2302.31,2850.14,2319.31,2867.14,Bird
high_resolution_photos/2012/Birdsfoot East/Birdsfoot East 3/19June12Camera2-Card7-0216.jpg,2330.31,2878.14,2347.31,2895.14,Bird
high_resolution_photos/2012/Birdsfoot East/Birdsfoot East 3/19June12Camera2-Card7-0216.jpg,2382.31,2858.14,2399.31,2875.14,Bird
high_resolution_photos/2012/Birdsfoot East/Birdsfoot East 3/19June12Camera2-Card7-0216.jpg,2378.31,2866.14,2395.31,2883.14,Bird
high_resolution_photos/2012/Birdsfoot East/Birdsfoot East 3/19June12Camera2-Card7-0216.jpg,1754.31,2868.14,1771.31,2885.14,Bird
high_resolution_photos/2012/Birdsfoot East/Birdsfoot East 3/19June12Camera2-Card7-0216.jpg,1746.31,2878.14,1763.31,2895.14,Bird
high_resolution_photos/2012/Birdsfoot East/Birdsfoot East 3/19June12Camera2-Card7-0216.jpg,1746.31,2922.14,1763.31,2939.14,Bird
high_resolution_photos/2012/Birdsfoot East/Birdsfoot East 3/19June12Camera2-Card7-0216.jpg,2142.31,2914.14,2159.31,2931.14,Bird
high_resolution_photos/2012/Birdsfoot East/Birdsfoot East 3/19June12Camera2-Card7-0216.jpg,2126.31,2922.14,2143.31,2939.14,Bird
high_resolution_photos/2012/Birdsfoot East/Birdsfoot East 3/19June12Camera2-Card7-0216.jpg,2118.31,2926.14,2135.31,2943.14,Bird
high_resolution_photos/2012/Birdsfoot East/Birdsfoot East 3/19June12Camera2-Card7-0216.jpg,2114.31,2946.14,2131.31,2963.14,Bird
high_resolution_photos/2012/Birdsfoot East/Birdsfoot East 3/19June12Camera2-Card7-0216.jpg,2436.31,2966.14,2453.31,2983.14,Bird
high_resolution_photos/2012/Birdsfoot East/Birdsfoot East 3/19June12Camera2-Card7-0216.jpg,2442.31,2974.14,2459.31,2991.14,Bird
high_resolution_photos/2012/Birdsfoot East/Birdsfoot East 3/19June12Camera2-Card7-0216.jpg,2190.31,2994.14,2207.31,3011.14,Bird
high_resolution_photos/2012/Birdsfoot East/Birdsfoot East 3/19June12Camera2-Card7-0216.jpg,2198.31,3002.14,2215.31,3019.14,Bird
high_resolution_photos/2012/Birdsfoot East/Birdsfoot East 3/19June12Camera2-Card7-0216.jpg,2202.31,3010.14,2219.31,3027.14,Bird
high_resolution_photos/2012/Birdsfoot East/Birdsfoot East 3/19June12Camera2-Card7-0216.jpg,2202.31,3026.14,2219.31,3043.14,Bird
high_resolution_photos/2012/Birdsfoot East/Birdsfoot East 3/19June12Camera2-Card7-0216.jpg,2214.31,3036.14,2231.31,3053.14,Bird
high_resolution_photos/2012/Birdsfoot East/Birdsfoot East 3/19June12Camera2-Card7-0216.jpg,2322.31,3002.14,2339.31,3019.14,Bird
high_resolution_photos/2012/Birdsfoot East/Birdsfoot East 3/19June12Camera2-Card7-0216.jpg,2330.31,3014.14,2347.31,3031.14,Bird
high_resolution_photos/2012/Birdsfoot East/Birdsfoot East 3/19June12Camera2-Card7-0216.jpg,2494.31,3018.14,2511.31,3035.14,Bird
high_resolution_photos/2012/Birdsfoot East/Birdsfoot East 3/19June12Camera2-Card7-0216.jpg,2494.31,3046.14,2511.31,3063.14,Bird
high_resolution_photos/2012/Birdsfoot East/Birdsfoot East 3/19June12Camera2-Card7-0216.jpg,0.0,3136.13,11.33,3153.13,Bird
high_resolution_photos/2012/Birdsfoot East/Birdsfoot East 3/19June12Camera2-Card7-0216.jpg,2026.31,3166.14,2043.31,3183.14,Bird
high_resolution_photos/2012/Birdsfoot East/Birdsfoot East 3/19June12Camera2-Card7-0216.jpg,2016.31,3170.14,2033.31,3187.14,Bird
high_resolution_photos/2012/Birdsfoot East/Birdsfoot East 3/19June12Camera2-Card7-0216.jpg,2050.31,3182.14,2067.31,3199.14,Bird
high_resolution_photos/2012/Birdsfoot East/Birdsfoot East 3/19June12Camera2-Card7-0216.jpg,2054.31,3202.14,2071.31,3219.14,Bird
high_resolution_photos/2012/Breton-Chandeleur Islands/Chandeleur South C/19June12Camera1-Card4-0212.jpg,31.75,0.0,77.75,26.01,Bird
high_resolution_photos/2012/Breton-Chandeleur Islands/Chandeleur South C/19June12Camera1-Card4-0212.jpg,63.74,0.0,109.74,26.01,Bird
high_resolution_photos/2012/Breton-Chandeleur Islands/Chandeleur South C/19June12Camera1-Card4-0212.jpg,249.74,0.0,295.74,26.0,Bird
high_resolution_photos/2012/Breton-Chandeleur Islands/Chandeleur South C/19June12Camera1-Card4-0212.jpg,269.74,0.0,315.74,26.0,Bird
high_resolution_photos/2012/Breton-Chandeleur Islands/Chandeleur South C/19June12Camera1-Card4-0212.jpg,327.74,0.0,373.74,25.99,Bird
high_resolution_photos/2012/Breton-Chandeleur Islands/Chandeleur South C/19June12Camera1-Card4-0212.jpg,379.74,0.0,425.74,25.99,Bird
high_resolution_photos/2012/Breton-Chandeleur Islands/Chandeleur South C/19June12Camera1-Card4-0212.jpg,487.74,0.0,533.74,25.99,Bird
high_resolution_photos/2012/Breton-Chandeleur Islands/Chandeleur South C/19June12Camera1-Card4-0212.jpg,595.73,0.0,641.73,25.98,Bird
high_resolution_photos/2012/Breton-Chandeleur Islands/Chandeleur South C/19June12Camera1-Card4-0212.jpg,633.73,0.0,679.73,25.98,Bird
high_resolution_photos/2012/Breton-Chandeleur Islands/Chandeleur South C/19June12Camera1-Card4-0212.jpg,647.73,0.0,693.73,25.98,Bird
high_resolution_photos/2012/Breton-Chandeleur Islands/Chandeleur South C/19June12Camera1-Card4-0212.jpg,759.73,0.0,805.73,25.97,Bird
high_resolution_photos/2012/Breton-Chandeleur Islands/Chandeleur South C/19June12Camera1-Card4-0212.jpg,847.73,0.0,893.73,25.97,Bird
high_resolution_photos/2012/Breton-Chandeleur Islands/Chandeleur South C/19June12Camera1-Card4-0212.jpg,883.73,0.0,929.73,25.96,Bird
high_resolution_photos/2012/Breton-Chandeleur Islands/Chandeleur South C/19June12Camera1-Card4-0212.jpg,935.73,0.0,981.73,25.96,Bird
high_resolution_photos/2012/Breton-Chandeleur Islands/Chandeleur South C/19June12Camera1-Card4-0212.jpg,959.73,0.0,1005.73,25.96,Bird
high_resolution_photos/2012/Breton-Chandeleur Islands/Chandeleur South C/19June12Camera1-Card4-0212.jpg,979.73,0.0,1025.73,25.96,Bird
high_resolution_photos/2012/Breton-Chandeleur Islands/Chandeleur South C/19June12Camera1-Card4-0212.jpg,997.72,0.0,1043.72,25.96,Bird
high_resolution_photos/2012/Breton-Chandeleur Islands/Chandeleur South C/19June12Camera1-Card4-0212.jpg,1151.72,0.0,1197.72,25.95,Bird
high_resolution_photos/2012/Breton-Chandeleur Islands/Chandeleur South C/19June12Camera1-Card4-0212.jpg,1171.72,0.0,1217.72,25.95,Bird
high_resolution_photos/2012/Breton-Chandeleur Islands/Chandeleur South C/19June12Camera1-Card4-0212.jpg,1263.72,0.0,1309.72,25.94,Bird
high_resolution_photos/2012/Breton-Chandeleur Islands/Chandeleur South C/19June12Camera1-Card4-0212.jpg,1279.72,0.0,1325.72,25.94,Bird
high_resolution_photos/2012/Breton-Chandeleur Islands/Chandeleur South C/19June12Camera1-Card4-0212.jpg,1371.72,0.0,1417.72,25.94,Bird
high_resolution_photos/2012/Breton-Chandeleur Islands/Chandeleur South C/19June12Camera1-Card4-0212.jpg,1429.72,0.0,1475.72,25.94,Bird
high_resolution_photos/2012/Breton-Chandeleur Islands/Chandeleur South C/19June12Camera1-Card4-0212.jpg,1287.72,0.0,1333.72,37.94,Bird
high_resolution_photos/2012/Breton-Chandeleur Islands/Chandeleur South C/19June12Camera1-Card4-0212.jpg,449.74,0.0,495.74,41.99,Bird
high_resolution_photos/2012/Breton-Chandeleur Islands/Chandeleur South C/19June12Camera1-Card4-0212.jpg,483.74,0.0,529.74,41.99,Bird
high_resolution_photos/2012/Breton-Chandeleur Islands/Chandeleur South C/19June12Camera1-Card4-0212.jpg,395.74,0.0,441.74,45.99,Bird
high_resolution_photos/2012/Breton-Chandeleur Islands/Chandeleur South C/19June12Camera1-Card4-0212.jpg,1231.72,3.95,1277.72,49.95,Bird
high_resolution_photos/2012/Breton-Chandeleur Islands/Chandeleur South C/19June12Camera1-Card4-0212.jpg,1287.72,7.94,1333.72,53.94,Bird
high_resolution_photos/2012/Breton-Chandeleur Islands/Chandeleur South C/19June12Camera1-Card4-0212.jpg,1111.72,7.95,1157.72,53.95,Bird
high_resolution_photos/2012/Breton-Chandeleur Islands/Chandeleur South C/19June12Camera1-Card4-0212.jpg,1351.72,7.94,1397.72,53.94,Bird
high_resolution_photos/2012/Breton-Chandeleur Islands/Chandeleur South C/19June12Camera1-Card4-0212.jpg,123.75,12.01,169.75,58.01,Bird
high_resolution_photos/2012/Breton-Chandeleur Islands/Chandeleur South C/19June12Camera1-Card4-0212.jpg,191.74,12.0,237.74,58.0,Bird
high_resolution_photos/2012/Breton-Chandeleur Islands/Chandeleur South C/19June12Camera1-Card4-0212.jpg,427.74,11.99,473.74,57.99,Bird
high_resolution_photos/2012/Breton-Chandeleur Islands/Chandeleur South C/19June12Camera1-Card4-0212.jpg,1343.72,11.94,1389.72,57.94,Bird
high_resolution_photos/2012/Breton-Chandeleur Islands/Chandeleur South C/19June12Camera1-Card4-0212.jpg,129.08,18.67,175.08,64.67,Bird
high_resolution_photos/2012/Breton-Chandeleur Islands/Chandeleur South C/19June12Camera1-Card4-0212.jpg,399.74,15.99,445.74,61.99,Bird
high_resolution_photos/2012/Breton-Chandeleur Islands/Chandeleur South C/19June12Camera1-Card4-0212.jpg,1335.72,15.94,1381.72,61.94,Bird
high_resolution_photos/2012/Breton-Chandeleur Islands/Chandeleur South C/19June12Camera1-Card4-0212.jpg,1415.72,15.94,1461.72,61.94,Bird
high_resolution_photos/2012/Breton-Chandeleur Islands/Chandeleur South C/19June12Camera1-Card4-0212.jpg,531.74,19.98,577.74,65.98,Bird
high_resolution_photos/2012/Breton-Chandeleur Islands/Chandeleur South C/19June12Camera1-Card4-0212.jpg,1287.72,19.94,1333.72,65.94,Bird
high_resolution_photos/2012/Breton-Chandeleur Islands/Chandeleur South C/19June12Camera1-Card4-0212.jpg,155.75,24.0,201.75,70.0,Bird
high_resolution_photos/2012/Breton-Chandeleur Islands/Chandeleur South C/19June12Camera1-Card4-0212.jpg,523.74,23.98,569.74,69.98,Bird
high_resolution_photos/2012/Breton-Chandeleur Islands/Chandeleur South C/19June12Camera1-Card4-0212.jpg,1301.72,23.94,1347.72,69.94,Bird
high_resolution_photos/2012/Breton-Chandeleur Islands/Chandeleur South C/19June12Camera1-Card4-0212.jpg,87.75,30.01,133.75,76.01,Bird
high_resolution_photos/2012/Breton-Chandeleur Islands/Chandeleur South C/19June12Camera1-Card4-0212.jpg,339.74,31.99,385.74,77.99,Bird
high_resolution_photos/2012/Breton-Chandeleur Islands/Chandeleur South C/19June12Camera1-Card4-0212.jpg,875.73,39.96,921.73,85.96,Bird
high_resolution_photos/2012/Breton-Chandeleur Islands/Chandeleur South C/19June12Camera1-Card4-0212.jpg,1399.72,31.94,1445.72,77.94,Bird
high_resolution_photos/2012/Breton-Chandeleur Islands/Chandeleur South C/19June12Camera1-Card4-0212.jpg,0.0,46.51,38.25,92.51,Bird
high_resolution_photos/2012/Breton-Chandeleur Islands/Chandeleur South C/19June12Camera1-Card4-0212.jpg,1271.72,35.94,1317.72,81.94,Bird
high_resolution_photos/2012/Breton-Chandeleur Islands/Chandeleur South C/19June12Camera1-Card4-0212.jpg,1451.72,35.93,1497.72,81.93,Bird
high_resolution_photos/2012/Breton-Chandeleur Islands/Chandeleur South C/19June12Camera1-Card4-0212.jpg,1143.72,39.95,1189.72,85.95,Bird
high_resolution_photos/2012/Breton-Chandeleur Islands/Chandeleur South C/19June12Camera1-Card4-0212.jpg,1223.72,39.95,1269.72,85.95,Bird
high_resolution_photos/2012/Breton-Chandeleur Islands/Chandeleur South C/19June12Camera1-Card4-0212.jpg,523.74,43.98,569.74,89.98,Bird
high_resolution_photos/2012/Breton-Chandeleur Islands/Chandeleur South C/19June12Camera1-Card4-0212.jpg,1147.73,45.95,1193.73,91.95,Bird
high_resolution_photos/2012/Breton-Chandeleur Islands/Chandeleur South C/19June12Camera1-Card4-0212.jpg,1333.72,43.94,1379.72,89.94,Bird
high_resolution_photos/2012/Breton-Chandeleur Islands/Chandeleur South C/19June12Camera1-Card4-0212.jpg,567.74,49.98,613.74,95.98,Bird
high_resolution_photos/2012/Breton-Chandeleur Islands/Chandeleur South C/19June12Camera1-Card4-0212.jpg,731.73,47.97,777.73,93.97,Bird
high_resolution_photos/2012/Breton-Chandeleur Islands/Chandeleur South C/19June12Camera1-Card4-0212.jpg,1275.72,47.94,1321.72,93.94,Bird
high_resolution_photos/2012/Breton-Chandeleur Islands/Chandeleur South C/19June12Camera1-Card4-0212.jpg,251.74,52.0,297.74,98.0,Bird
high_resolution_photos/2012/Breton-Chandeleur Islands/Chandeleur South C/19June12Camera1-Card4-0212.jpg,271.74,52.0,317.74,98.0,Bird
high_resolution_photos/2012/Breton-Chandeleur Islands/Chandeleur South C/19June12Camera1-Card4-0212.jpg,519.74,53.98,565.74,99.98,Bird
high_resolution_photos/2012/Breton-Chandeleur Islands/Chandeleur South C/19June12Camera1-Card4-0212.jpg,1211.72,51.95,1257.72,97.95,Bird
high_resolution_photos/2012/Breton-Chandeleur Islands/Chandeleur South C/19June12Camera1-Card4-0212.jpg,1397.72,51.94,1443.72,97.94,Bird
high_resolution_photos/2012/Breton-Chandeleur Islands/Chandeleur South C/19June12Camera1-Card4-0212.jpg,1415.72,51.93,1461.72,97.93,Bird
high_resolution_photos/2012/Breton-Chandeleur Islands/Chandeleur South C/19June12Camera1-Card4-0212.jpg,259.74,56.0,305.74,102.0,Bird
high_resolution_photos/2012/Breton-Chandeleur Islands/Chandeleur South C/19June12Camera1-Card4-0212.jpg,267.74,56.0,313.74,102.0,Bird
high_resolution_photos/2012/Breton-Chandeleur Islands/Chandeleur South C/19June12Camera1-Card4-0212.jpg,559.74,55.98,605.74,101.98,Bird
high_resolution_photos/2012/Breton-Chandeleur Islands/Chandeleur South C/19June12Camera1-Card4-0212.jpg,1027.73,55.96,1073.73,101.96,Bird
high_resolution_photos/2012/Breton-Chandeleur Islands/Chandeleur South C/19June12Camera1-Card4-0212.jpg,1175.73,55.95,1221.73,101.95,Bird
high_resolution_photos/2012/Breton-Chandeleur Islands/Chandeleur South C/19June12Camera1-Card4-0212.jpg,87.75,60.01,133.75,106.01,Bird
high_resolution_photos/2012/Breton-Chandeleur Islands/Chandeleur South C/19June12Camera1-Card4-0212.jpg,335.74,63.99,381.74,109.99,Bird
high_resolution_photos/2012/Breton-Chandeleur Islands/Chandeleur South C/19June12Camera1-Card4-0212.jpg,523.74,59.98,569.74,105.98,Bird
high_resolution_photos/2012/Breton-Chandeleur Islands/Chandeleur South C/19June12Camera1-Card4-0212.jpg,731.73,59.97,777.73,105.97,Bird
high_resolution_photos/2012/Breton-Chandeleur Islands/Chandeleur South C/19June12Camera1-Card4-0212.jpg,1139.73,59.95,1185.73,105.95,Bird
high_resolution_photos/2012/Breton-Chandeleur Islands/Chandeleur South C/19June12Camera1-Card4-0212.jpg,1287.72,59.94,1333.72,105.94,Bird
high_resolution_photos/2012/Breton-Chandeleur Islands/Chandeleur South C/19June12Camera1-Card4-0212.jpg,527.74,67.98,573.74,113.98,Bird
high_resolution_photos/2012/Breton-Chandeleur Islands/Chandeleur South C/19June12Camera1-Card4-0212.jpg,827.73,67.97,873.73,113.97,Bird
high_resolution_photos/2012/Breton-Chandeleur Islands/Chandeleur South C/19June12Camera1-Card4-0212.jpg,1111.73,67.95,1157.73,113.95,Bird
high_resolution_photos/2012/Breton-Chandeleur Islands/Chandeleur South C/19June12Camera1-Card4-0212.jpg,1391.72,73.94,1437.72,119.94,Bird
high_resolution_photos/2012/Breton-Chandeleur Islands/Chandeleur South C/19June12Camera1-Card4-0212.jpg,1367.72,75.94,1413.72,121.94,Bird
high_resolution_photos/2012/Breton-Chandeleur Islands/Chandeleur South C/19June12Camera1-Card4-0212.jpg,1461.72,75.93,1507.72,121.93,Bird
high_resolution_photos/2012/Breton-Chandeleur Islands/Chandeleur South C/19June12Camera1-Card4-0212.jpg,531.74,79.98,577.74,125.98,Bird
high_resolution_photos/2012/Breton-Chandeleur Islands/Chandeleur South C/19June12Camera1-Card4-0212.jpg,0.0,84.01,25.75,130.01,Bird
high_resolution_photos/2012/Breton-Chandeleur Islands/Chandeleur South C/19June12Camera1-Card4-0212.jpg,71.75,88.01,117.75,134.01,Bird
high_resolution_photos/2012/Breton-Chandeleur Islands/Chandeleur South C/19June12Camera1-Card4-0212.jpg,39.75,96.01,85.75,142.01,Bird
high_resolution_photos/2012/Breton-Chandeleur Islands/Chandeleur South C/19June12Camera1-Card4-0212.jpg,0.0,100.01,25.75,146.01,Bird
high_resolution_photos/2012/Breton-Chandeleur Islands/Chandeleur South C/19June12Camera1-Card4-0212.jpg,9.75,100.01,55.75,146.01,Bird
high_resolution_photos/2012/Breton-Chandeleur Islands/Chandeleur South C/19June12Camera1-Card4-0212.jpg,0.0,138.01,25.76,184.01,Bird
high_resolution_photos/2012/Breton-Chandeleur Islands/Chandeleur South C/19June12Camera1-Card4-0212.jpg,0.0,156.01,25.76,202.01,Bird
high_resolution_photos/2012/Breton-Chandeleur Islands/Chandeleur South C/19June12Camera1-Card4-0212.jpg,0.0,174.01,25.76,220.01,Bird
high_resolution_photos/2012/Breton-Chandeleur Islands/Chandeleur South C/19June12Camera1-Card4-0212.jpg,0.0,186.01,25.76,232.01,Bird
high_resolution_photos/2012/Breton-Chandeleur Islands/Chandeleur South C/19June12Camera1-Card4-0212.jpg,0.0,212.01,25.76,258.01,Bird
high_resolution_photos/2012/Breton-Chandeleur Islands/Chandeleur South C/19June12Camera1-Card4-0212.jpg,0.0,252.01,25.76,298.01,Bird
high_resolution_photos/2012/Breton-Chandeleur Islands/Chandeleur South C/19June12Camera1-Card4-0212.jpg,0.0,280.01,25.76,326.01,Bird
high_resolution_photos/2012/Breton-Chandeleur Islands/Chandeleur South C/19June12Camera1-Card4-0212.jpg,0.0,330.01,25.77,376.01,Bird
high_resolution_photos/2012/Breton-Chandeleur Islands/Chandeleur South C/19June12Camera1-Card4-0212.jpg,1555.71,0.0,1601.71,25.93,Bird
high_resolution_photos/2012/Breton-Chandeleur Islands/Chandeleur South C/19June12Camera1-Card4-0212.jpg,1585.71,0.0,1631.71,25.93,Bird
high_resolution_photos/2012/Breton-Chandeleur Islands/Chandeleur South C/19June12Camera1-Card4-0212.jpg,1599.71,0.0,1645.71,25.93,Bird
high_resolution_photos/2012/Breton-Chandeleur Islands/Chandeleur South C/19June12Camera1-Card4-0212.jpg,1551.71,0.0,1597.71,33.93,Bird
high_resolution_photos/2012/Breton-Chandeleur Islands/Chandeleur South C/19June12Camera1-Card4-0212.jpg,1599.71,3.93,1645.71,49.93,Bird
high_resolution_photos/2012/Breton-Chandeleur Islands/Chandeleur South C/19June12Camera1-Card4-0212.jpg,1495.72,75.93,1541.72,121.93,Bird
high_resolution_photos/2012/Breton-Chandeleur Islands/Chandeleur South C/19June12Camera1-Card4-0212.jpg,1507.72,75.93,1553.72,121.93,Bird
high_resolution_photos/2012/Breton-Chandeleur Islands/Chandeleur South C/19June12Camera1-Card4-0212.jpg,1603.72,77.92,1649.72,123.92,Bird
high_resolution_photos/2012/Breton-Chandeleur Islands/Chandeleur South C/19June12Camera1-Card4-0212.jpg,1679.71,0.0,1725.71,25.92,Bird
high_resolution_photos/2012/Breton-Chandeleur Islands/Chandeleur South C/19June12Camera1-Card4-0212.jpg,1701.71,0.0,1747.71,25.92,Bird
high_resolution_photos/2012/Breton-Chandeleur Islands/Chandeleur South C/19June12Camera1-Card4-0212.jpg,3186.25,24.41,3232.25,70.41,ROYT site
high_resolution_photos/2012/Breton-Chandeleur Islands/Chandeleur South C/19June12Camera1-Card4-0212.jpg,1555.72,31.93,1601.72,77.93,Bird
high_resolution_photos/2012/Breton-Chandeleur Islands/Chandeleur South C/19June12Camera1-Card4-0212.jpg,1551.72,43.93,1597.72,89.93,Bird
high_resolution_photos/2012/Breton-Chandeleur Islands/Chandeleur South C/19June12Camera1-Card4-0212.jpg,1583.72,75.92,1629.72,121.92,Bird
high_resolution_photos/2012/Breton-Chandeleur Islands/Chandeleur South C/19June12Camera1-Card4-0212.jpg,3293.55,40.37,3339.55,86.37,ROYT site
high_resolution_photos/2012/Breton-Chandeleur Islands/Chandeleur South C/19June12Camera1-Card4-0212.jpg,3177.9,47.4,3223.9,93.4,ROYT site
high_resolution_photos/2012/Breton-Chandeleur Islands/Chandeleur South C/19June12Camera1-Card4-0212.jpg,3389.28,48.09,3435.28,94.09,ROYT site
high_resolution_photos/2012/Breton-Chandeleur Islands/Chandeleur South C/19June12Camera1-Card4-0212.jpg,137.75,56.0,183.75,102.0,Bird
high_resolution_photos/2012/Breton-Chandeleur Islands/Chandeleur South C/19June12Camera1-Card4-0212.jpg,599.37,57.43,645.37,103.43,Bird
high_resolution_photos/2012/Breton-Chandeleur Islands/Chandeleur South C/19June12Camera1-Card4-0212.jpg,616.1,58.52,662.1,104.52,Bird
high_resolution_photos/2012/Breton-Chandeleur Islands/Chandeleur South C/19June12Camera1-Card4-0212.jpg,1715.35,58.46,1761.35,104.46,Bird
high_resolution_photos/2012/Breton-Chandeleur Islands/Chandeleur South C/19June12Camera1-Card4-0212.jpg,943.73,59.96,989.73,105.96,Bird
high_resolution_photos/2012/Breton-Chandeleur Islands/Chandeleur South C/19June12Camera1-Card4-0212.jpg,3335.68,71.83,3381.68,117.83,ROYT site
high_resolution_photos/2012/Breton-Chandeleur Islands/Chandeleur South C/19June12Camera1-Card4-0212.jpg,3343.68,75.83,3389.68,121.83,ROYT site
high_resolution_photos/2012/Breton-Chandeleur Islands/Chandeleur South C/19June12Camera1-Card4-0212.jpg,3195.56,83.23,3241.56,129.23,SATE site
high_resolution_photos/2012/Breton-Chandeleur Islands/Chandeleur South C/19June12Camera1-Card4-0212.jpg,3288.05,90.38,3334.05,136.38,ROYT site
high_resolution_photos/2012/Breton-Chandeleur Islands/Chandeleur South C/19June12Camera1-Card4-0212.jpg,3394.59,106.92,3440.59,152.92,ROYT site
high_resolution_photos/2012/Breton-Chandeleur Islands/Chandeleur South C/19June12Camera1-Card4-0212.jpg,3335.68,115.83,3381.68,161.83,ROYT site
high_resolution_photos/2012/Breton-Chandeleur Islands/Chandeleur South C/19June12Camera1-Card4-0212.jpg,3428.35,124.49,3474.35,170.49,ROYT site
high_resolution_photos/2012/Breton-Chandeleur Islands/Chandeleur South C/19June12Camera1-Card4-0212.jpg,3219.32,162.38,3265.32,208.38,ROYT site
high_resolution_photos/2012/Breton-Chandeleur Islands/Chandeleur South C/19June12Camera1-Card4-0212.jpg,3310.45,164.75,3356.45,210.75,ROYT site
high_resolution_photos/2012/Breton-Chandeleur Islands/Chandeleur South C/19June12Camera1-Card4-0212.jpg,3215.69,179.83,3261.69,225.83,ROYT site
high_resolution_photos/2012/Breton-Chandeleur Islands/Chandeleur South C/19June12Camera1-Card4-0212.jpg,3075.69,219.84,3121.69,265.84,SATE site
high_resolution_photos/2012/Breton-Chandeleur Islands/Chandeleur South C/19June12Camera1-Card4-0212.jpg,3127.69,263.84,3173.69,309.84,SATE site
high_resolution_photos/2012/Breton-Chandeleur Islands/Chandeleur South C/19June12Camera1-Card4-0212.jpg,3079.7,275.84,3125.7,321.84,SATE bird
high_resolution_photos/2012/Breton-Chandeleur Islands/Chandeleur South C/19June12Camera1-Card4-0212.jpg,3103.7,295.84,3149.7,341.84,SATE site
high_resolution_photos/2012/Breton-Chandeleur Islands/Chandeleur South C/19June12Camera1-Card4-0212.jpg,3123.86,211.17,3169.86,257.17,ROYT site
high_resolution_photos/2012/Breton-Chandeleur Islands/Chandeleur South C/19June12Camera1-Card4-0212.jpg,3183.02,197.84,3229.02,243.84,ROYT site
high_resolution_photos/2012/Breton-Chandeleur Islands/Chandeleur South C/19June12Camera1-Card4-0212.jpg,3302.94,212.58,3348.94,258.58,ROYT site
high_resolution_photos/2012/Breton-Chandeleur Islands/Chandeleur South C/19June12Camera1-Card4-0212.jpg,3274.69,248.16,3320.69,294.16,ROYT site
high_resolution_photos/2012/Breton-Chandeleur Islands/Chandeleur South C/19June12Camera1-Card4-0212.jpg,3355.69,255.83,3401.69,301.83,SATE site
high_resolution_photos/2012/Breton-Chandeleur Islands/Chandeleur South C/19June12Camera1-Card4-0212.jpg,3349.69,259.83,3395.69,305.83,SATE bird
high_resolution_photos/2012/Breton-Chandeleur Islands/Chandeleur South C/19June12Camera1-Card4-0212.jpg,3323.69,275.83,3369.69,321.83,SATE site
high_resolution_photos/2012/Breton-Chandeleur Islands/Chandeleur South C/19June12Camera1-Card4-0212.jpg,3303.69,319.83,3349.69,365.83,SATE site
high_resolution_photos/2012/Breton-Chandeleur Islands/Chandeleur South C/19June12Camera1-Card4-0212.jpg,3035.7,287.84,3081.7,333.84,SATE site
high_resolution_photos/2012/Breton-Chandeleur Islands/Chandeleur South C/19June12Camera1-Card4-0212.jpg,3039.7,291.84,3085.7,337.84,SATE site
high_resolution_photos/2012/Breton-Chandeleur Islands/Chandeleur South C/19June12Camera1-Card4-0212.jpg,3025.7,321.84,3071.7,367.84,SATE site
high_resolution_photos/2012/Breton-Chandeleur Islands/Chandeleur South C/19June12Camera1-Card4-0212.jpg,3177.69,287.83,3223.69,333.83,ROYT site
high_resolution_photos/2012/Breton-Chandeleur Islands/Chandeleur South C/19June12Camera1-Card4-0212.jpg,3232.8,291.83,3278.8,337.83,ROYT site
high_resolution_photos/2012/Breton-Chandeleur Islands/Chandeleur South C/19June12Camera1-Card4-0212.jpg,3129.7,331.84,3175.7,377.84,SATE site
high_resolution_photos/2012/Breton-Chandeleur Islands/Chandeleur South C/19June12Camera1-Card4-0212.jpg,3103.7,355.84,3149.7,401.84,SATE bird
high_resolution_photos/2012/Breton-Chandeleur Islands/Chandeleur South C/19June12Camera1-Card4-0212.jpg,3059.15,344.53,3105.15,390.53,SATE site
high_resolution_photos/2012/Breton-Chandeleur Islands/Chandeleur South C/19June12Camera1-Card4-0212.jpg,2983.71,427.84,3029.71,473.84,SATE bird
high_resolution_photos/2012/Breton-Chandeleur Islands/Chandeleur South C/19June12Camera1-Card4-0212.jpg,2957.71,467.84,3003.71,513.84,ROYT site
high_resolution_photos/2012/Breton-Chandeleur Islands/Chandeleur South C/19June12Camera1-Card4-0212.jpg,2971.71,503.84,3017.71,549.84,ROYT site
high_resolution_photos/2012/Breton-Chandeleur Islands/Chandeleur South C/19June12Camera1-Card4-0212.jpg,2959.71,511.84,3005.71,557.84,Bird
high_resolution_photos/2012/Breton-Chandeleur Islands/Chandeleur South C/19June12Camera1-Card4-0212.jpg,3240.42,346.56,3286.42,392.56,ROYT site
high_resolution_photos/2012/Breton-Chandeleur Islands/Chandeleur South C/19June12Camera1-Card4-0212.jpg,2875.99,364.42,2921.99,410.42,ROYT site
high_resolution_photos/2012/Breton-Chandeleur Islands/Chandeleur South C/19June12Camera1-Card4-0212.jpg,2768.41,373.03,2814.41,419.03,ROYT site
high_resolution_photos/2012/Breton-Chandeleur Islands/Chandeleur South C/19June12Camera1-Card4-0212.jpg,2800.71,374.85,2846.71,420.85,ROYT site
high_resolution_photos/2012/Breton-Chandeleur Islands/Chandeleur South C/19June12Camera1-Card4-0212.jpg,3062.37,382.51,3108.37,428.51,SATE site
high_resolution_photos/2012/Breton-Chandeleur Islands/Chandeleur South C/19June12Camera1-Card4-0212.jpg,3063.7,395.84,3109.7,441.84,SATE site
high_resolution_photos/2012/Breton-Chandeleur Islands/Chandeleur South C/19June12Camera1-Card4-0212.jpg,3115.7,391.84,3161.7,437.84,SATE site
high_resolution_photos/2012/Breton-Chandeleur Islands/Chandeleur South C/19June12Camera1-Card4-0212.jpg,3091.7,409.84,3137.7,455.84,SATE site
high_resolution_photos/2012/Breton-Chandeleur Islands/Chandeleur South C/19June12Camera1-Card4-0212.jpg,3087.7,415.84,3133.7,461.84,SATE site
high_resolution_photos/2012/Breton-Chandeleur Islands/Chandeleur South C/19June12Camera1-Card4-0212.jpg,2719.71,395.86,2765.71,441.86,ROYT site
high_resolution_photos/2012/Breton-Chandeleur Islands/Chandeleur South C/19June12Camera1-Card4-0212.jpg,2725.71,403.86,2771.71,449.86,ROYT site
high_resolution_photos/2012/Breton-Chandeleur Islands/Chandeleur South C/19June12Camera1-Card4-0212.jpg,3271.7,415.83,3317.7,461.83,SATE bird
high_resolution_photos/2012/Breton-Chandeleur Islands/Chandeleur South C/19June12Camera1-Card4-0212.jpg,2858.38,438.52,2904.38,484.52,SATE site
high_resolution_photos/2012/Breton-Chandeleur Islands/Chandeleur South C/19June12Camera1-Card4-0212.jpg,2839.71,455.85,2885.71,501.85,SATE bird
high_resolution_photos/2012/Breton-Chandeleur Islands/Chandeleur South C/19June12Camera1-Card4-0212.jpg,2839.71,463.85,2885.71,509.85,SATE site
high_resolution_photos/2012/Breton-Chandeleur Islands/Chandeleur South C/19June12Camera1-Card4-0212.jpg,3209.7,403.83,3255.7,449.83,ROYT site
high_resolution_photos/2012/Breton-Chandeleur Islands/Chandeleur South C/19June12Camera1-Card4-0212.jpg,2777.71,411.85,2823.71,457.85,ROYT site
high_resolution_photos/2012/Breton-Chandeleur Islands/Chandeleur South C/19June12Camera1-Card4-0212.jpg,3059.7,423.84,3105.7,469.84,SATE site
high_resolution_photos/2012/Breton-Chandeleur Islands/Chandeleur South C/19June12Camera1-Card4-0212.jpg,3058.37,434.5,3104.37,480.5,SATE site
high_resolution_photos/2012/Breton-Chandeleur Islands/Chandeleur South C/19June12Camera1-Card4-0212.jpg,3043.71,459.84,3089.71,505.84,SATE site
high_resolution_photos/2012/Breton-Chandeleur Islands/Chandeleur South C/19June12Camera1-Card4-0212.jpg,3039.71,467.84,3085.71,513.84,SATE site
high_resolution_photos/2012/Breton-Chandeleur Islands/Chandeleur South C/19June12Camera1-Card4-0212.jpg,2689.61,434.8,2735.61,480.8,ROYT site
high_resolution_photos/2012/Breton-Chandeleur Islands/Chandeleur South C/19June12Camera1-Card4-0212.jpg,2781.53,430.03,2827.53,476.03,ROYT site
high_resolution_photos/2012/Breton-Chandeleur Islands/Chandeleur South C/19June12Camera1-Card4-0212.jpg,3111.2,452.33,3157.2,498.33,SATE site
high_resolution_photos/2012/Breton-Chandeleur Islands/Chandeleur South C/19June12Camera1-Card4-0212.jpg,2735.71,460.08,2781.71,506.08,ROYT site
high_resolution_photos/2012/Breton-Chandeleur Islands/Chandeleur South C/19June12Camera1-Card4-0212.jpg,2899.71,451.85,2945.71,497.85,ROYT site
high_resolution_photos/2012/Breton-Chandeleur Islands/Chandeleur South C/19June12Camera1-Card4-0212.jpg,2895.71,455.85,2941.71,501.85,ROYT site
high_resolution_photos/2012/Breton-Chandeleur Islands/Chandeleur South C/19June12Camera1-Card4-0212.jpg,3072.64,465.17,3118.64,511.17,SATE site
high_resolution_photos/2012/Breton-Chandeleur Islands/Chandeleur South C/19June12Camera1-Card4-0212.jpg,2839.71,487.85,2885.71,533.85,SATE site
high_resolution_photos/2012/Breton-Chandeleur Islands/Chandeleur South C/19June12Camera1-Card4-0212.jpg,2839.71,503.85,2885.71,549.85,SATE site
high_resolution_photos/2012/Breton-Chandeleur Islands/Chandeleur South C/19June12Camera1-Card4-0212.jpg,2825.71,507.85,2871.71,553.85,SATE site
high_resolution_photos/2012/Breton-Chandeleur Islands/Chandeleur South C/19June12Camera1-Card4-0212.jpg,2819.71,517.85,2865.71,563.85,SATE site
high_resolution_photos/2012/Breton-Chandeleur Islands/Chandeleur South C/19June12Camera1-Card4-0212.jpg,3207.7,483.83,3253.7,529.83,ROYT site
high_resolution_photos/2012/Breton-Chandeleur Islands/Chandeleur South C/19June12Camera1-Card4-0212.jpg,3203.7,489.83,3249.7,535.83,ROYT site
high_resolution_photos/2012/Breton-Chandeleur Islands/Chandeleur South C/19June12Camera1-Card4-0212.jpg,2890.82,513.85,2936.82,559.85,ROYT site
high_resolution_photos/2012/Breton-Chandeleur Islands/Chandeleur South C/19June12Camera1-Card4-0212.jpg,3158.75,526.71,3204.75,572.71,ROYT site
high_resolution_photos/2012/Breton-Chandeleur Islands/Chandeleur South C/19June12Camera1-Card4-0212.jpg,3055.71,531.84,3101.71,577.84,ROYT site
high_resolution_photos/2012/Breton-Chandeleur Islands/Chandeleur South C/19June12Camera1-Card4-0212.jpg,3051.71,535.84,3097.71,581.84,ROYT site
high_resolution_photos/2012/Breton-Chandeleur Islands/Chandeleur South C/19June12Camera1-Card4-0212.jpg,3117.96,548.33,3163.96,594.33,ROYT site
high_resolution_photos/2012/Breton-Chandeleur Islands/Chandeleur South C/19June12Camera1-Card4-0212.jpg,2923.01,554.9,2969.01,600.9,ROYT site
high_resolution_photos/2012/Breton-Chandeleur Islands/Chandeleur South C/19June12Camera1-Card4-0212.jpg,3168.3,569.31,3214.3,615.31,ROYT site
high_resolution_photos/2012/Breton-Chandeleur Islands/Chandeleur South C/19June12Camera1-Card4-0212.jpg,3105.71,567.83,3151.71,613.83,ROYT site
high_resolution_photos/2012/Breton-Chandeleur Islands/Chandeleur South C/19June12Camera1-Card4-0212.jpg,2786.52,598.38,2832.52,644.38,ROYT site
high_resolution_photos/2012/Breton-Chandeleur Islands/Chandeleur South C/19June12Camera1-Card4-0212.jpg,2962.23,591.84,3008.23,637.84,SATE site
high_resolution_photos/2012/Breton-Chandeleur Islands/Chandeleur South C/19June12Camera1-Card4-0212.jpg,3061.41,588.2,3107.41,634.2,SATE site
high_resolution_photos/2012/Breton-Chandeleur Islands/Chandeleur South C/19June12Camera1-Card4-0212.jpg,3199.71,603.83,3245.71,649.83,ROYT site
high_resolution_photos/2012/Breton-Chandeleur Islands/Chandeleur South C/19June12Camera1-Card4-0212.jpg,3205.71,611.83,3251.71,657.83,ROYT site
high_resolution_photos/2012/Breton-Chandeleur Islands/Chandeleur South C/19June12Camera1-Card4-0212.jpg,2843.72,613.85,2889.72,659.85,SATE site
high_resolution_photos/2012/Breton-Chandeleur Islands/Chandeleur South C/19June12Camera1-Card4-0212.jpg,2835.72,631.85,2881.72,677.85,SATE site
high_resolution_photos/2012/Breton-Chandeleur Islands/Chandeleur South C/19June12Camera1-Card4-0212.jpg,2887.18,608.11,2933.18,654.11,ROYT site
high_resolution_photos/2012/Breton-Chandeleur Islands/Chandeleur South C/19June12Camera1-Card4-0212.jpg,2931.72,607.84,2977.72,653.84,SATE site
high_resolution_photos/2012/Breton-Chandeleur Islands/Chandeleur South C/19June12Camera1-Card4-0212.jpg,2931.72,621.84,2977.72,667.84,SATE site
high_resolution_photos/2012/Breton-Chandeleur Islands/Chandeleur South C/19June12Camera1-Card4-0212.jpg,3335.71,629.82,3381.71,675.82,SATE bird
high_resolution_photos/2012/Breton-Chandeleur Islands/Chandeleur South C/19June12Camera1-Card4-0212.jpg,3355.71,631.82,3401.71,677.82,SATE bird
high_resolution_photos/2012/Breton-Chandeleur Islands/Chandeleur South C/19June12Camera1-Card4-0212.jpg,3351.71,647.82,3397.71,693.82,SATE bird
high_resolution_photos/2012/Breton-Chandeleur Islands/Chandeleur South C/19June12Camera1-Card4-0212.jpg,2969.72,645.84,3015.72,691.84,SATE site
high_resolution_photos/2012/Breton-Chandeleur Islands/Chandeleur South C/19June12Camera1-Card4-0212.jpg,2987.72,677.84,3033.72,723.84,SATE site
high_resolution_photos/2012/Breton-Chandeleur Islands/Chandeleur South C/19June12Camera1-Card4-0212.jpg,3207.21,623.33,3253.21,669.33,ROYT site
high_resolution_photos/2012/Breton-Chandeleur Islands/Chandeleur South C/19June12Camera1-Card4-0212.jpg,2804.27,642.76,2850.27,688.76,ROYT site
high_resolution_photos/2012/Breton-Chandeleur Islands/Chandeleur South C/19June12Camera1-Card4-0212.jpg,2892.22,627.34,2938.22,673.34,ROYT site
high_resolution_photos/2012/Breton-Chandeleur Islands/Chandeleur South C/19June12Camera1-Card4-0212.jpg,3092.36,640.47,3138.36,686.47,ROYT site
high_resolution_photos/2012/Breton-Chandeleur Islands/Chandeleur South C/19June12Camera1-Card4-0212.jpg,3159.71,639.83,3205.71,685.83,ROYT site
high_resolution_photos/2012/Breton-Chandeleur Islands/Chandeleur South C/19June12Camera1-Card4-0212.jpg,2935.72,647.84,2981.72,693.84,SATE site
high_resolution_photos/2012/Breton-Chandeleur Islands/Chandeleur South C/19June12Camera1-Card4-0212.jpg,2937.72,663.84,2983.72,709.84,SATE bird
high_resolution_photos/2012/Breton-Chandeleur Islands/Chandeleur South C/19June12Camera1-Card4-0212.jpg,3038.95,658.6,3084.95,704.6,ROYT site
high_resolution_photos/2012/Breton-Chandeleur Islands/Chandeleur South C/19June12Camera1-Card4-0212.jpg,3231.71,649.72,3277.71,695.72,ROYT site
high_resolution_photos/2012/Breton-Chandeleur Islands/Chandeleur South C/19June12Camera1-Card4-0212.jpg,3294.42,658.41,3340.42,704.41,ROYT site
high_resolution_photos/2012/Breton-Chandeleur Islands/Chandeleur South C/19June12Camera1-Card4-0212.jpg,2788.22,656.35,2834.22,702.35,ROYT site
high_resolution_photos/2012/Breton-Chandeleur Islands/Chandeleur South C/19June12Camera1-Card4-0212.jpg,2855.72,651.84,2901.72,697.84,SATE site
high_resolution_photos/2012/Breton-Chandeleur Islands/Chandeleur South C/19June12Camera1-Card4-0212.jpg,2859.72,689.84,2905.72,735.84,SATE site
high_resolution_photos/2012/Breton-Chandeleur Islands/Chandeleur South C/19June12Camera1-Card4-0212.jpg,2875.72,711.84,2921.72,757.84,SATE site
high_resolution_photos/2012/Breton-Chandeleur Islands/Chandeleur South C/19June12Camera1-Card4-0212.jpg,2883.72,715.84,2929.72,761.84,SATE site
high_resolution_photos/2012/Breton-Chandeleur Islands/Chandeleur South C/19June12Camera1-Card4-0212.jpg,2867.73,731.84,2913.73,777.84,SATE site
high_resolution_photos/2012/Breton-Chandeleur Islands/Chandeleur South C/19June12Camera1-Card4-0212.jpg,2754.35,678.47,2800.35,724.47,ROYT site
high_resolution_photos/2012/Breton-Chandeleur Islands/Chandeleur South C/19June12Camera1-Card4-0212.jpg,3075.72,679.83,3121.72,725.83,SATE site
high_resolution_photos/2012/Breton-Chandeleur Islands/Chandeleur South C/19June12Camera1-Card4-0212.jpg,3047.72,715.83,3093.72,761.83,SATE bird
high_resolution_photos/2012/Breton-Chandeleur Islands/Chandeleur South C/19June12Camera1-Card4-0212.jpg,3055.72,715.83,3101.72,761.83,SATE bird
high_resolution_photos/2012/Breton-Chandeleur Islands/Chandeleur South C/19June12Camera1-Card4-0212.jpg,3116.01,680.42,3162.01,726.42,SATE site
high_resolution_photos/2012/Breton-Chandeleur Islands/Chandeleur South C/19June12Camera1-Card4-0212.jpg,2937.72,697.84,2983.72,743.84,SATE bird
high_resolution_photos/2012/Breton-Chandeleur Islands/Chandeleur South C/19June12Camera1-Card4-0212.jpg,2971.72,707.84,3017.72,753.84,SATE site
high_resolution_photos/2012/Breton-Chandeleur Islands/Chandeleur South C/19June12Camera1-Card4-0212.jpg,3180.52,713.03,3226.52,759.03,ROYT site
high_resolution_photos/2012/Breton-Chandeleur Islands/Chandeleur South C/19June12Camera1-Card4-0212.jpg,3232.81,714.61,3278.81,760.61,SATE site
high_resolution_photos/2012/Breton-Chandeleur Islands/Chandeleur South C/19June12Camera1-Card4-0212.jpg,2687.62,727.74,2733.62,773.74,ROYT site
high_resolution_photos/2012/Breton-Chandeleur Islands/Chandeleur South C/19June12Camera1-Card4-0212.jpg,3347.43,720.39,3393.43,766.39,ROYT site
high_resolution_photos/2012/Breton-Chandeleur Islands/Chandeleur South C/19June12Camera1-Card4-0212.jpg,2809.73,727.84,2855.73,773.84,ROYT site
high_resolution_photos/2012/Breton-Chandeleur Islands/Chandeleur South C/19June12Camera1-Card4-0212.jpg,2945.21,737.17,2991.21,783.17,SATE site
high_resolution_photos/2012/Breton-Chandeleur Islands/Chandeleur South C/19June12Camera1-Card4-0212.jpg,2989.72,735.83,3035.72,781.83,SATE site
high_resolution_photos/2012/Breton-Chandeleur Islands/Chandeleur South C/19June12Camera1-Card4-0212.jpg,2987.72,743.83,3033.72,789.83,SATE site
high_resolution_photos/2012/Breton-Chandeleur Islands/Chandeleur South C/19June12Camera1-Card4-0212.jpg,3039.72,751.83,3085.72,797.83,SATE site
high_resolution_photos/2012/Breton-Chandeleur Islands/Chandeleur South C/19June12Camera1-Card4-0212.jpg,3007.72,775.83,3053.72,821.83,SATE site
high_resolution_photos/2012/Breton-Chandeleur Islands/Chandeleur South C/19June12Camera1-Card4-0212.jpg,3002.39,782.5,3048.39,828.5,SATE site
high_resolution_photos/2012/Breton-Chandeleur Islands/Chandeleur South C/19June12Camera1-Card4-0212.jpg,3083.83,749.5,3129.83,795.5,SATE site
high_resolution_photos/2012/Breton-Chandeleur Islands/Chandeleur South C/19June12Camera1-Card4-0212.jpg,3281.17,743.46,3327.17,789.46,ROYT site
high_resolution_photos/2012/Breton-Chandeleur Islands/Chandeleur South C/19June12Camera1-Card4-0212.jpg,2893.73,747.84,2939.73,793.84,SATE site
high_resolution_photos/2012/Breton-Chandeleur Islands/Chandeleur South C/19June12Camera1-Card4-0212.jpg,2883.73,771.84,2929.73,817.84,SATE site
high_resolution_photos/2012/Breton-Chandeleur Islands/Chandeleur South C/19June12Camera1-Card4-0212.jpg,2879.73,779.84,2925.73,825.84,SATE site
high_resolution_photos/2012/Breton-Chandeleur Islands/Chandeleur South C/19June12Camera1-Card4-0212.jpg,2878.39,789.17,2924.39,835.17,SATE site
high_resolution_photos/2012/Breton-Chandeleur Islands/Chandeleur South C/19June12Camera1-Card4-0212.jpg,2967.73,771.84,3013.73,817.84,SATE site
high_resolution_photos/2012/Breton-Chandeleur Islands/Chandeleur South C/19June12Camera1-Card4-0212.jpg,2967.73,783.84,3013.73,829.84,SATE site
high_resolution_photos/2012/Breton-Chandeleur Islands/Chandeleur South C/19June12Camera1-Card4-0212.jpg,3159.72,753.83,3205.72,799.83,SATE site
high_resolution_photos/2012/Breton-Chandeleur Islands/Chandeleur South C/19June12Camera1-Card4-0212.jpg,3127.72,771.83,3173.72,817.83,SATE site
high_resolution_photos/2012/Breton-Chandeleur Islands/Chandeleur South C/19June12Camera1-Card4-0212.jpg,3127.72,779.83,3173.72,825.83,SATE site
high_resolution_photos/2012/Breton-Chandeleur Islands/Chandeleur South C/19June12Camera1-Card4-0212.jpg,3167.72,787.82,3213.72,833.82,SATE site
high_resolution_photos/2012/Breton-Chandeleur Islands/Chandeleur South C/19June12Camera1-Card4-0212.jpg,3327.72,759.4,3373.72,805.4,ROYT site
high_resolution_photos/2012/Breton-Chandeleur Islands/Chandeleur South C/19June12Camera1-Card4-0212.jpg,3471.71,767.81,3517.71,813.81,ROYT site
high_resolution_photos/2012/Breton-Chandeleur Islands/Chandeleur South C/19June12Camera1-Card4-0212.jpg,3467.71,771.81,3513.71,817.81,ROYT site
high_resolution_photos/2012/Breton-Chandeleur Islands/Chandeleur South C/19June12Camera1-Card4-0212.jpg,2800.46,770.57,2846.46,816.57,ROYT site
high_resolution_photos/2012/Breton-Chandeleur Islands/Chandeleur South C/19June12Camera1-Card4-0212.jpg,3055.72,789.83,3101.72,835.83,SATE site
high_resolution_photos/2012/Breton-Chandeleur Islands/Chandeleur South C/19June12Camera1-Card4-0212.jpg,3063.73,813.83,3109.73,859.83,SATE site
high_resolution_photos/2012/Breton-Chandeleur Islands/Chandeleur South C/19June12Camera1-Card4-0212.jpg,3067.73,831.83,3113.73,877.83,SATE site
high_resolution_photos/2012/Breton-Chandeleur Islands/Chandeleur South C/19June12Camera1-Card4-0212.jpg,3031.73,847.83,3077.73,893.83,SATE bird
high_resolution_photos/2012/Breton-Chandeleur Islands/Chandeleur South C/19June12Camera1-Card4-0212.jpg,3075.73,847.83,3121.73,893.83,SATE site
high_resolution_photos/2012/Breton-Chandeleur Islands/Chandeleur South C/19June12Camera1-Card4-0212.jpg,3017.73,871.83,3063.73,917.83,SATE site
high_resolution_photos/2012/Breton-Chandeleur Islands/Chandeleur South C/19June12Camera1-Card4-0212.jpg,3091.73,875.83,3137.73,921.83,SATE site
high_resolution_photos/2012/Breton-Chandeleur Islands/Chandeleur South C/19June12Camera1-Card4-0212.jpg,3011.73,915.83,3057.73,961.83,SATE site
high_resolution_photos/2012/Breton-Chandeleur Islands/Chandeleur South C/19June12Camera1-Card4-0212.jpg,3027.73,949.83,3073.73,995.83,SATE site
high_resolution_photos/2012/Breton-Chandeleur Islands/Chandeleur South C/19June12Camera1-Card4-0212.jpg,2695.9,781.35,2741.9,827.35,ROYT site
high_resolution_photos/2012/Breton-Chandeleur Islands/Chandeleur South C/19June12Camera1-Card4-0212.jpg,2752.65,788.62,2798.65,834.62,ROYT site
high_resolution_photos/2012/Breton-Chandeleur Islands/Chandeleur South C/19June12Camera1-Card4-0212.jpg,3098.15,796.19,3144.15,842.19,SATE site
high_resolution_photos/2012/Breton-Chandeleur Islands/Chandeleur South C/19June12Camera1-Card4-0212.jpg,2835.21,816.36,2881.21,862.36,SATE site
high_resolution_photos/2012/Breton-Chandeleur Islands/Chandeleur South C/19June12Camera1-Card4-0212.jpg,2905.73,809.84,2951.73,855.84,SATE bird
high_resolution_photos/2012/Breton-Chandeleur Islands/Chandeleur South C/19June12Camera1-Card4-0212.jpg,2937.53,814.29,2983.53,860.29,SATE site
high_resolution_photos/2012/Breton-Chandeleur Islands/Chandeleur South C/19June12Camera1-Card4-0212.jpg,2983.73,823.83,3029.73,869.83,SATE site
high_resolution_photos/2012/Breton-Chandeleur Islands/Chandeleur South C/19June12Camera1-Card4-0212.jpg,2995.73,823.83,3041.73,869.83,SATE site
high_resolution_photos/2012/Breton-Chandeleur Islands/Chandeleur South C/19June12Camera1-Card4-0212.jpg,2584.04,821.85,2630.04,867.85,ROYT site
high_resolution_photos/2012/Breton-Chandeleur Islands/Chandeleur South C/19June12Camera1-Card4-0212.jpg,2680.62,819.41,2726.62,865.41,ROYT site
high_resolution_photos/2012/Breton-Chandeleur Islands/Chandeleur South C/19June12Camera1-Card4-0212.jpg,3385.27,815.81,3431.27,861.81,ROYT site
high_resolution_photos/2012/Breton-Chandeleur Islands/Chandeleur South C/19June12Camera1-Card4-0212.jpg,3137.6,827.95,3183.6,873.95,SATE site
high_resolution_photos/2012/Breton-Chandeleur Islands/Chandeleur South C/19June12Camera1-Card4-0212.jpg,3199.72,847.82,3245.72,893.82,SATE bird
high_resolution_photos/2012/Breton-Chandeleur Islands/Chandeleur South C/19June12Camera1-Card4-0212.jpg,2739.73,837.85,2785.73,883.85,ROYT site
high_resolution_photos/2012/Breton-Chandeleur Islands/Chandeleur South C/19June12Camera1-Card4-0212.jpg,2735.73,843.85,2781.73,889.85,ROYT site
high_resolution_photos/2012/Breton-Chandeleur Islands/Chandeleur South C/19June12Camera1-Card4-0212.jpg,2887.73,839.84,2933.73,885.84,SATE site
high_resolution_photos/2012/Breton-Chandeleur Islands/Chandeleur South C/19June12Camera1-Card4-0212.jpg,2891.73,847.84,2937.73,893.84,SATE site
high_resolution_photos/2012/Breton-Chandeleur Islands/Chandeleur South C/19June12Camera1-Card4-0212.jpg,2995.73,839.83,3041.73,885.83,SATE site
high_resolution_photos/2012/Breton-Chandeleur Islands/Chandeleur South C/19June12Camera1-Card4-0212.jpg,2969.73,875.83,3015.73,921.83,SATE site
high_resolution_photos/2012/Breton-Chandeleur Islands/Chandeleur South C/19June12Camera1-Card4-0212.jpg,3281.72,835.82,3327.72,881.82,ROYT site
high_resolution_photos/2012/Breton-Chandeleur Islands/Chandeleur South C/19June12Camera1-Card4-0212.jpg,2931.73,853.84,2977.73,899.84,SATE site
high_resolution_photos/2012/Breton-Chandeleur Islands/Chandeleur South C/19June12Camera1-Card4-0212.jpg,2935.73,875.83,2981.73,921.83,SATE site
high_resolution_photos/2012/Breton-Chandeleur Islands/Chandeleur South C/19June12Camera1-Card4-0212.jpg,2939.73,883.83,2985.73,929.83,SATE bird
high_resolution_photos/2012/Breton-Chandeleur Islands/Chandeleur South C/19June12Camera1-Card4-0212.jpg,2935.73,891.83,2981.73,937.83,SATE bird
high_resolution_photos/2012/Breton-Chandeleur Islands/Chandeleur South C/19June12Camera1-Card4-0212.jpg,3115.73,851.83,3161.73,897.83,SATE site
high_resolution_photos/2012/Breton-Chandeleur Islands/Chandeleur South C/19June12Camera1-Card4-0212.jpg,3111.73,855.83,3157.73,901.83,SATE site
high_resolution_photos/2012/Breton-Chandeleur Islands/Chandeleur South C/19June12Camera1-Card4-0212.jpg,2622.81,865.7,2668.81,911.7,ROYT site
high_resolution_photos/2012/Breton-Chandeleur Islands/Chandeleur South C/19June12Camera1-Card4-0212.jpg,2803.73,867.84,2849.73,913.84,ROYT bird
high_resolution_photos/2012/Breton-Chandeleur Islands/Chandeleur South C/19June12Camera1-Card4-0212.jpg,2691.94,889.25,2737.94,935.25,ROYT site
high_resolution_photos/2012/Breton-Chandeleur Islands/Chandeleur South C/19June12Camera1-Card4-0212.jpg,2866.09,885.01,2912.09,931.01,ROYT site
high_resolution_photos/2012/Breton-Chandeleur Islands/Chandeleur South C/19June12Camera1-Card4-0212.jpg,2614.82,889.39,2660.82,935.39,ROYT site
high_resolution_photos/2012/Breton-Chandeleur Islands/Chandeleur South C/19June12Camera1-Card4-0212.jpg,2750.56,891.14,2796.56,937.14,ROYT site
high_resolution_photos/2012/Breton-Chandeleur Islands/Chandeleur South C/19June12Camera1-Card4-0212.jpg,2807.74,903.84,2853.74,949.84,ROYT site
high_resolution_photos/2012/Breton-Chandeleur Islands/Chandeleur South C/19June12Camera1-Card4-0212.jpg,2811.74,907.84,2857.74,953.84,ROYT site
high_resolution_photos/2012/Breton-Chandeleur Islands/Chandeleur South C/19June12Camera1-Card4-0212.jpg,2815.74,911.84,2861.74,957.84,ROYT site
high_resolution_photos/2012/Breton-Chandeleur Islands/Chandeleur South C/19June12Camera1-Card4-0212.jpg,2905.12,909.99,2951.12,955.99,ROYT site
high_resolution_photos/2012/Breton-Chandeleur Islands/Chandeleur South C/19June12Camera1-Card4-0212.jpg,2961.73,947.83,3007.73,993.83,SATE site
high_resolution_photos/2012/Breton-Chandeleur Islands/Chandeleur South C/19June12Camera1-Card4-0212.jpg,2951.74,955.83,2997.74,1001.83,SATE bird
high_resolution_photos/2012/Breton-Chandeleur Islands/Chandeleur South C/19June12Camera1-Card4-0212.jpg,2714.99,930.1,2760.99,976.1,ROYT site
high_resolution_photos/2012/Breton-Chandeleur Islands/Chandeleur South C/19June12Camera1-Card4-0212.jpg,2614.8,956.32,2660.8,1002.32,ROYT site
high_resolution_photos/2012/Breton-Chandeleur Islands/Chandeleur South C/19June12Camera1-Card4-0212.jpg,2809.21,964.47,2855.21,1010.47,ROYT site
high_resolution_photos/2012/Breton-Chandeleur Islands/Chandeleur South C/19June12Camera1-Card4-0212.jpg,2991.73,955.83,3037.73,1001.83,SATE site
high_resolution_photos/2012/Breton-Chandeleur Islands/Chandeleur South C/19June12Camera1-Card4-0212.jpg,2997.07,1005.16,3043.07,1051.16,SATE site
high_resolution_photos/2012/Breton-Chandeleur Islands/Chandeleur South C/19June12Camera1-Card4-0212.jpg,2672.54,969.85,2718.54,1015.85,ROYT site
high_resolution_photos/2012/Breton-Chandeleur Islands/Chandeleur South C/19June12Camera1-Card4-0212.jpg,2671.74,987.23,2717.74,1033.23,ROYT site
high_resolution_photos/2012/Breton-Chandeleur Islands/Chandeleur South C/19June12Camera1-Card4-0212.jpg,2871.17,991.55,2917.17,1037.55,ROYT site
high_resolution_photos/2012/Breton-Chandeleur Islands/Chandeleur South C/19June12Camera1-Card4-0212.jpg,3104.33,1009.45,3150.33,1055.45,ROYT site
high_resolution_photos/2012/Breton-Chandeleur Islands/Chandeleur South C/19June12Camera1-Card4-0212.jpg,2673.74,1013.62,2719.74,1059.62,ROYT site
high_resolution_photos/2012/Breton-Chandeleur Islands/Chandeleur South C/19June12Camera1-Card4-0212.jpg,2728.89,1013.27,2774.89,1059.27,ROYT site
high_resolution_photos/2012/Breton-Chandeleur Islands/Chandeleur South C/19June12Camera1-Card4-0212.jpg,2827.31,1021.89,2873.31,1067.89,ROYT site
high_resolution_photos/2012/Breton-Chandeleur Islands/Chandeleur South C/19June12Camera1-Card4-0212.jpg,2879.74,1037.83,2925.74,1083.83,SATE site
high_resolution_photos/2012/Breton-Chandeleur Islands/Chandeleur South C/19June12Camera1-Card4-0212.jpg,2882.41,1054.5,2928.41,1100.5,SATE site
high_resolution_photos/2012/Breton-Chandeleur Islands/Chandeleur South C/19June12Camera1-Card4-0212.jpg,2686.84,1068.49,2732.84,1114.49,ROYT site
high_resolution_photos/2012/Breton-Chandeleur Islands/Chandeleur South C/19June12Camera1-Card4-0212.jpg,2829.87,1072.21,2875.87,1118.21,ROYT site
high_resolution_photos/2012/Breton-Chandeleur Islands/Chandeleur South C/19June12Camera1-Card4-0212.jpg,2631.75,1079.85,2677.75,1125.85,ROYT site
high_resolution_photos/2012/Breton-Chandeleur Islands/Chandeleur South C/19June12Camera1-Card4-0212.jpg,2643.75,1079.85,2689.75,1125.85,ROYT site
high_resolution_photos/2012/Breton-Chandeleur Islands/Chandeleur South C/19June12Camera1-Card4-0212.jpg,2700.18,1113.7,2746.18,1159.7,ROYT site
high_resolution_photos/2012/Breton-Chandeleur Islands/Chandeleur South C/19June12Camera1-Card4-0212.jpg,2802.1,1104.78,2848.1,1150.78,ROYT site
high_resolution_photos/2012/Breton-Chandeleur Islands/Chandeleur South C/19June12Camera1-Card4-0212.jpg,2652.67,1133.08,2698.67,1179.08,ROYT site
high_resolution_photos/2012/Breton-Chandeleur Islands/Chandeleur South C/19June12Camera1-Card4-0212.jpg,2763.75,1131.84,2809.75,1177.84,ROYT site
high_resolution_photos/2012/Breton-Chandeleur Islands/Chandeleur South C/19June12Camera1-Card4-0212.jpg,2619.75,1155.85,2665.75,1201.85,ROYT site
high_resolution_photos/2012/Breton-Chandeleur Islands/Chandeleur South C/19June12Camera1-Card4-0212.jpg,2615.75,1159.85,2661.75,1205.85,ROYT site
high_resolution_photos/2012/Breton-Chandeleur Islands/Chandeleur South C/19June12Camera1-Card4-0212.jpg,2798.1,1170.54,2844.1,1216.54,SATE site
high_resolution_photos/2012/Breton-Chandeleur Islands/Chandeleur South C/19June12Camera1-Card4-0212.jpg,2761.75,1195.84,2807.75,1241.84,SATE site
high_resolution_photos/2012/Breton-Chandeleur Islands/Chandeleur South C/19June12Camera1-Card4-0212.jpg,2769.75,1203.84,2815.75,1249.84,SATE bird
high_resolution_photos/2012/Breton-Chandeleur Islands/Chandeleur South C/19June12Camera1-Card4-0212.jpg,2680.33,1213.84,2726.33,1259.84,ROYT site
high_resolution_photos/2012/Breton-Chandeleur Islands/Chandeleur South C/19June12Camera1-Card4-0212.jpg,2605.76,1217.85,2651.76,1263.85,ROYT site
high_resolution_photos/2012/Breton-Chandeleur Islands/Chandeleur South C/19June12Camera1-Card4-0212.jpg,2608.02,1240.38,2654.02,1286.38,ROYT site
high_resolution_photos/2012/Breton-Chandeleur Islands/Chandeleur South C/19June12Camera1-Card4-0212.jpg,2719.76,1261.84,2765.76,1307.84,ROYT site
high_resolution_photos/2012/Breton-Chandeleur Islands/Chandeleur South C/19June12Camera1-Card4-0212.jpg,2653.76,1265.84,2699.76,1311.84,ROYT site
high_resolution_photos/2012/Breton-Chandeleur Islands/Chandeleur South C/19June12Camera1-Card4-0212.jpg,2617.22,1289.78,2663.22,1335.78,ROYT site
high_resolution_photos/2012/Breton-Chandeleur Islands/Chandeleur South C/19June12Camera1-Card4-0212.jpg,2721.76,1279.84,2767.76,1325.84,ROYT site
high_resolution_photos/2012/Breton-Chandeleur Islands/Chandeleur South C/19June12Camera1-Card4-0212.jpg,2665.76,1287.84,2711.76,1333.84,ROYT site
high_resolution_photos/2012/Breton-Chandeleur Islands/Chandeleur South C/19June12Camera1-Card4-0212.jpg,2667.76,1299.84,2713.76,1345.84,ROYT site
high_resolution_photos/2012/Breton-Chandeleur Islands/Chandeleur South C/19June12Camera1-Card4-0212.jpg,2667.76,1307.84,2713.76,1353.84,ROYT site
high_resolution_photos/2012/Breton-Chandeleur Islands/Chandeleur South C/19June12Camera1-Card4-0212.jpg,2647.76,1323.84,2693.76,1369.84,ROYT site
high_resolution_photos/2012/Breton-Chandeleur Islands/Chandeleur South C/19June12Camera1-Card4-0212.jpg,2687.92,1339.52,2733.92,1385.52,ROYT site
high_resolution_photos/2012/Breton-Chandeleur Islands/Chandeleur South C/19June12Camera1-Card4-0212.jpg,2678.76,1389.34,2724.76,1435.34,ROYT site
high_resolution_photos/2012/Breton-Chandeleur Islands/Chandeleur South C/19June12Camera1-Card4-0212.jpg,2595.77,1397.84,2641.77,1443.84,ROYT site
high_resolution_photos/2012/Breton-Chandeleur Islands/Chandeleur South C/19June12Camera1-Card4-0212.jpg,2681.77,1409.04,2727.77,1455.04,ROYT bird
high_resolution_photos/2012/Breton-Chandeleur Islands/Chandeleur South C/19June12Camera1-Card4-0212.jpg,2593.1,1422.51,2639.1,1468.51,ROYT bird
high_resolution_photos/2012/Breton-Chandeleur Islands/Chandeleur South C/19June12Camera1-Card4-0212.jpg,2599.77,1461.84,2645.77,1507.84,ROYT site
high_resolution_photos/2012/Breton-Chandeleur Islands/Chandeleur South C/19June12Camera1-Card4-0212.jpg,2643.77,1421.84,2689.77,1467.84,ROYT site
high_resolution_photos/2012/Breton-Chandeleur Islands/Chandeleur South C/19June12Camera1-Card4-0212.jpg,2651.77,1429.84,2697.77,1475.84,ROYT site
high_resolution_photos/2012/Breton-Chandeleur Islands/Chandeleur South C/19June12Camera1-Card4-0212.jpg,2610.22,1497.62,2656.22,1543.62,ROYT site
high_resolution_photos/2012/Breton-Chandeleur Islands/Chandeleur South C/19June12Camera1-Card4-0212.jpg,2651.77,1519.84,2697.77,1565.84,ROYT site
high_resolution_photos/2012/Breton-Chandeleur Islands/Chandeleur South C/19June12Camera1-Card4-0212.jpg,2655.77,1523.84,2701.77,1569.84,ROYT site
high_resolution_photos/2012/Breton-Chandeleur Islands/Chandeleur South C/19June12Camera1-Card4-0212.jpg,2663.77,1533.84,2709.77,1579.84,ROYT site
high_resolution_photos/2012/Breton-Chandeleur Islands/Chandeleur South C/19June12Camera1-Card4-0212.jpg,2547.13,1583.71,2593.13,1629.71,ROYT site
high_resolution_photos/2012/Breton-Chandeleur Islands/Chandeleur South C/19June12Camera1-Card4-0212.jpg,2679.77,1577.83,2725.77,1623.83,SATE site
high_resolution_photos/2012/Breton-Chandeleur Islands/Chandeleur South C/19June12Camera1-Card4-0212.jpg,2711.78,1607.83,2757.78,1653.83,SATE site
high_resolution_photos/2012/Breton-Chandeleur Islands/Chandeleur South C/19June12Camera1-Card4-0212.jpg,2577.29,1621.78,2623.29,1667.78,ROYT site
high_resolution_photos/2012/Breton-Chandeleur Islands/Chandeleur South C/19June12Camera1-Card4-0212.jpg,2538.1,1629.1,2584.1,1675.1,ROYT site
high_resolution_photos/2012/Breton-Chandeleur Islands/Chandeleur South C/19June12Camera1-Card4-0212.jpg,2682.3,1628.46,2728.3,1674.46,ROYT site
high_resolution_photos/2012/Breton-Chandeleur Islands/Chandeleur South C/19June12Camera1-Card4-0212.jpg,2545.78,1645.84,2591.78,1691.84,ROYT site
high_resolution_photos/2012/Breton-Chandeleur Islands/Chandeleur South C/19June12Camera1-Card4-0212.jpg,2727.78,1655.83,2773.78,1701.83,ROYT site
high_resolution_photos/2012/Breton-Chandeleur Islands/Chandeleur South C/19June12Camera1-Card4-0212.jpg,2731.78,1671.83,2777.78,1717.83,ROYT site
high_resolution_photos/2012/Breton-Chandeleur Islands/Chandeleur South C/19June12Camera1-Card4-0212.jpg,2464.53,1675.59,2510.53,1721.59,ROYT site
high_resolution_photos/2012/Breton-Chandeleur Islands/Chandeleur South C/19June12Camera1-Card4-0212.jpg,2509.91,1688.97,2555.91,1734.97,ROYT site
high_resolution_photos/2012/Breton-Chandeleur Islands/Chandeleur South C/19June12Camera1-Card4-0212.jpg,2682.1,1693.09,2728.1,1739.09,ROYT site
high_resolution_photos/2012/Breton-Chandeleur Islands/Chandeleur South C/19June12Camera1-Card4-0212.jpg,2464.02,1696.78,2510.02,1742.78,ROYT bird
high_resolution_photos/2012/Breton-Chandeleur Islands/Chandeleur South C/19June12Camera1-Card4-0212.jpg,2616.82,1705.64,2662.82,1751.64,SATE site
high_resolution_photos/2012/Breton-Chandeleur Islands/Chandeleur South C/19June12Camera1-Card4-0212.jpg,2573.78,1706.02,2619.78,1752.02,ROYT site
high_resolution_photos/2012/Breton-Chandeleur Islands/Chandeleur South C/19June12Camera1-Card4-0212.jpg,2734.78,1703.83,2780.78,1749.83,ROYT site
high_resolution_photos/2012/Breton-Chandeleur Islands/Chandeleur South C/19June12Camera1-Card4-0212.jpg,2679.78,1709.83,2725.78,1755.83,ROYT site
high_resolution_photos/2012/Breton-Chandeleur Islands/Chandeleur South C/19June12Camera1-Card4-0212.jpg,2476.32,1729.44,2522.32,1775.44,ROYT site
high_resolution_photos/2012/Breton-Chandeleur Islands/Chandeleur South C/19June12Camera1-Card4-0212.jpg,2523.16,1743.63,2569.16,1789.63,ROYT site
high_resolution_photos/2012/Breton-Chandeleur Islands/Chandeleur South C/19June12Camera1-Card4-0212.jpg,2693.97,1769.53,2739.97,1815.53,ROYT site
high_resolution_photos/2012/Breton-Chandeleur Islands/Chandeleur South C/19June12Camera1-Card4-0212.jpg,2488.19,1783.17,2534.19,1829.17,ROYT site
high_resolution_photos/2012/Breton-Chandeleur Islands/Chandeleur South C/19June12Camera1-Card4-0212.jpg,2561.79,1787.84,2607.79,1833.84,ROYT site
high_resolution_photos/2012/Breton-Chandeleur Islands/Chandeleur South C/19June12Camera1-Card4-0212.jpg,2561.79,1811.83,2607.79,1857.83,ROYT site
high_resolution_photos/2012/Breton-Chandeleur Islands/Chandeleur South C/19June12Camera1-Card4-0212.jpg,2413.25,1818.02,2459.25,1864.02,ROYT site
high_resolution_photos/2012/Breton-Chandeleur Islands/Chandeleur South C/19June12Camera1-Card4-0212.jpg,2319.8,1879.85,2365.8,1925.85,SATE bird
high_resolution_photos/2012/Breton-Chandeleur Islands/Chandeleur South C/19June12Camera1-Card4-0212.jpg,2403.32,1842.67,2449.32,1888.67,ROYT bird
high_resolution_photos/2012/Breton-Chandeleur Islands/Chandeleur South C/19June12Camera1-Card4-0212.jpg,2503.79,1859.84,2549.79,1905.84,ROYT site
high_resolution_photos/2012/Breton-Chandeleur Islands/Chandeleur South C/19June12Camera1-Card4-0212.jpg,2558.29,1853.67,2604.29,1899.67,ROYT site
high_resolution_photos/2012/Breton-Chandeleur Islands/Chandeleur South C/19June12Camera1-Card4-0212.jpg,2458.99,1857.04,2504.99,1903.04,ROYT site
high_resolution_photos/2012/Breton-Chandeleur Islands/Chandeleur South C/19June12Camera1-Card4-0212.jpg,2617.57,1860.57,2663.57,1906.57,ROYT site
high_resolution_photos/2012/Breton-Chandeleur Islands/Chandeleur South C/19June12Camera1-Card4-0212.jpg,2547.79,1887.83,2593.79,1933.83,ROYT bird
high_resolution_photos/2012/Breton-Chandeleur Islands/Chandeleur South C/19June12Camera1-Card4-0212.jpg,2555.79,1887.83,2601.79,1933.83,ROYT site
high_resolution_photos/2012/Breton-Chandeleur Islands/Chandeleur South C/19June12Camera1-Card4-0212.jpg,2467.53,1891.3,2513.53,1937.3,ROYT site
high_resolution_photos/2012/Breton-Chandeleur Islands/Chandeleur South C/19June12Camera1-Card4-0212.jpg,2609.53,1917.92,2655.53,1963.92,ROYT site
high_resolution_photos/2012/Breton-Chandeleur Islands/Chandeleur South C/19June12Camera1-Card4-0212.jpg,2497.71,1923.66,2543.71,1969.66,ROYT site
high_resolution_photos/2012/Breton-Chandeleur Islands/Chandeleur South C/19June12Camera1-Card4-0212.jpg,2363.8,1925.84,2409.8,1971.84,ROYT site
high_resolution_photos/2012/Breton-Chandeleur Islands/Chandeleur South C/19June12Camera1-Card4-0212.jpg,2406.93,1933.58,2452.93,1979.58,ROYT site
high_resolution_photos/2012/Breton-Chandeleur Islands/Chandeleur South C/19June12Camera1-Card4-0212.jpg,2714.96,1940.32,2760.96,1986.32,ROYT site
high_resolution_photos/2012/Breton-Chandeleur Islands/Chandeleur South C/19June12Camera1-Card4-0212.jpg,2544.44,1952.35,2590.44,1998.35,ROYT site
high_resolution_photos/2012/Breton-Chandeleur Islands/Chandeleur South C/19June12Camera1-Card4-0212.jpg,2446.95,1955.96,2492.95,2001.96,ROYT site
high_resolution_photos/2012/Breton-Chandeleur Islands/Chandeleur South C/19June12Camera1-Card4-0212.jpg,2648.8,1952.83,2694.8,1998.83,ROYT site
high_resolution_photos/2012/Breton-Chandeleur Islands/Chandeleur South C/19June12Camera1-Card4-0212.jpg,2607.13,1965.16,2653.13,2011.16,ROYT site
high_resolution_photos/2012/Breton-Chandeleur Islands/Chandeleur South C/19June12Camera1-Card4-0212.jpg,2713.79,1963.16,2759.79,2009.16,ROYT site
high_resolution_photos/2012/Breton-Chandeleur Islands/Chandeleur South C/19June12Camera1-Card4-0212.jpg,2407.92,1981.37,2453.92,2027.37,ROYT site
high_resolution_photos/2012/Breton-Chandeleur Islands/Chandeleur South C/19June12Camera1-Card4-0212.jpg,2511.37,1994.26,2557.37,2040.26,ROYT site
high_resolution_photos/2012/Breton-Chandeleur Islands/Chandeleur South C/19June12Camera1-Card4-0212.jpg,2612.46,1985.16,2658.46,2031.16,ROYT site
high_resolution_photos/2012/Breton-Chandeleur Islands/Chandeleur South C/19June12Camera1-Card4-0212.jpg,2642.14,1999.27,2688.14,2045.27,ROYT site
high_resolution_photos/2012/Breton-Chandeleur Islands/Chandeleur South C/19June12Camera1-Card4-0212.jpg,2841.79,1987.82,2887.79,2033.82,ROYT site
high_resolution_photos/2012/Breton-Chandeleur Islands/Chandeleur South C/19June12Camera1-Card4-0212.jpg,2698.15,2013.47,2744.15,2059.47,SATE site
high_resolution_photos/2012/Breton-Chandeleur Islands/Chandeleur South C/19June12Camera1-Card4-0212.jpg,2760.35,2012.93,2806.35,2058.93,ROYT site
high_resolution_photos/2012/Breton-Chandeleur Islands/Chandeleur South C/19June12Camera1-Card4-0212.jpg,2841.79,2004.48,2887.79,2050.48,ROYT site
high_resolution_photos/2012/Breton-Chandeleur Islands/Chandeleur South C/19June12Camera1-Card4-0212.jpg,2367.81,2021.84,2413.81,2067.84,ROYT site
high_resolution_photos/2012/Breton-Chandeleur Islands/Chandeleur South C/19June12Camera1-Card4-0212.jpg,2637.8,2019.83,2683.8,2065.83,ROYT site
high_resolution_photos/2012/Breton-Chandeleur Islands/Chandeleur South C/19June12Camera1-Card4-0212.jpg,2827.57,2028.26,2873.57,2074.26,ROYT site
high_resolution_photos/2012/Breton-Chandeleur Islands/Chandeleur South C/19June12Camera1-Card4-0212.jpg,2866.11,2026.34,2912.11,2072.34,ROYT site
high_resolution_photos/2012/Breton-Chandeleur Islands/Chandeleur South C/19June12Camera1-Card4-0212.jpg,2369.65,2043.84,2415.65,2089.84,ROYT bird
high_resolution_photos/2012/Breton-Chandeleur Islands/Chandeleur South C/19June12Camera1-Card4-0212.jpg,2539.8,2041.83,2585.8,2087.83,ROYT site
high_resolution_photos/2012/Breton-Chandeleur Islands/Chandeleur South C/19June12Camera1-Card4-0212.jpg,2539.8,2063.83,2585.8,2109.83,ROYT site
high_resolution_photos/2012/Breton-Chandeleur Islands/Chandeleur South C/19June12Camera1-Card4-0212.jpg,2671.19,2051.36,2717.19,2097.36,SATE site
high_resolution_photos/2012/Breton-Chandeleur Islands/Chandeleur South C/19June12Camera1-Card4-0212.jpg,2859.8,2047.81,2905.8,2093.81,ROYT site
high_resolution_photos/2012/Breton-Chandeleur Islands/Chandeleur South C/19June12Camera1-Card4-0212.jpg,2479.99,2068.92,2525.99,2114.92,ROYT site
high_resolution_photos/2012/Breton-Chandeleur Islands/Chandeleur South C/19June12Camera1-Card4-0212.jpg,2634.84,2068.79,2680.84,2114.79,SATE site
high_resolution_photos/2012/Breton-Chandeleur Islands/Chandeleur South C/19June12Camera1-Card4-0212.jpg,2752.13,2074.15,2798.13,2120.15,ROYT site
high_resolution_photos/2012/Breton-Chandeleur Islands/Chandeleur South C/19June12Camera1-Card4-0212.jpg,2384.41,2078.44,2430.41,2124.44,ROYT site
high_resolution_photos/2012/Breton-Chandeleur Islands/Chandeleur South C/19June12Camera1-Card4-0212.jpg,2675.57,2096.17,2721.57,2142.17,ROYT site
high_resolution_photos/2012/Breton-Chandeleur Islands/Chandeleur South C/19June12Camera1-Card4-0212.jpg,2384.61,2098.64,2430.61,2144.64,ROYT site
high_resolution_photos/2012/Breton-Chandeleur Islands/Chandeleur South C/19June12Camera1-Card4-0212.jpg,2575.14,2093.83,2621.14,2139.83,ROYT site
high_resolution_photos/2012/Breton-Chandeleur Islands/Chandeleur South C/19June12Camera1-Card4-0212.jpg,2750.66,2097.25,2796.66,2143.25,ROYT site
high_resolution_photos/2012/Breton-Chandeleur Islands/Chandeleur South C/19June12Camera1-Card4-0212.jpg,2513.14,2111.03,2559.14,2157.03,ROYT site
high_resolution_photos/2012/Breton-Chandeleur Islands/Chandeleur South C/19June12Camera1-Card4-0212.jpg,2576.56,2112.58,2622.56,2158.58,ROYT bird
high_resolution_photos/2012/Breton-Chandeleur Islands/Chandeleur South C/19June12Camera1-Card4-0212.jpg,2818.17,2127.27,2864.17,2173.27,ROYT site
high_resolution_photos/2012/Breton-Chandeleur Islands/Chandeleur South C/19June12Camera1-Card4-0212.jpg,2731.64,2136.32,2777.64,2182.32,SATE site
high_resolution_photos/2012/Breton-Chandeleur Islands/Chandeleur South C/19June12Camera1-Card4-0212.jpg,2552.97,2152.99,2598.97,2198.99,ROYT site
high_resolution_photos/2012/Breton-Chandeleur Islands/Chandeleur South C/19June12Camera1-Card4-0212.jpg,2787.8,2147.82,2833.8,2193.82,ROYT site
high_resolution_photos/2012/Breton-Chandeleur Islands/Chandeleur South C/19June12Camera1-Card4-0212.jpg,2785.8,2167.82,2831.8,2213.82,ROYT site
high_resolution_photos/2012/Breton-Chandeleur Islands/Chandeleur South C/19June12Camera1-Card4-0212.jpg,2386.36,2159.59,2432.36,2205.59,ROYT site
high_resolution_photos/2012/Breton-Chandeleur Islands/Chandeleur South C/19June12Camera1-Card4-0212.jpg,2621.58,2152.27,2667.58,2198.27,ROYT site
high_resolution_photos/2012/Breton-Chandeleur Islands/Chandeleur South C/19June12Camera1-Card4-0212.jpg,2736.15,2189.73,2782.15,2235.73,ROYT site
high_resolution_photos/2012/Breton-Chandeleur Islands/Chandeleur South C/19June12Camera1-Card4-0212.jpg,2815.8,2189.81,2861.8,2235.81,ROYT site
high_resolution_photos/2012/Breton-Chandeleur Islands/Chandeleur South C/19June12Camera1-Card4-0212.jpg,2815.81,2203.81,2861.81,2249.81,ROYT site
high_resolution_photos/2012/Breton-Chandeleur Islands/Chandeleur South C/19June12Camera1-Card4-0212.jpg,2410.71,2203.28,2456.71,2249.28,ROYT site
high_resolution_photos/2012/Breton-Chandeleur Islands/Chandeleur South C/19June12Camera1-Card4-0212.jpg,2463.33,2206.55,2509.33,2252.55,ROYT site
high_resolution_photos/2012/Breton-Chandeleur Islands/Chandeleur South C/19June12Camera1-Card4-0212.jpg,2682.84,2209.52,2728.84,2255.52,SATE site
high_resolution_photos/2012/Breton-Chandeleur Islands/Chandeleur South C/19June12Camera1-Card4-0212.jpg,2535.28,2209.43,2581.28,2255.43,ROYT site
high_resolution_photos/2012/Breton-Chandeleur Islands/Chandeleur South C/19June12Camera1-Card4-0212.jpg,2728.51,2208.76,2774.51,2254.76,ROYT site
high_resolution_photos/2012/Breton-Chandeleur Islands/Chandeleur South C/19June12Camera1-Card4-0212.jpg,2443.82,2251.83,2489.82,2297.83,ROYT site
high_resolution_photos/2012/Breton-Chandeleur Islands/Chandeleur South C/19June12Camera1-Card4-0212.jpg,2455.82,2279.83,2501.82,2325.83,ROYT site
high_resolution_photos/2012/Breton-Chandeleur Islands/Chandeleur South C/19June12Camera1-Card4-0212.jpg,2535.28,2230.23,2581.28,2276.23,ROYT site
high_resolution_photos/2012/Breton-Chandeleur Islands/Chandeleur South C/19June12Camera1-Card4-0212.jpg,2747.31,2252.32,2793.31,2298.32,ROYT site
high_resolution_photos/2012/Breton-Chandeleur Islands/Chandeleur South C/19June12Camera1-Card4-0212.jpg,2571.01,2266.62,2617.01,2312.62,ROYT site
high_resolution_photos/2012/Breton-Chandeleur Islands/Chandeleur South C/19June12Camera1-Card4-0212.jpg,2625.81,2259.82,2671.81,2305.82,SATE site
high_resolution_photos/2012/Breton-Chandeleur Islands/Chandeleur South C/19June12Camera1-Card4-0212.jpg,2635.81,2273.82,2681.81,2319.82,SATE site
high_resolution_photos/2012/Breton-Chandeleur Islands/Chandeleur South C/19June12Camera1-Card4-0212.jpg,2747.81,2263.82,2793.81,2309.82,ROYT site
high_resolution_photos/2012/Breton-Chandeleur Islands/Chandeleur South C/19June12Camera1-Card4-0212.jpg,2747.81,2287.81,2793.81,2333.81,ROYT site
high_resolution_photos/2012/Breton-Chandeleur Islands/Chandeleur South C/19June12Camera1-Card4-0212.jpg,2743.81,2295.81,2789.81,2341.81,ROYT site
high_resolution_photos/2012/Breton-Chandeleur Islands/Chandeleur South C/19June12Camera1-Card4-0212.jpg,2793.93,2277.34,2839.93,2323.34,SATE site
high_resolution_photos/2012/Breton-Chandeleur Islands/Chandeleur South C/19June12Camera1-Card4-0212.jpg,2595.81,2283.82,2641.81,2329.82,ROYT site
high_resolution_photos/2012/Breton-Chandeleur Islands/Chandeleur South C/19June12Camera1-Card4-0212.jpg,2595.82,2291.82,2641.82,2337.82,ROYT site
high_resolution_photos/2012/Breton-Chandeleur Islands/Chandeleur South C/19June12Camera1-Card4-0212.jpg,2696.21,2292.62,2742.21,2338.62,ROYT bird
high_resolution_photos/2012/Breton-Chandeleur Islands/Chandeleur South C/19June12Camera1-Card4-0212.jpg,2411.49,2310.83,2457.49,2356.83,ROYT site
high_resolution_photos/2012/Breton-Chandeleur Islands/Chandeleur South C/19June12Camera1-Card4-0212.jpg,2520.39,2312.11,2566.39,2358.11,ROYT site
high_resolution_photos/2012/Breton-Chandeleur Islands/Chandeleur South C/19June12Camera1-Card4-0212.jpg,2562.63,2324.42,2608.63,2370.42,ROYT site
high_resolution_photos/2012/Breton-Chandeleur Islands/Chandeleur South C/19June12Camera1-Card4-0212.jpg,2670.44,2328.57,2716.44,2374.57,ROYT site
high_resolution_photos/2012/Breton-Chandeleur Islands/Chandeleur South C/19June12Camera1-Card4-0212.jpg,2393.29,2340.77,2439.29,2386.77,ROYT site
high_resolution_photos/2012/Breton-Chandeleur Islands/Chandeleur South C/19June12Camera1-Card4-0212.jpg,2445.62,2332.43,2491.62,2378.43,ROYT site
high_resolution_photos/2012/Breton-Chandeleur Islands/Chandeleur South C/19June12Camera1-Card4-0212.jpg,2726.06,2330.06,2772.06,2376.06,ROYT site
high_resolution_photos/2012/Breton-Chandeleur Islands/Chandeleur South C/19June12Camera1-Card4-0212.jpg,2778.48,2337.15,2824.48,2383.15,ROYT site
high_resolution_photos/2012/Breton-Chandeleur Islands/Chandeleur South C/19June12Camera1-Card4-0212.jpg,2775.81,2349.81,2821.81,2395.81,ROYT site
high_resolution_photos/2012/Breton-Chandeleur Islands/Chandeleur South C/19June12Camera1-Card4-0212.jpg,2551.82,2403.82,2597.82,2449.82,ROYT site
high_resolution_photos/2012/Breton-Chandeleur Islands/Chandeleur South C/19June12Camera1-Card4-0212.jpg,2559.82,2407.82,2605.82,2453.82,ROYT site
high_resolution_photos/2012/Breton-Chandeleur Islands/Chandeleur South C/19June12Camera1-Card4-0212.jpg,2512.82,2359.49,2558.82,2405.49,ROYT site
high_resolution_photos/2012/Breton-Chandeleur Islands/Chandeleur South C/19June12Camera1-Card4-0212.jpg,2895.81,2369.45,2941.81,2415.45,ROYT site
high_resolution_photos/2012/Breton-Chandeleur Islands/Chandeleur South C/19June12Camera1-Card4-0212.jpg,2741.97,2369.35,2787.97,2415.35,ROYT site
high_resolution_photos/2012/Breton-Chandeleur Islands/Chandeleur South C/19June12Camera1-Card4-0212.jpg,2457.82,2375.83,2503.82,2421.83,ROYT site
high_resolution_photos/2012/Breton-Chandeleur Islands/Chandeleur South C/19June12Camera1-Card4-0212.jpg,2819.82,2387.81,2865.82,2433.81,SATE bird
high_resolution_photos/2012/Breton-Chandeleur Islands/Chandeleur South C/19June12Camera1-Card4-0212.jpg,2815.82,2401.81,2861.82,2447.81,SATE bird
high_resolution_photos/2012/Breton-Chandeleur Islands/Chandeleur South C/19June12Camera1-Card4-0212.jpg,2355.82,2375.83,2401.82,2421.83,ROYT site
high_resolution_photos/2012/Breton-Chandeleur Islands/Chandeleur South C/19June12Camera1-Card4-0212.jpg,2355.83,2391.83,2401.83,2437.83,ROYT site
high_resolution_photos/2012/Breton-Chandeleur Islands/Chandeleur South C/19June12Camera1-Card4-0212.jpg,2637.82,2381.82,2683.82,2427.82,ROYT site
high_resolution_photos/2012/Breton-Chandeleur Islands/Chandeleur South C/19June12Camera1-Card4-0212.jpg,2407.83,2403.83,2453.83,2449.83,ROYT site
high_resolution_photos/2012/Breton-Chandeleur Islands/Chandeleur South C/19June12Camera1-Card4-0212.jpg,2673.82,2395.82,2719.82,2441.82,ROYT site
high_resolution_photos/2012/Breton-Chandeleur Islands/Chandeleur South C/19June12Camera1-Card4-0212.jpg,2711.82,2419.81,2757.82,2465.81,ROYT site
high_resolution_photos/2012/Breton-Chandeleur Islands/Chandeleur South C/19June12Camera1-Card4-0212.jpg,2679.82,2437.81,2725.82,2483.81,ROYT site
high_resolution_photos/2012/Breton-Chandeleur Islands/Chandeleur South C/19June12Camera1-Card4-0212.jpg,2877.81,2395.81,2923.81,2441.81,SATE bird
high_resolution_photos/2012/Breton-Chandeleur Islands/Chandeleur South C/19June12Camera1-Card4-0212.jpg,2879.82,2407.8,2925.82,2453.8,SATE bird
high_resolution_photos/2012/Breton-Chandeleur Islands/Chandeleur South C/19June12Camera1-Card4-0212.jpg,2511.61,2414.53,2557.61,2460.53,ROYT site
high_resolution_photos/2012/Breton-Chandeleur Islands/Chandeleur South C/19June12Camera1-Card4-0212.jpg,2790.48,2420.34,2836.48,2466.34,ROYT site
high_resolution_photos/2012/Breton-Chandeleur Islands/Chandeleur South C/19June12Camera1-Card4-0212.jpg,2824.13,2429.35,2870.13,2475.35,ROYT site
high_resolution_photos/2012/Breton-Chandeleur Islands/Chandeleur South C/19June12Camera1-Card4-0212.jpg,2458.35,2430.77,2504.35,2476.77,ROYT site
high_resolution_photos/2012/Breton-Chandeleur Islands/Chandeleur South C/19June12Camera1-Card4-0212.jpg,2621.82,2433.82,2667.82,2479.82,ROYT site
high_resolution_photos/2012/Breton-Chandeleur Islands/Chandeleur South C/19June12Camera1-Card4-0212.jpg,2622.7,2455.82,2668.7,2501.82,ROYT site
high_resolution_photos/2012/Breton-Chandeleur Islands/Chandeleur South C/19June12Camera1-Card4-0212.jpg,2456.33,2455.33,2502.33,2501.33,ROYT bird
high_resolution_photos/2012/Breton-Chandeleur Islands/Chandeleur South C/19June12Camera1-Card4-0212.jpg,2507.83,2463.82,2553.83,2509.82,ROYT site
high_resolution_photos/2012/Breton-Chandeleur Islands/Chandeleur South C/19June12Camera1-Card4-0212.jpg,2503.83,2479.82,2549.83,2525.82,ROYT bird
high_resolution_photos/2012/Breton-Chandeleur Islands/Chandeleur South C/19June12Camera1-Card4-0212.jpg,2899.39,2467.09,2945.39,2513.09,SATE site
high_resolution_photos/2012/Breton-Chandeleur Islands/Chandeleur South C/19June12Camera1-Card4-0212.jpg,2834.39,2472.95,2880.39,2518.95,ROYT bird
high_resolution_photos/2012/Breton-Chandeleur Islands/Chandeleur South C/19June12Camera1-Card4-0212.jpg,2761.82,2491.81,2807.82,2537.81,SATE site
high_resolution_photos/2012/Breton-Chandeleur Islands/Chandeleur South C/19June12Camera1-Card4-0212.jpg,2915.32,2487.3,2961.32,2533.3,ROYT site
high_resolution_photos/2012/Breton-Chandeleur Islands/Chandeleur South C/19June12Camera1-Card4-0212.jpg,2465.83,2491.83,2511.83,2537.83,ROYT site
high_resolution_photos/2012/Breton-Chandeleur Islands/Chandeleur South C/19June12Camera1-Card4-0212.jpg,2459.83,2499.83,2505.83,2545.83,ROYT site
high_resolution_photos/2012/Breton-Chandeleur Islands/Chandeleur South C/19June12Camera1-Card4-0212.jpg,2871.82,2495.8,2917.82,2541.8,ROYT site
high_resolution_photos/2012/Breton-Chandeleur Islands/Chandeleur South C/19June12Camera1-Card4-0212.jpg,2903.82,2507.8,2949.82,2553.8,ROYT site
high_resolution_photos/2012/Breton-Chandeleur Islands/Chandeleur South C/19June12Camera1-Card4-0212.jpg,2915.32,2503.3,2961.32,2549.3,ROYT site
high_resolution_photos/2012/Breton-Chandeleur Islands/Chandeleur South C/19June12Camera1-Card4-0212.jpg,2459.83,2511.83,2505.83,2557.83,ROYT site
high_resolution_photos/2012/Breton-Chandeleur Islands/Chandeleur South C/19June12Camera1-Card4-0212.jpg,2559.56,2524.22,2605.56,2570.22,ROYT site
high_resolution_photos/2012/Barataria Bay/Cat Bay South Island/27May12Camera1-Card2-0406.jpg,997.2,0.0,1044.2,38.4,LAGU site
high_resolution_photos/2012/Barataria Bay/Cat Bay South Island/27May12Camera1-Card2-0406.jpg,1172.8,57.79,1219.8,104.79,LAGU site
high_resolution_photos/2012/Barataria Bay/Cat Bay South Island/27May12Camera1-Card2-0406.jpg,0.0,115.44,34.2,162.44,Bird
high_resolution_photos/2012/Barataria Bay/Cat Bay South Island/27May12Camera1-Card2-0406.jpg,0.0,119.44,26.2,166.44,Bird
high_resolution_photos/2012/Barataria Bay/Cat Bay South Island/27May12Camera1-Card2-0406.jpg,1665.2,117.37,1712.2,164.37,Bird
high_resolution_photos/2012/Barataria Bay/Cat Bay South Island/27May12Camera1-Card2-0406.jpg,1013.2,129.4,1060.2,176.4,LAGU site
high_resolution_photos/2012/Barataria Bay/Cat Bay South Island/27May12Camera1-Card2-0406.jpg,1298.92,163.95,1345.92,210.95,LAGU site
high_resolution_photos/2012/Barataria Bay/Cat Bay South Island/27May12Camera1-Card2-0406.jpg,383.2,207.43,430.2,254.43,LAGU bird
high_resolution_photos/2012/Barataria Bay/Cat Bay South Island/27May12Camera1-Card2-0406.jpg,367.21,223.43,414.21,270.43,LAGU bird
high_resolution_photos/2012/Barataria Bay/Cat Bay South Island/27May12Camera1-Card2-0406.jpg,387.21,223.42,434.21,270.42,LAGU bird
high_resolution_photos/2012/Barataria Bay/Cat Bay South Island/27May12Camera1-Card2-0406.jpg,1297.21,263.38,1344.21,310.38,Bird
high_resolution_photos/2012/Barataria Bay/Cat Bay South Island/27May12Camera1-Card2-0406.jpg,1311.21,263.38,1358.21,310.38,Bird
high_resolution_photos/2012/Barataria Bay/Cat Bay South Island/27May12Camera1-Card2-0406.jpg,39.21,261.44,86.21,308.44,Bird
high_resolution_photos/2012/Barataria Bay/Cat Bay South Island/27May12Camera1-Card2-0406.jpg,1891.21,271.36,1938.21,318.36,Bird
high_resolution_photos/2012/Barataria Bay/Cat Bay South Island/27May12Camera1-Card2-0406.jpg,1889.21,291.36,1936.21,338.36,Bird
high_resolution_photos/2012/Barataria Bay/Cat Bay South Island/27May12Camera1-Card2-0406.jpg,554.71,319.92,601.71,366.92,LAGU site
high_resolution_photos/2012/Barataria Bay/Cat Bay South Island/27May12Camera1-Card2-0406.jpg,1005.21,313.4,1052.21,360.4,LAGU site
high_resolution_photos/2012/Barataria Bay/Cat Bay South Island/27May12Camera1-Card2-0406.jpg,1151.21,325.39,1198.21,372.39,LAGU site
high_resolution_photos/2012/Barataria Bay/Cat Bay South Island/27May12Camera1-Card2-0406.jpg,1159.21,331.39,1206.21,378.39,LAGU site
high_resolution_photos/2012/Barataria Bay/Cat Bay South Island/27May12Camera1-Card2-0406.jpg,1163.21,335.39,1210.21,382.39,LAGU site
high_resolution_photos/2012/Barataria Bay/Cat Bay South Island/27May12Camera1-Card2-0406.jpg,2847.21,371.31,2894.21,418.31,LAGU bird
high_resolution_photos/2012/Barataria Bay/Cat Bay South Island/27May12Camera1-Card2-0406.jpg,2843.21,375.31,2890.21,422.31,LAGU bird
high_resolution_photos/2012/Barataria Bay/Cat Bay South Island/27May12Camera1-Card2-0406.jpg,615.21,399.41,662.21,446.41,Bird
high_resolution_photos/2012/Barataria Bay/Cat Bay South Island/27May12Camera1-Card2-0406.jpg,619.21,403.41,666.21,450.41,Bird
high_resolution_photos/2012/Barataria Bay/Cat Bay South Island/27May12Camera1-Card2-0406.jpg,1123.66,405.17,1170.66,452.17,LAGU site
high_resolution_photos/2012/Barataria Bay/Cat Bay South Island/27May12Camera1-Card2-0406.jpg,959.22,471.4,1006.22,518.4,LAGU site
high_resolution_photos/2012/Barataria Bay/Cat Bay South Island/27May12Camera1-Card2-0406.jpg,1411.22,471.38,1458.22,518.38,Bird
high_resolution_photos/2012/Barataria Bay/Cat Bay South Island/27May12Camera1-Card2-0406.jpg,1415.22,475.38,1462.22,522.38,Bird
high_resolution_photos/2012/Barataria Bay/Cat Bay South Island/27May12Camera1-Card2-0406.jpg,852.22,491.07,899.22,538.07,LAGU site
high_resolution_photos/2012/Barataria Bay/Cat Bay South Island/27May12Camera1-Card2-0406.jpg,2077.22,495.35,2124.22,542.35,LAGU site
high_resolution_photos/2012/Barataria Bay/Cat Bay South Island/27May12Camera1-Card2-0406.jpg,703.72,507.91,750.72,554.91,LAGU site
high_resolution_photos/2012/Barataria Bay/Cat Bay South Island/27May12Camera1-Card2-0406.jpg,1327.22,527.38,1374.22,574.38,Bird
high_resolution_photos/2012/Barataria Bay/Cat Bay South Island/27May12Camera1-Card2-0406.jpg,1291.22,551.38,1338.22,598.38,Bird
high_resolution_photos/2012/Barataria Bay/Cat Bay South Island/27May12Camera1-Card2-0406.jpg,1347.22,557.38,1394.22,604.38,Bird
high_resolution_photos/2012/Barataria Bay/Cat Bay South Island/27May12Camera1-Card2-0406.jpg,802.78,517.63,849.78,564.63,LAGU site
high_resolution_photos/2012/Barataria Bay/Cat Bay South Island/27May12Camera1-Card2-0406.jpg,1061.57,517.04,1108.57,564.04,LAGU site
high_resolution_photos/2012/Barataria Bay/Cat Bay South Island/27May12Camera1-Card2-0406.jpg,1975.22,519.88,2022.22,566.88,Bird
high_resolution_photos/2012/Barataria Bay/Cat Bay South Island/27May12Camera1-Card2-0406.jpg,2154.22,519.68,2201.22,566.68,LAGU site
high_resolution_photos/2012/Barataria Bay/Cat Bay South Island/27May12Camera1-Card2-0406.jpg,1639.95,530.09,1686.95,577.09,Bird
high_resolution_photos/2012/Barataria Bay/Cat Bay South Island/27May12Camera1-Card2-0406.jpg,909.22,535.4,956.22,582.4,LAGU site
high_resolution_photos/2012/Barataria Bay/Cat Bay South Island/27May12Camera1-Card2-0406.jpg,1768.02,533.36,1815.02,580.36,Bird
high_resolution_photos/2012/Barataria Bay/Cat Bay South Island/27May12Camera1-Card2-0406.jpg,3035.22,547.3,3082.22,594.3,Bird
high_resolution_photos/2012/Barataria Bay/Cat Bay South Island/27May12Camera1-Card2-0406.jpg,3009.89,585.97,3056.89,632.97,Bird
high_resolution_photos/2012/Barataria Bay/Cat Bay South Island/27May12Camera1-Card2-0406.jpg,1770.65,551.65,1817.65,598.65,Bird
high_resolution_photos/2012/Barataria Bay/Cat Bay South Island/27May12Camera1-Card2-0406.jpg,1714.36,563.94,1761.36,610.94,Bird
high_resolution_photos/2012/Barataria Bay/Cat Bay South Island/27May12Camera1-Card2-0406.jpg,632.78,570.52,679.78,617.52,LAGU site
high_resolution_photos/2012/Barataria Bay/Cat Bay South Island/27May12Camera1-Card2-0406.jpg,2023.22,571.35,2070.22,618.35,Bird
high_resolution_photos/2012/Barataria Bay/Cat Bay South Island/27May12Camera1-Card2-0406.jpg,2027.22,575.35,2074.22,622.35,Bird
high_resolution_photos/2012/Barataria Bay/Cat Bay South Island/27May12Camera1-Card2-0406.jpg,1539.22,579.37,1586.22,626.37,Bird
high_resolution_photos/2012/Barataria Bay/Cat Bay South Island/27May12Camera1-Card2-0406.jpg,1539.22,591.37,1586.22,638.37,Bird
high_resolution_photos/2012/Barataria Bay/Cat Bay South Island/27May12Camera1-Card2-0406.jpg,1383.22,579.38,1430.22,626.38,Bird
high_resolution_photos/2012/Barataria Bay/Cat Bay South Island/27May12Camera1-Card2-0406.jpg,1385.89,596.71,1432.89,643.71,Bird
high_resolution_photos/2012/Barataria Bay/Cat Bay South Island/27May12Camera1-Card2-0406.jpg,1311.22,611.38,1358.22,658.38,Bird
high_resolution_photos/2012/Barataria Bay/Cat Bay South Island/27May12Camera1-Card2-0406.jpg,1315.22,615.38,1362.22,662.38,Bird
high_resolution_photos/2012/Barataria Bay/Cat Bay South Island/27May12Camera1-Card2-0406.jpg,1319.22,619.38,1366.22,666.38,Bird
high_resolution_photos/2012/Barataria Bay/Cat Bay South Island/27May12Camera1-Card2-0406.jpg,1793.22,592.69,1840.22,639.69,Bird
high_resolution_photos/2012/Barataria Bay/Cat Bay South Island/27May12Camera1-Card2-0406.jpg,1951.22,595.35,1998.22,642.35,Bird
high_resolution_photos/2012/Barataria Bay/Cat Bay South Island/27May12Camera1-Card2-0406.jpg,875.22,595.4,922.22,642.4,LAGU site
high_resolution_photos/2012/Barataria Bay/Cat Bay South Island/27May12Camera1-Card2-0406.jpg,887.22,603.4,934.22,650.4,LAGU site
high_resolution_photos/2012/Barataria Bay/Cat Bay South Island/27May12Camera1-Card2-0406.jpg,1719.22,615.36,1766.22,662.36,Bird
high_resolution_photos/2012/Barataria Bay/Cat Bay South Island/27May12Camera1-Card2-0406.jpg,1723.22,621.36,1770.22,668.36,Bird
high_resolution_photos/2012/Barataria Bay/Cat Bay South Island/27May12Camera1-Card2-0406.jpg,3855.22,599.26,3902.22,646.26,Bird
high_resolution_photos/2012/Barataria Bay/Cat Bay South Island/27May12Camera1-Card2-0406.jpg,3853.23,615.26,3900.23,662.26,Bird
high_resolution_photos/2012/Barataria Bay/Cat Bay South Island/27May12Camera1-Card2-0406.jpg,1840.26,629.28,1887.26,676.28,Bird
high_resolution_photos/2012/Barataria Bay/Cat Bay South Island/27May12Camera1-Card2-0406.jpg,2042.22,618.35,2089.22,665.35,Bird
high_resolution_photos/2012/Barataria Bay/Cat Bay South Island/27May12Camera1-Card2-0406.jpg,1477.11,626.43,1524.11,673.43,Bird
high_resolution_photos/2012/Barataria Bay/Cat Bay South Island/27May12Camera1-Card2-0406.jpg,2079.22,615.35,2126.22,662.35,Bird
high_resolution_photos/2012/Barataria Bay/Cat Bay South Island/27May12Camera1-Card2-0406.jpg,2071.22,623.35,2118.22,670.35,Bird
high_resolution_photos/2012/Barataria Bay/Cat Bay South Island/27May12Camera1-Card2-0406.jpg,1171.23,643.39,1218.23,690.39,Bird
high_resolution_photos/2012/Barataria Bay/Cat Bay South Island/27May12Camera1-Card2-0406.jpg,1615.23,643.37,1662.23,690.37,Bird
high_resolution_photos/2012/Barataria Bay/Cat Bay South Island/27May12Camera1-Card2-0406.jpg,1611.23,647.37,1658.23,694.37,Bird
high_resolution_photos/2012/Barataria Bay/Cat Bay South Island/27May12Camera1-Card2-0406.jpg,1670.59,649.26,1717.59,696.26,Bird
high_resolution_photos/2012/Barataria Bay/Cat Bay South Island/27May12Camera1-Card2-0406.jpg,576.23,652.42,623.23,699.42,LAGU site
high_resolution_photos/2012/Barataria Bay/Cat Bay South Island/27May12Camera1-Card2-0406.jpg,1903.63,658.15,1950.63,705.15,Bird
high_resolution_photos/2012/Barataria Bay/Cat Bay South Island/27May12Camera1-Card2-0406.jpg,1963.44,652.62,2010.44,699.62,Bird
high_resolution_photos/2012/Barataria Bay/Cat Bay South Island/27May12Camera1-Card2-0406.jpg,1720.67,657.76,1767.67,704.76,Bird
high_resolution_photos/2012/Barataria Bay/Cat Bay South Island/27May12Camera1-Card2-0406.jpg,2006.78,672.02,2053.78,719.02,Bird
high_resolution_photos/2012/Barataria Bay/Cat Bay South Island/27May12Camera1-Card2-0406.jpg,1288.49,670.12,1335.49,717.12,Bird
high_resolution_photos/2012/Barataria Bay/Cat Bay South Island/27May12Camera1-Card2-0406.jpg,1858.43,669.36,1905.43,716.36,Bird
high_resolution_photos/2012/Barataria Bay/Cat Bay South Island/27May12Camera1-Card2-0406.jpg,1543.23,679.37,1590.23,726.37,Bird
high_resolution_photos/2012/Barataria Bay/Cat Bay South Island/27May12Camera1-Card2-0406.jpg,1794.73,681.36,1841.73,728.36,Bird
high_resolution_photos/2012/Barataria Bay/Cat Bay South Island/27May12Camera1-Card2-0406.jpg,2131.23,677.34,2178.23,724.34,Bird
high_resolution_photos/2012/Barataria Bay/Cat Bay South Island/27May12Camera1-Card2-0406.jpg,2131.23,691.34,2178.23,738.34,Bird
high_resolution_photos/2012/Barataria Bay/Cat Bay South Island/27May12Camera1-Card2-0406.jpg,1633.83,695.57,1680.83,742.57,Bird
high_resolution_photos/2012/Barataria Bay/Cat Bay South Island/27May12Camera1-Card2-0406.jpg,1857.23,686.56,1904.23,733.56,Bird
high_resolution_photos/2012/Barataria Bay/Cat Bay South Island/27May12Camera1-Card2-0406.jpg,2064.45,693.43,2111.45,740.43,Bird
high_resolution_photos/2012/Barataria Bay/Cat Bay South Island/27May12Camera1-Card2-0406.jpg,1687.8,709.94,1734.8,756.94,Bird
high_resolution_photos/2012/Barataria Bay/Cat Bay South Island/27May12Camera1-Card2-0406.jpg,1242.9,710.39,1289.9,757.39,Bird
high_resolution_photos/2012/Barataria Bay/Cat Bay South Island/27May12Camera1-Card2-0406.jpg,1287.04,721.29,1334.04,768.29,Bird
high_resolution_photos/2012/Barataria Bay/Cat Bay South Island/27May12Camera1-Card2-0406.jpg,1746.73,710.86,1793.73,757.86,Bird
high_resolution_photos/2012/Barataria Bay/Cat Bay South Island/27May12Camera1-Card2-0406.jpg,1408.56,725.51,1455.56,772.51,Bird
high_resolution_photos/2012/Barataria Bay/Cat Bay South Island/27May12Camera1-Card2-0406.jpg,2057.23,730.68,2104.23,777.68,Bird
high_resolution_photos/2012/Barataria Bay/Cat Bay South Island/27May12Camera1-Card2-0406.jpg,619.23,743.41,666.23,790.41,Bird
high_resolution_photos/2012/Barataria Bay/Cat Bay South Island/27May12Camera1-Card2-0406.jpg,615.23,763.41,662.23,810.41,LAGU site
high_resolution_photos/2012/Barataria Bay/Cat Bay South Island/27May12Camera1-Card2-0406.jpg,1995.23,735.35,2042.23,782.35,Bird
high_resolution_photos/2012/Barataria Bay/Cat Bay South Island/27May12Camera1-Card2-0406.jpg,1999.23,739.35,2046.23,786.35,Bird
high_resolution_photos/2012/Barataria Bay/Cat Bay South Island/27May12Camera1-Card2-0406.jpg,451.23,751.42,498.23,798.42,Bird
high_resolution_photos/2012/Barataria Bay/Cat Bay South Island/27May12Camera1-Card2-0406.jpg,1334.43,744.58,1381.43,791.58,Bird
high_resolution_photos/2012/Barataria Bay/Cat Bay South Island/27May12Camera1-Card2-0406.jpg,1530.43,746.17,1577.43,793.17,Bird
high_resolution_photos/2012/Barataria Bay/Cat Bay South Island/27May12Camera1-Card2-0406.jpg,1232.88,751.15,1279.88,798.15,Bird
high_resolution_photos/2012/Barataria Bay/Cat Bay South Island/27May12Camera1-Card2-0406.jpg,1711.01,760.48,1758.01,807.48,Bird
high_resolution_photos/2012/Barataria Bay/Cat Bay South Island/27May12Camera1-Card2-0406.jpg,1831.73,758.36,1878.73,805.36,Bird
high_resolution_photos/2012/Barataria Bay/Cat Bay South Island/27May12Camera1-Card2-0406.jpg,1907.23,757.35,1954.23,804.35,Bird
high_resolution_photos/2012/Barataria Bay/Cat Bay South Island/27May12Camera1-Card2-0406.jpg,2105.23,773.35,2152.23,820.35,Bird
high_resolution_photos/2012/Barataria Bay/Cat Bay South Island/27May12Camera1-Card2-0406.jpg,2087.23,775.35,2134.23,822.35,Bird
high_resolution_photos/2012/Barataria Bay/Cat Bay South Island/27May12Camera1-Card2-0406.jpg,2123.23,775.34,2170.23,822.34,Bird
high_resolution_photos/2012/Barataria Bay/Cat Bay South Island/27May12Camera1-Card2-0406.jpg,2103.23,791.35,2150.23,838.35,Bird
high_resolution_photos/2012/Barataria Bay/Cat Bay South Island/27May12Camera1-Card2-0406.jpg,1640.48,767.62,1687.48,814.62,Bird
high_resolution_photos/2012/Barataria Bay/Cat Bay South Island/27May12Camera1-Card2-0406.jpg,2014.43,769.35,2061.43,816.35,Bird
high_resolution_photos/2012/Barataria Bay/Cat Bay South Island/27May12Camera1-Card2-0406.jpg,1433.23,780.52,1480.23,827.52,Bird
high_resolution_photos/2012/Barataria Bay/Cat Bay South Island/27May12Camera1-Card2-0406.jpg,1299.02,804.65,1346.02,851.65,Bird
high_resolution_photos/2012/Barataria Bay/Cat Bay South Island/27May12Camera1-Card2-0406.jpg,1342.39,814.54,1389.39,861.54,Bird
high_resolution_photos/2012/Barataria Bay/Cat Bay South Island/27May12Camera1-Card2-0406.jpg,1488.03,805.37,1535.03,852.37,Bird
high_resolution_photos/2012/Barataria Bay/Cat Bay South Island/27May12Camera1-Card2-0406.jpg,2051.23,807.35,2098.23,854.35,Bird
high_resolution_photos/2012/Barataria Bay/Cat Bay South Island/27May12Camera1-Card2-0406.jpg,1807.9,824.03,1854.9,871.03,Bird
high_resolution_photos/2012/Barataria Bay/Cat Bay South Island/27May12Camera1-Card2-0406.jpg,471.23,837.42,518.23,884.42,LAGU bird
high_resolution_photos/2012/Barataria Bay/Cat Bay South Island/27May12Camera1-Card2-0406.jpg,479.23,843.42,526.23,890.42,LAGU bird
high_resolution_photos/2012/Barataria Bay/Cat Bay South Island/27May12Camera1-Card2-0406.jpg,501.24,859.42,548.24,906.42,LAGU bird
high_resolution_photos/2012/Barataria Bay/Cat Bay South Island/27May12Camera1-Card2-0406.jpg,1489.23,822.57,1536.23,869.57,Bird
high_resolution_photos/2012/Barataria Bay/Cat Bay South Island/27May12Camera1-Card2-0406.jpg,1554.17,827.64,1601.17,874.64,Bird
high_resolution_photos/2012/Barataria Bay/Cat Bay South Island/27May12Camera1-Card2-0406.jpg,1625.23,821.37,1672.23,868.37,Bird
high_resolution_photos/2012/Barataria Bay/Cat Bay South Island/27May12Camera1-Card2-0406.jpg,1739.08,825.52,1786.08,872.52,Bird
high_resolution_photos/2012/Barataria Bay/Cat Bay South Island/27May12Camera1-Card2-0406.jpg,1856.48,823.61,1903.48,870.61,Bird
high_resolution_photos/2012/Barataria Bay/Cat Bay South Island/27May12Camera1-Card2-0406.jpg,2391.03,826.33,2438.03,873.33,LAGU site
high_resolution_photos/2012/Barataria Bay/Cat Bay South Island/27May12Camera1-Card2-0406.jpg,827.23,847.4,874.23,894.4,LAGU site
high_resolution_photos/2012/Barataria Bay/Cat Bay South Island/27May12Camera1-Card2-0406.jpg,823.24,853.4,870.24,900.4,LAGU site
high_resolution_photos/2012/Barataria Bay/Cat Bay South Island/27May12Camera1-Card2-0406.jpg,827.24,859.4,874.24,906.4,LAGU site
high_resolution_photos/2012/Barataria Bay/Cat Bay South Island/27May12Camera1-Card2-0406.jpg,1627.23,841.37,1674.23,888.37,Bird
high_resolution_photos/2012/Barataria Bay/Cat Bay South Island/27May12Camera1-Card2-0406.jpg,1913.23,841.35,1960.23,888.35,Bird
high_resolution_photos/2012/Barataria Bay/Cat Bay South Island/27May12Camera1-Card2-0406.jpg,1984.03,842.15,2031.03,889.15,Bird
high_resolution_photos/2012/Barataria Bay/Cat Bay South Island/27May12Camera1-Card2-0406.jpg,2096.04,844.15,2143.04,891.15,Bird
high_resolution_photos/2012/Barataria Bay/Cat Bay South Island/27May12Camera1-Card2-0406.jpg,1401.24,854.18,1448.24,901.18,Bird
high_resolution_photos/2012/Barataria Bay/Cat Bay South Island/27May12Camera1-Card2-0406.jpg,1672.76,856.13,1719.76,903.13,Bird
high_resolution_photos/2012/Barataria Bay/Cat Bay South Island/27May12Camera1-Card2-0406.jpg,1457.24,857.38,1504.24,904.38,Bird
high_resolution_photos/2012/Barataria Bay/Cat Bay South Island/27May12Camera1-Card2-0406.jpg,1510.57,853.37,1557.57,900.37,Bird
high_resolution_photos/2012/Barataria Bay/Cat Bay South Island/27May12Camera1-Card2-0406.jpg,2059.24,867.35,2106.24,914.35,Bird
high_resolution_photos/2012/Barataria Bay/Cat Bay South Island/27May12Camera1-Card2-0406.jpg,1787.94,864.77,1834.94,911.77,Bird
high_resolution_photos/2012/Barataria Bay/Cat Bay South Island/27May12Camera1-Card2-0406.jpg,1983.74,858.85,2030.74,905.85,Bird
high_resolution_photos/2012/Barataria Bay/Cat Bay South Island/27May12Camera1-Card2-0406.jpg,1729.24,877.36,1776.24,924.36,Bird
high_resolution_photos/2012/Barataria Bay/Cat Bay South Island/27May12Camera1-Card2-0406.jpg,1842.44,877.36,1889.44,924.36,Bird
high_resolution_photos/2012/Barataria Bay/Cat Bay South Island/27May12Camera1-Card2-0406.jpg,1967.24,895.35,2014.24,942.35,Bird
high_resolution_photos/2012/Barataria Bay/Cat Bay South Island/27May12Camera1-Card2-0406.jpg,1975.24,901.35,2022.24,948.35,Bird
high_resolution_photos/2012/Barataria Bay/Cat Bay South Island/27May12Camera1-Card2-0406.jpg,1489.24,902.97,1536.24,949.97,Bird
high_resolution_photos/2012/Barataria Bay/Cat Bay South Island/27May12Camera1-Card2-0406.jpg,1409.32,909.99,1456.32,956.99,Bird
high_resolution_photos/2012/Barataria Bay/Cat Bay South Island/27May12Camera1-Card2-0406.jpg,1889.24,902.78,1936.24,949.78,Bird
high_resolution_photos/2012/Barataria Bay/Cat Bay South Island/27May12Camera1-Card2-0406.jpg,1675.74,914.12,1722.74,961.12,Bird
high_resolution_photos/2012/Barataria Bay/Cat Bay South Island/27May12Camera1-Card2-0406.jpg,1785.24,917.36,1832.24,964.36,Bird
high_resolution_photos/2012/Barataria Bay/Cat Bay South Island/27May12Camera1-Card2-0406.jpg,1327.24,943.38,1374.24,990.38,Bird
high_resolution_photos/2012/Barataria Bay/Cat Bay South Island/27May12Camera1-Card2-0406.jpg,1347.24,943.38,1394.24,990.38,Bird
high_resolution_photos/2012/Barataria Bay/Cat Bay South Island/27May12Camera1-Card2-0406.jpg,1449.24,941.38,1496.24,988.38,Bird
high_resolution_photos/2012/Barataria Bay/Cat Bay South Island/27May12Camera1-Card2-0406.jpg,1536.88,943.01,1583.88,990.01,Bird
high_resolution_photos/2012/Barataria Bay/Cat Bay South Island/27May12Camera1-Card2-0406.jpg,1711.47,937.48,1758.47,984.48,Bird
high_resolution_photos/2012/Barataria Bay/Cat Bay South Island/27May12Camera1-Card2-0406.jpg,1783.24,934.75,1830.24,981.75,Bird
high_resolution_photos/2012/Barataria Bay/Cat Bay South Island/27May12Camera1-Card2-0406.jpg,1833.24,934.79,1880.24,981.79,Bird
high_resolution_photos/2012/Barataria Bay/Cat Bay South Island/27May12Camera1-Card2-0406.jpg,1655.24,951.37,1702.24,998.37,Bird
high_resolution_photos/2012/Barataria Bay/Cat Bay South Island/27May12Camera1-Card2-0406.jpg,1655.24,965.37,1702.24,1012.37,Bird
high_resolution_photos/2012/Barataria Bay/Cat Bay South Island/27May12Camera1-Card2-0406.jpg,1368.04,969.91,1415.04,1016.91,Bird
high_resolution_photos/2012/Barataria Bay/Cat Bay South Island/27May12Camera1-Card2-0406.jpg,1595.06,968.46,1642.06,1015.46,Bird
high_resolution_photos/2012/Barataria Bay/Cat Bay South Island/27May12Camera1-Card2-0406.jpg,1898.74,966.86,1945.74,1013.86,Bird
high_resolution_photos/2012/Barataria Bay/Cat Bay South Island/27May12Camera1-Card2-0406.jpg,912.76,977.88,959.76,1024.88,LAGU site
high_resolution_photos/2012/Barataria Bay/Cat Bay South Island/27May12Camera1-Card2-0406.jpg,1779.91,978.03,1826.91,1025.03,Bird
high_resolution_photos/2012/Barataria Bay/Cat Bay South Island/27May12Camera1-Card2-0406.jpg,1953.24,971.35,2000.24,1018.35,Bird
high_resolution_photos/2012/Barataria Bay/Cat Bay South Island/27May12Camera1-Card2-0406.jpg,2067.05,978.2,2114.05,1025.2,Bird
high_resolution_photos/2012/Barataria Bay/Cat Bay South Island/27May12Camera1-Card2-0406.jpg,1135.24,991.39,1182.24,1038.39,LAGU bird
high_resolution_photos/2012/Barataria Bay/Cat Bay South Island/27May12Camera1-Card2-0406.jpg,1147.24,991.39,1194.24,1038.39,LAGU bird
high_resolution_photos/2012/Barataria Bay/Cat Bay South Island/27May12Camera1-Card2-0406.jpg,1713.7,985.21,1760.7,1032.21,Bird
high_resolution_photos/2012/Barataria Bay/Cat Bay South Island/27May12Camera1-Card2-0406.jpg,1898.74,982.86,1945.74,1029.86,Bird
high_resolution_photos/2012/Barataria Bay/Cat Bay South Island/27May12Camera1-Card2-0406.jpg,1495.99,991.62,1542.99,1038.62,Bird
high_resolution_photos/2012/Barataria Bay/Cat Bay South Island/27May12Camera1-Card2-0406.jpg,517.24,1007.42,564.24,1054.42,LAGU bird
high_resolution_photos/2012/Barataria Bay/Cat Bay South Island/27May12Camera1-Card2-0406.jpg,531.24,1007.42,578.24,1054.42,LAGU site
high_resolution_photos/2012/Barataria Bay/Cat Bay South Island/27May12Camera1-Card2-0406.jpg,495.24,1011.42,542.24,1058.42,LAGU bird
high_resolution_photos/2012/Barataria Bay/Cat Bay South Island/27May12Camera1-Card2-0406.jpg,491.24,1015.42,538.24,1062.42,LAGU bird
high_resolution_photos/2012/Barataria Bay/Cat Bay South Island/27May12Camera1-Card2-0406.jpg,1562.88,1004.83,1609.88,1051.83,Bird
high_resolution_photos/2012/Barataria Bay/Cat Bay South Island/27May12Camera1-Card2-0406.jpg,1824.7,1011.36,1871.7,1058.36,Bird
high_resolution_photos/2012/Barataria Bay/Cat Bay South Island/27May12Camera1-Card2-0406.jpg,423.24,1011.42,470.24,1058.42,Bird
high_resolution_photos/2012/Barataria Bay/Cat Bay South Island/27May12Camera1-Card2-0406.jpg,423.24,1027.42,470.24,1074.42,Bird
high_resolution_photos/2012/Barataria Bay/Cat Bay South Island/27May12Camera1-Card2-0406.jpg,1099.24,1011.39,1146.24,1058.39,LAGU site
high_resolution_photos/2012/Barataria Bay/Cat Bay South Island/27May12Camera1-Card2-0406.jpg,1616.64,1015.17,1663.64,1062.17,Bird
high_resolution_photos/2012/Barataria Bay/Cat Bay South Island/27May12Camera1-Card2-0406.jpg,2034.35,1018.68,2081.35,1065.68,Bird
high_resolution_photos/2012/Barataria Bay/Cat Bay South Island/27May12Camera1-Card2-0406.jpg,1790.8,1030.25,1837.8,1077.25,Bird
high_resolution_photos/2012/Barataria Bay/Cat Bay South Island/27May12Camera1-Card2-0406.jpg,2097.7,1021.81,2144.7,1068.81,Bird
high_resolution_photos/2012/Barataria Bay/Cat Bay South Island/27May12Camera1-Card2-0406.jpg,1000.35,1032.06,1047.35,1079.06,LAGU site
high_resolution_photos/2012/Barataria Bay/Cat Bay South Island/27May12Camera1-Card2-0406.jpg,1674.07,1036.78,1721.07,1083.78,Bird
high_resolution_photos/2012/Barataria Bay/Cat Bay South Island/27May12Camera1-Card2-0406.jpg,1928.58,1042.78,1975.58,1089.78,Bird
high_resolution_photos/2012/Barataria Bay/Cat Bay South Island/27May12Camera1-Card2-0406.jpg,1737.73,1053.29,1784.73,1100.29,Bird
high_resolution_photos/2012/Barataria Bay/Cat Bay South Island/27May12Camera1-Card2-0406.jpg,731.69,1049.19,778.69,1096.19,LAGU site
high_resolution_photos/2012/Barataria Bay/Cat Bay South Island/27May12Camera1-Card2-0406.jpg,1424.42,1048.79,1471.42,1095.79,Bird
high_resolution_photos/2012/Barataria Bay/Cat Bay South Island/27May12Camera1-Card2-0406.jpg,1542.88,1049.92,1589.88,1096.92,Bird
high_resolution_photos/2012/Barataria Bay/Cat Bay South Island/27May12Camera1-Card2-0406.jpg,1883.91,1045.36,1930.91,1092.36,Bird
high_resolution_photos/2012/Barataria Bay/Cat Bay South Island/27May12Camera1-Card2-0406.jpg,1148.44,1059.39,1195.44,1106.39,LAGU site
high_resolution_photos/2012/Barataria Bay/Cat Bay South Island/27May12Camera1-Card2-0406.jpg,1594.38,1064.07,1641.38,1111.07,Bird
high_resolution_photos/2012/Barataria Bay/Cat Bay South Island/27May12Camera1-Card2-0406.jpg,1839.24,1059.36,1886.24,1106.36,Bird
high_resolution_photos/2012/Barataria Bay/Cat Bay South Island/27May12Camera1-Card2-0406.jpg,1827.25,1075.36,1874.25,1122.36,Bird
high_resolution_photos/2012/Barataria Bay/Cat Bay South Island/27May12Camera1-Card2-0406.jpg,1881.25,1064.02,1928.25,1111.02,Bird
high_resolution_photos/2012/Barataria Bay/Cat Bay South Island/27May12Camera1-Card2-0406.jpg,1687.61,1069.91,1734.61,1116.91,Bird
high_resolution_photos/2012/Barataria Bay/Cat Bay South Island/27May12Camera1-Card2-0406.jpg,1982.58,1074.68,2029.58,1121.68,Bird
high_resolution_photos/2012/Barataria Bay/Cat Bay South Island/27May12Camera1-Card2-0406.jpg,1776.25,1087.96,1823.25,1134.96,Bird
high_resolution_photos/2012/Barataria Bay/Cat Bay South Island/27May12Camera1-Card2-0406.jpg,4387.25,1103.24,4434.25,1150.24,Bird
high_resolution_photos/2012/Barataria Bay/Cat Bay South Island/27May12Camera1-Card2-0406.jpg,4435.25,1111.24,4482.25,1158.24,Bird
high_resolution_photos/2012/Barataria Bay/Cat Bay South Island/27May12Camera1-Card2-0406.jpg,4387.25,1119.24,4434.25,1166.24,Bird
high_resolution_photos/2012/Barataria Bay/Cat Bay South Island/27May12Camera1-Card2-0406.jpg,1492.96,1101.37,1539.96,1148.37,Bird
high_resolution_photos/2012/Barataria Bay/Cat Bay South Island/27May12Camera1-Card2-0406.jpg,1650.16,1097.73,1697.16,1144.73,Bird
high_resolution_photos/2012/Barataria Bay/Cat Bay South Island/27May12Camera1-Card2-0406.jpg,1987.0,1110.1,2034.0,1157.1,Bird
high_resolution_photos/2012/Barataria Bay/Cat Bay South Island/27May12Camera1-Card2-0406.jpg,1929.25,1107.93,1976.25,1154.93,Bird
high_resolution_photos/2012/Barataria Bay/Cat Bay South Island/27May12Camera1-Card2-0406.jpg,2099.25,1123.35,2146.25,1170.35,Bird
high_resolution_photos/2012/Barataria Bay/Cat Bay South Island/27May12Camera1-Card2-0406.jpg,2127.25,1151.34,2174.25,1198.34,Bird
high_resolution_photos/2012/Barataria Bay/Cat Bay South Island/27May12Camera1-Card2-0406.jpg,1557.75,1126.37,1604.75,1173.37,Bird
high_resolution_photos/2012/Barataria Bay/Cat Bay South Island/27May12Camera1-Card2-0406.jpg,1463.53,1131.95,1510.53,1178.95,Bird
high_resolution_photos/2012/Barataria Bay/Cat Bay South Island/27May12Camera1-Card2-0406.jpg,1681.25,1125.37,1728.25,1172.37,Bird
high_resolution_photos/2012/Barataria Bay/Cat Bay South Island/27May12Camera1-Card2-0406.jpg,1873.6,1129.47,1920.6,1176.47,Bird
high_resolution_photos/2012/Barataria Bay/Cat Bay South Island/27May12Camera1-Card2-0406.jpg,1956.11,1133.07,2003.11,1180.07,Bird
high_resolution_photos/2012/Barataria Bay/Cat Bay South Island/27May12Camera1-Card2-0406.jpg,4569.25,1125.23,4616.25,1172.23,Bird
high_resolution_photos/2012/Barataria Bay/Cat Bay South Island/27May12Camera1-Card2-0406.jpg,1608.9,1137.96,1655.9,1184.96,Bird
high_resolution_photos/2012/Barataria Bay/Cat Bay South Island/27May12Camera1-Card2-0406.jpg,1823.25,1147.36,1870.25,1194.36,Bird
high_resolution_photos/2012/Barataria Bay/Cat Bay South Island/27May12Camera1-Card2-0406.jpg,2047.25,1143.22,2094.25,1190.22,Bird
high_resolution_photos/2012/Barataria Bay/Cat Bay South Island/27May12Camera1-Card2-0406.jpg,1720.58,1176.7,1767.58,1223.7,Bird
high_resolution_photos/2012/Barataria Bay/Cat Bay South Island/27May12Camera1-Card2-0406.jpg,1953.25,1150.55,2000.25,1197.55,Bird
high_resolution_photos/2012/Barataria Bay/Cat Bay South Island/27May12Camera1-Card2-0406.jpg,2001.25,1157.35,2048.25,1204.35,Bird
high_resolution_photos/2012/Barataria Bay/Cat Bay South Island/27May12Camera1-Card2-0406.jpg,1776.68,1176.22,1823.68,1223.22,Bird
high_resolution_photos/2012/Barataria Bay/Cat Bay South Island/27May12Camera1-Card2-0406.jpg,1959.02,1184.53,2006.02,1231.53,Bird
high_resolution_photos/2012/Barataria Bay/Cat Bay South Island/27May12Camera1-Card2-0406.jpg,1922.75,1190.85,1969.75,1237.85,Bird
high_resolution_photos/2012/Barataria Bay/Cat Bay South Island/27May12Camera1-Card2-0406.jpg,2062.05,1188.15,2109.05,1235.15,Bird
high_resolution_photos/2012/Barataria Bay/Cat Bay South Island/27May12Camera1-Card2-0406.jpg,1559.75,1202.87,1606.75,1249.87,Bird
high_resolution_photos/2012/Barataria Bay/Cat Bay South Island/27May12Camera1-Card2-0406.jpg,1831.65,1211.76,1878.65,1258.76,Bird
high_resolution_photos/2012/Barataria Bay/Cat Bay South Island/27May12Camera1-Card2-0406.jpg,475.25,1235.42,522.25,1282.42,LAGU bird
high_resolution_photos/2012/Barataria Bay/Cat Bay South Island/27May12Camera1-Card2-0406.jpg,471.25,1253.42,518.25,1300.42,LAGU bird
high_resolution_photos/2012/Barataria Bay/Cat Bay South Island/27May12Camera1-Card2-0406.jpg,857.25,1219.4,904.25,1266.4,LAGU site
high_resolution_photos/2012/Barataria Bay/Cat Bay South Island/27May12Camera1-Card2-0406.jpg,1759.25,1229.36,1806.25,1276.36,Bird
high_resolution_photos/2012/Barataria Bay/Cat Bay South Island/27May12Camera1-Card2-0406.jpg,2009.25,1219.35,2056.25,1266.35,Bird
high_resolution_photos/2012/Barataria Bay/Cat Bay South Island/27May12Camera1-Card2-0406.jpg,1593.25,1235.81,1640.25,1282.81,Bird
high_resolution_photos/2012/Barataria Bay/Cat Bay South Island/27May12Camera1-Card2-0406.jpg,1879.25,1243.36,1926.25,1290.36,Bird
high_resolution_photos/2012/Barataria Bay/Cat Bay South Island/27May12Camera1-Card2-0406.jpg,1883.25,1247.36,1930.25,1294.36,Bird
high_resolution_photos/2012/Barataria Bay/Cat Bay South Island/27May12Camera1-Card2-0406.jpg,2009.25,1235.35,2056.25,1282.35,Bird
high_resolution_photos/2012/Barataria Bay/Cat Bay South Island/27May12Camera1-Card2-0406.jpg,1128.45,1248.19,1175.45,1295.19,LAGU site
high_resolution_photos/2012/Barataria Bay/Cat Bay South Island/27May12Camera1-Card2-0406.jpg,1514.37,1266.19,1561.37,1313.19,Bird
high_resolution_photos/2012/Barataria Bay/Cat Bay South Island/27May12Camera1-Card2-0406.jpg,1696.49,1264.13,1743.49,1311.13,Bird
high_resolution_photos/2012/Barataria Bay/Cat Bay South Island/27May12Camera1-Card2-0406.jpg,1807.25,1259.36,1854.25,1306.36,Bird
high_resolution_photos/2012/Barataria Bay/Cat Bay South Island/27May12Camera1-Card2-0406.jpg,1953.25,1259.92,2000.25,1306.92,Bird
high_resolution_photos/2012/Barataria Bay/Cat Bay South Island/27May12Camera1-Card2-0406.jpg,2025.92,1264.87,2072.92,1311.87,Bird
high_resolution_photos/2012/Barataria Bay/Cat Bay South Island/27May12Camera1-Card2-0406.jpg,2061.78,1262.3,2108.78,1309.3,Bird
high_resolution_photos/2012/Barataria Bay/Cat Bay South Island/27May12Camera1-Card2-0406.jpg,339.25,1259.43,386.25,1306.43,Bird
high_resolution_photos/2012/Barataria Bay/Cat Bay South Island/27May12Camera1-Card2-0406.jpg,337.25,1279.43,384.25,1326.43,Bird
high_resolution_photos/2012/Barataria Bay/Cat Bay South Island/27May12Camera1-Card2-0406.jpg,1921.26,1286.91,1968.26,1333.91,Bird
high_resolution_photos/2012/Barataria Bay/Cat Bay South Island/27May12Camera1-Card2-0406.jpg,1632.71,1302.82,1679.71,1349.82,Bird
high_resolution_photos/2012/Barataria Bay/Cat Bay South Island/27May12Camera1-Card2-0406.jpg,1743.61,1305.83,1790.61,1352.83,Bird
high_resolution_photos/2012/Barataria Bay/Cat Bay South Island/27May12Camera1-Card2-0406.jpg,2081.26,1298.62,2128.26,1345.62,Bird
high_resolution_photos/2012/Barataria Bay/Cat Bay South Island/27May12Camera1-Card2-0406.jpg,755.26,1299.41,802.26,1346.41,LAGU site
high_resolution_photos/2012/Barataria Bay/Cat Bay South Island/27May12Camera1-Card2-0406.jpg,1979.26,1307.35,2026.26,1354.35,Bird
high_resolution_photos/2012/Barataria Bay/Cat Bay South Island/27May12Camera1-Card2-0406.jpg,1850.17,1312.27,1897.17,1359.27,Bird
high_resolution_photos/2012/Barataria Bay/Cat Bay South Island/27May12Camera1-Card2-0406.jpg,1688.8,1317.83,1735.8,1364.83,Bird
high_resolution_photos/2012/Barataria Bay/Cat Bay South Island/27May12Camera1-Card2-0406.jpg,2027.96,1327.58,2074.96,1374.58,Bird
high_resolution_photos/2012/Barataria Bay/Cat Bay South Island/27May12Camera1-Card2-0406.jpg,471.26,1347.42,518.26,1394.42,LAGU bird
high_resolution_photos/2012/Barataria Bay/Cat Bay South Island/27May12Camera1-Card2-0406.jpg,467.26,1361.42,514.26,1408.42,LAGU bird
high_resolution_photos/2012/Barataria Bay/Cat Bay South Island/27May12Camera1-Card2-0406.jpg,1503.26,1331.37,1550.26,1378.37,Bird
high_resolution_photos/2012/Barataria Bay/Cat Bay South Island/27May12Camera1-Card2-0406.jpg,1503.26,1351.37,1550.26,1398.37,Bird
high_resolution_photos/2012/Barataria Bay/Cat Bay South Island/27May12Camera1-Card2-0406.jpg,1523.26,1351.37,1570.26,1398.37,Bird
high_resolution_photos/2012/Barataria Bay/Cat Bay South Island/27May12Camera1-Card2-0406.jpg,1507.26,1367.37,1554.26,1414.37,Bird
high_resolution_photos/2012/Barataria Bay/Cat Bay South Island/27May12Camera1-Card2-0406.jpg,1568.06,1334.17,1615.06,1381.17,Bird
high_resolution_photos/2012/Barataria Bay/Cat Bay South Island/27May12Camera1-Card2-0406.jpg,1792.06,1341.36,1839.06,1388.36,Bird
high_resolution_photos/2012/Barataria Bay/Cat Bay South Island/27May12Camera1-Card2-0406.jpg,1794.93,1358.36,1841.93,1405.36,Bird
high_resolution_photos/2012/Barataria Bay/Cat Bay South Island/27May12Camera1-Card2-0406.jpg,1939.26,1357.35,1986.26,1404.35,Bird
high_resolution_photos/2012/Barataria Bay/Cat Bay South Island/27May12Camera1-Card2-0406.jpg,1931.26,1363.35,1978.26,1410.35,Bird
high_resolution_photos/2012/Barataria Bay/Cat Bay South Island/27May12Camera1-Card2-0406.jpg,1734.98,1373.43,1781.98,1420.43,Bird
high_resolution_photos/2012/Barataria Bay/Cat Bay South Island/27May12Camera1-Card2-0406.jpg,1615.26,1377.96,1662.26,1424.96,Bird
high_resolution_photos/2012/Barataria Bay/Cat Bay South Island/27May12Camera1-Card2-0406.jpg,1991.26,1391.35,2038.26,1438.35,Bird
high_resolution_photos/2012/Barataria Bay/Cat Bay South Island/27May12Camera1-Card2-0406.jpg,1825.55,1404.12,1872.55,1451.12,Bird
high_resolution_photos/2012/Barataria Bay/Cat Bay South Island/27May12Camera1-Card2-0406.jpg,1426.46,1410.18,1473.46,1457.18,Bird
high_resolution_photos/2012/Barataria Bay/Cat Bay South Island/27May12Camera1-Card2-0406.jpg,1568.95,1416.0,1615.95,1463.0,Bird
high_resolution_photos/2012/Barataria Bay/Cat Bay South Island/27May12Camera1-Card2-0406.jpg,3083.26,1403.3,3130.26,1450.3,LAGU site
high_resolution_photos/2012/Barataria Bay/Cat Bay South Island/27May12Camera1-Card2-0406.jpg,1962.76,1411.85,2009.76,1458.85,Bird
high_resolution_photos/2012/Barataria Bay/Cat Bay South Island/27May12Camera1-Card2-0406.jpg,1961.26,1427.35,2008.26,1474.35,Bird
high_resolution_photos/2012/Barataria Bay/Cat Bay South Island/27May12Camera1-Card2-0406.jpg,1494.73,1439.64,1541.73,1486.64,Bird
high_resolution_photos/2012/Barataria Bay/Cat Bay South Island/27May12Camera1-Card2-0406.jpg,1769.16,1438.1,1816.16,1485.1,Bird
high_resolution_photos/2012/Barataria Bay/Cat Bay South Island/27May12Camera1-Card2-0406.jpg,155.26,1479.44,202.26,1526.44,Bird
high_resolution_photos/2012/Barataria Bay/Cat Bay South Island/27May12Camera1-Card2-0406.jpg,1423.26,1479.38,1470.26,1526.38,Bird
high_resolution_photos/2012/Barataria Bay/Cat Bay South Island/27May12Camera1-Card2-0406.jpg,1439.26,1479.38,1486.26,1526.38,Bird
high_resolution_photos/2012/Barataria Bay/Cat Bay South Island/27May12Camera1-Card2-0406.jpg,1443.26,1495.38,1490.26,1542.38,Bird
high_resolution_photos/2012/Barataria Bay/Cat Bay South Island/27May12Camera1-Card2-0406.jpg,804.6,1477.54,851.6,1524.54,LAGU site
high_resolution_photos/2012/Barataria Bay/Cat Bay South Island/27May12Camera1-Card2-0406.jpg,1826.82,1482.69,1873.82,1529.69,Bird
high_resolution_photos/2012/Barataria Bay/Cat Bay South Island/27May12Camera1-Card2-0406.jpg,1695.26,1479.36,1742.26,1526.36,Bird
high_resolution_photos/2012/Barataria Bay/Cat Bay South Island/27May12Camera1-Card2-0406.jpg,1691.26,1483.37,1738.26,1530.37,Bird
high_resolution_photos/2012/Barataria Bay/Cat Bay South Island/27May12Camera1-Card2-0406.jpg,1687.26,1487.37,1734.26,1534.37,Bird
high_resolution_photos/2012/Barataria Bay/Cat Bay South Island/27May12Camera1-Card2-0406.jpg,3039.27,1507.3,3086.27,1554.3,Bird
high_resolution_photos/2012/Barataria Bay/Cat Bay South Island/27May12Camera1-Card2-0406.jpg,1889.27,1508.16,1936.27,1555.16,Bird
high_resolution_photos/2012/Barataria Bay/Cat Bay South Island/27May12Camera1-Card2-0406.jpg,1503.27,1531.37,1550.27,1578.37,Bird
high_resolution_photos/2012/Barataria Bay/Cat Bay South Island/27May12Camera1-Card2-0406.jpg,2379.27,1529.33,2426.27,1576.33,Bird
high_resolution_photos/2012/Barataria Bay/Cat Bay South Island/27May12Camera1-Card2-0406.jpg,2391.27,1527.33,2438.27,1574.33,Bird
high_resolution_photos/2012/Barataria Bay/Cat Bay South Island/27May12Camera1-Card2-0406.jpg,1752.54,1541.54,1799.54,1588.54,Bird
high_resolution_photos/2012/Barataria Bay/Cat Bay South Island/27May12Camera1-Card2-0406.jpg,1606.47,1561.37,1653.47,1608.37,LAGU site
high_resolution_photos/2012/Barataria Bay/Cat Bay South Island/27May12Camera1-Card2-0406.jpg,1809.27,1571.93,1856.27,1618.93,Bird
high_resolution_photos/2012/Barataria Bay/Cat Bay South Island/27May12Camera1-Card2-0406.jpg,47.27,1605.44,94.27,1652.44,Bird
high_resolution_photos/2012/Barataria Bay/Cat Bay South Island/27May12Camera1-Card2-0406.jpg,1331.27,1633.38,1378.27,1680.38,LAGU site
high_resolution_photos/2012/Barataria Bay/Cat Bay South Island/27May12Camera1-Card2-0406.jpg,2449.27,1663.33,2496.27,1710.33,LAGU site
high_resolution_photos/2012/Barataria Bay/Cat Bay South Island/27May12Camera1-Card2-0406.jpg,559.27,1695.42,606.27,1742.42,Bird
high_resolution_photos/2012/Barataria Bay/Cat Bay South Island/27May12Camera1-Card2-0406.jpg,1377.27,1685.38,1424.27,1732.38,LAGU site
high_resolution_photos/2012/Barataria Bay/Cat Bay South Island/27May12Camera1-Card2-0406.jpg,3751.28,1719.27,3798.28,1766.27,LAGU site
high_resolution_photos/2012/Barataria Bay/Cat Bay South Island/27May12Camera1-Card2-0406.jpg,2279.28,1715.34,2326.28,1762.34,LAGU bird
high_resolution_photos/2012/Barataria Bay/Cat Bay South Island/27May12Camera1-Card2-0406.jpg,2275.28,1719.34,2322.28,1766.34,LAGU bird
high_resolution_photos/2012/Barataria Bay/Cat Bay South Island/27May12Camera1-Card2-0406.jpg,1367.72,1809.16,1414.72,1856.16,LAGU site
high_resolution_photos/2012/Barataria Bay/Cat Bay South Island/27May12Camera1-Card2-0406.jpg,3903.28,1867.26,3950.28,1914.26,Bird
high_resolution_photos/2012/Barataria Bay/Cat Bay South Island/27May12Camera1-Card2-0406.jpg,1453.28,1887.38,1500.28,1934.38,LAGU bird
high_resolution_photos/2012/Barataria Bay/Cat Bay South Island/27May12Camera1-Card2-0406.jpg,1435.28,1891.38,1482.28,1938.38,LAGU bird
high_resolution_photos/2012/Barataria Bay/Cat Bay South Island/27May12Camera1-Card2-0406.jpg,1435.28,1907.38,1482.28,1954.38,LAGU bird
high_resolution_photos/2012/Barataria Bay/Cat Bay South Island/27May12Camera1-Card2-0406.jpg,1427.28,1927.38,1474.28,1974.38,LAGU bird
high_resolution_photos/2012/Barataria Bay/Cat Bay South Island/27May12Camera1-Card2-0406.jpg,2717.28,1911.32,2764.28,1958.32,Bird
high_resolution_photos/2012/Barataria Bay/Cat Bay South Island/27May12Camera1-Card2-0406.jpg,2717.29,1927.32,2764.29,1974.32,LAGU site
high_resolution_photos/2012/Barataria Bay/Cat Bay South Island/27May12Camera1-Card2-0406.jpg,4173.28,1899.25,4220.28,1946.25,Bird
high_resolution_photos/2012/Barataria Bay/Cat Bay South Island/27May12Camera1-Card2-0406.jpg,4173.29,1917.25,4220.29,1964.25,Bird
high_resolution_photos/2012/Barataria Bay/Cat Bay South Island/27May12Camera1-Card2-0406.jpg,1051.29,1939.39,1098.29,1986.39,Bird
high_resolution_photos/2012/Barataria Bay/Cat Bay South Island/27May12Camera1-Card2-0406.jpg,1071.29,1939.39,1118.29,1986.39,LAGU site
high_resolution_photos/2012/Barataria Bay/Cat Bay South Island/27May12Camera1-Card2-0406.jpg,751.29,2001.41,798.29,2048.41,LAGU bird
high_resolution_photos/2012/Barataria Bay/Cat Bay South Island/27May12Camera1-Card2-0406.jpg,749.29,2015.41,796.29,2062.41,LAGU bird
high_resolution_photos/2012/Barataria Bay/Cat Bay South Island/27May12Camera1-Card2-0406.jpg,1395.29,2025.38,1442.29,2072.38,Bird
high_resolution_photos/2012/Barataria Bay/Cat Bay South Island/27May12Camera1-Card2-0406.jpg,955.29,2071.4,1002.29,2118.4,Bird
high_resolution_photos/2012/Barataria Bay/Cat Bay South Island/27May12Camera1-Card2-0406.jpg,4119.29,2087.25,4166.29,2134.25,Bird
high_resolution_photos/2012/Barataria Bay/Cat Bay South Island/27May12Camera1-Card2-0406.jpg,4123.29,2099.25,4170.29,2146.25,Bird
high_resolution_photos/2012/Barataria Bay/Cat Bay South Island/27May12Camera1-Card2-0406.jpg,3989.29,2115.26,4036.29,2162.26,Bird
high_resolution_photos/2012/Barataria Bay/Cat Bay South Island/27May12Camera1-Card2-0406.jpg,3988.63,2133.93,4035.63,2180.93,Bird
high_resolution_photos/2012/Barataria Bay/Cat Bay South Island/27May12Camera1-Card2-0406.jpg,3285.3,2147.29,3332.3,2194.29,Bird
high_resolution_photos/2012/Barataria Bay/Cat Bay South Island/27May12Camera1-Card2-0406.jpg,3287.3,2163.29,3334.3,2210.29,Bird
high_resolution_photos/2012/Barataria Bay/Cat Bay South Island/27May12Camera1-Card2-0406.jpg,3291.3,2181.29,3338.3,2228.29,LAGU site
high_resolution_photos/2012/Barataria Bay/Cat Bay South Island/27May12Camera1-Card2-0406.jpg,3535.3,2179.28,3582.3,2226.28,Bird
high_resolution_photos/2012/Barataria Bay/Cat Bay South Island/27May12Camera1-Card2-0406.jpg,3539.3,2183.28,3586.3,2230.28,Bird
high_resolution_photos/2012/Barataria Bay/Cat Bay South Island/27May12Camera1-Card2-0406.jpg,2651.3,2185.32,2698.3,2232.32,LAGU site
high_resolution_photos/2012/Barataria Bay/Cat Bay South Island/27May12Camera1-Card2-0406.jpg,1355.3,2227.38,1402.3,2274.38,LAGU bird
high_resolution_photos/2012/Barataria Bay/Cat Bay South Island/27May12Camera1-Card2-0406.jpg,1357.3,2257.38,1404.3,2304.38,LAGU bird
high_resolution_photos/2012/Barataria Bay/Cat Bay South Island/27May12Camera1-Card2-0406.jpg,2874.8,2211.81,2921.8,2258.81,LAGU site
high_resolution_photos/2012/Barataria Bay/Cat Bay South Island/27May12Camera1-Card2-0406.jpg,1944.63,2258.02,1991.63,2305.02,LAGU bird
high_resolution_photos/2012/Barataria Bay/Cat Bay South Island/27May12Camera1-Card2-0406.jpg,1971.3,2255.35,2018.3,2302.35,LAGU bird
high_resolution_photos/2012/Barataria Bay/Cat Bay South Island/27May12Camera1-Card2-0406.jpg,2769.97,2276.65,2816.97,2323.65,Bird
high_resolution_photos/2012/Barataria Bay/Cat Bay South Island/27May12Camera1-Card2-0406.jpg,2789.3,2275.31,2836.3,2322.31,LAGU site
high_resolution_photos/2012/Barataria Bay/Cat Bay South Island/27May12Camera1-Card2-0406.jpg,1795.3,2299.36,1842.3,2346.36,LAGU bird
high_resolution_photos/2012/Barataria Bay/Cat Bay South Island/27May12Camera1-Card2-0406.jpg,1811.3,2299.36,1858.3,2346.36,LAGU site
high_resolution_photos/2012/Barataria Bay/Cat Bay South Island/27May12Camera1-Card2-0406.jpg,3018.3,2312.3,3065.3,2359.3,LAGU site
high_resolution_photos/2012/Barataria Bay/Cat Bay South Island/27May12Camera1-Card2-0406.jpg,2916.64,2353.98,2963.64,2400.98,LAGU bird
high_resolution_photos/2012/Barataria Bay/Cat Bay South Island/27May12Camera1-Card2-0406.jpg,2915.31,2371.31,2962.31,2418.31,LAGU bird
high_resolution_photos/2012/Barataria Bay/Cat Bay South Island/27May12Camera1-Card2-0406.jpg,3164.76,2383.66,3211.76,2430.66,LAGU site
high_resolution_photos/2012/Barataria Bay/Cat Bay South Island/27May12Camera1-Card2-0406.jpg,3388.4,2474.2,3435.4,2521.2,LAGU site
high_resolution_photos/2012/Barataria Bay/Cat Bay South Island/27May12Camera1-Card2-0406.jpg,4023.31,2511.26,4070.31,2558.26,Bird
high_resolution_photos/2012/Barataria Bay/Cat Bay South Island/27May12Camera1-Card2-0406.jpg,4027.31,2515.26,4074.31,2562.26,Bird
high_resolution_photos/2012/Barataria Bay/Cat Bay South Island/27May12Camera1-Card2-0406.jpg,4315.31,2539.24,4362.31,2586.24,Bird
high_resolution_photos/2012/Barataria Bay/Cat Bay South Island/27May12Camera1-Card2-0406.jpg,4303.31,2543.24,4350.31,2590.24,Bird
high_resolution_photos/2012/Barataria Bay/Cat Bay South Island/27May12Camera1-Card2-0406.jpg,3765.32,2703.27,3812.32,2750.27,LAGU site
high_resolution_photos/2012/Barataria Bay/Cat Bay South Island/27May12Camera1-Card2-0406.jpg,2991.32,2715.31,3038.32,2762.31,LAGU bird
high_resolution_photos/2012/Barataria Bay/Cat Bay South Island/27May12Camera1-Card2-0406.jpg,2991.32,2731.31,3038.32,2778.31,LAGU bird
high_resolution_photos/2012/Barataria Bay/Cat Bay South Island/27May12Camera1-Card2-0406.jpg,3925.32,2739.26,3972.32,2786.26,Bird
high_resolution_photos/2012/Barataria Bay/Cat Bay South Island/27May12Camera1-Card2-0406.jpg,3927.32,2759.26,3974.32,2806.26,Bird
high_resolution_photos/2012/Barataria Bay/Cat Bay South Island/27May12Camera1-Card2-0406.jpg,2891.32,2765.31,2938.32,2812.31,Bird
high_resolution_photos/2012/Barataria Bay/Cat Bay South Island/27May12Camera1-Card2-0406.jpg,2869.32,2767.31,2916.32,2814.31,Bird
high_resolution_photos/2012/Barataria Bay/Cat Bay South Island/27May12Camera1-Card2-0406.jpg,4319.32,2767.24,4366.32,2814.24,Bird
high_resolution_photos/2012/Barataria Bay/Cat Bay South Island/27May12Camera1-Card2-0406.jpg,4331.32,2767.24,4378.32,2814.24,LAGU site
high_resolution_photos/2012/Barataria Bay/Cat Bay South Island/27May12Camera1-Card2-0406.jpg,4311.33,2771.24,4358.33,2818.24,Bird
high_resolution_photos/2012/Barataria Bay/Cat Bay South Island/27May12Camera1-Card2-0406.jpg,3081.33,2801.3,3128.33,2848.3,LAGU bird
high_resolution_photos/2012/Barataria Bay/Cat Bay South Island/27May12Camera1-Card2-0406.jpg,3099.33,2799.3,3146.33,2846.3,LAGU site
high_resolution_photos/2012/Barataria Bay/Cat Bay South Island/27May12Camera1-Card2-0406.jpg,3563.33,2811.28,3610.33,2858.28,Bird
high_resolution_photos/2012/Barataria Bay/Cat Bay South Island/27May12Camera1-Card2-0406.jpg,4481.33,2819.24,4528.33,2866.24,LAGU site
high_resolution_photos/2012/Barataria Bay/Cat Bay South Island/27May12Camera1-Card2-0406.jpg,4331.33,2875.24,4378.33,2922.24,Bird
high_resolution_photos/2012/Barataria Bay/Cat Bay South Island/27May12Camera1-Card2-0406.jpg,4341.33,2879.24,4388.33,2926.24,Bird
high_resolution_photos/2012/Barataria Bay/Cat Bay South Island/27May12Camera1-Card2-0406.jpg,4032.51,2900.43,4079.51,2947.43,LAGU site
high_resolution_photos/2012/Barataria Bay/Cat Bay South Island/27May12Camera1-Card2-0406.jpg,4148.77,2929.01,4195.77,2976.01,LAGU site
high_resolution_photos/2012/Barataria Bay/Cat Bay South Island/27May12Camera1-Card2-0406.jpg,3799.33,2939.27,3846.33,2986.27,LAGU bird
high_resolution_photos/2012/Barataria Bay/Cat Bay South Island/27May12Camera1-Card2-0406.jpg,3802.0,2956.6,3849.0,3003.6,LAGU bird
high_resolution_photos/2012/Barataria Bay/Cat Bay South Island/27May12Camera1-Card2-0406.jpg,3819.33,2959.27,3866.33,3006.27,LAGU bird
high_resolution_photos/2012/Barataria Bay/Cat Bay South Island/27May12Camera1-Card2-0406.jpg,3527.33,2991.28,3574.33,3038.28,Bird
high_resolution_photos/2012/Barataria Bay/Cat Bay South Island/27May12Camera1-Card2-0406.jpg,3527.34,3011.28,3574.34,3058.28,LAGU site
high_resolution_photos/2012/Barataria Bay/Cat Bay South Island/27May12Camera1-Card2-0406.jpg,3655.34,2995.27,3702.34,3042.27,LAGU site
high_resolution_photos/2012/Barataria Bay/Cat Bay South Island/27May12Camera1-Card2-0406.jpg,3633.34,3013.28,3680.34,3060.28,LAGU bird
high_resolution_photos/2012/Barataria Bay/Cat Bay South Island/27May12Camera1-Card2-0406.jpg,4038.8,3001.66,4085.8,3048.66,LAGU site
high_resolution_photos/2012/Barataria Bay/Cat Bay South Island/27May12Camera1-Card2-0406.jpg,3801.51,3026.47,3848.51,3073.47,LAGU site
high_resolution_photos/2012/Barataria Bay/Cat Bay South Island/27May12Camera1-Card2-0406.jpg,3267.34,3129.29,3314.34,3167.0,LAGU site
high_resolution_photos/2012/Barataria Bay/Cat Bay South Island/27May12Camera1-Card2-0406.jpg,3712.59,3107.02,3759.59,3154.02,LAGU site
high_resolution_photos/2013/Terrebonne Bay/Houma Navigation Canal Island/23May13Camera2-Card1-0730.jpg,1319.92,7.14,1349.92,37.14,Bird
high_resolution_photos/2013/Terrebonne Bay/Houma Navigation Canal Island/23May13Camera2-Card1-0730.jpg,2630.92,9.06,2660.92,39.06,Bird
high_resolution_photos/2013/Terrebonne Bay/Houma Navigation Canal Island/23May13Camera2-Card1-0730.jpg,2684.79,14.17,2714.79,44.17,Bird
high_resolution_photos/2013/Terrebonne Bay/Houma Navigation Canal Island/23May13Camera2-Card1-0730.jpg,3964.08,9.47,3994.08,39.47,Bird
high_resolution_photos/2013/Terrebonne Bay/Houma Navigation Canal Island/23May13Camera2-Card1-0730.jpg,1587.79,17.66,1617.79,47.66,Bird
high_resolution_photos/2013/Terrebonne Bay/Houma Navigation Canal Island/23May13Camera2-Card1-0730.jpg,1603.79,51.66,1633.79,81.66,Bird
high_resolution_photos/2013/Terrebonne Bay/Houma Navigation Canal Island/23May13Camera2-Card1-0730.jpg,1654.06,18.59,1684.06,48.59,Bird
high_resolution_photos/2013/Terrebonne Bay/Houma Navigation Canal Island/23May13Camera2-Card1-0730.jpg,4228.94,19.44,4258.94,49.44,Bird
high_resolution_photos/2013/Terrebonne Bay/Houma Navigation Canal Island/23May13Camera2-Card1-0730.jpg,879.9,48.38,909.9,78.38,Bird
high_resolution_photos/2013/Terrebonne Bay/Houma Navigation Canal Island/23May13Camera2-Card1-0730.jpg,3354.21,50.11,3384.21,80.11,Bird
high_resolution_photos/2013/Terrebonne Bay/Houma Navigation Canal Island/23May13Camera2-Card1-0730.jpg,3717.19,50.61,3747.19,80.61,Bird
high_resolution_photos/2013/Terrebonne Bay/Houma Navigation Canal Island/23May13Camera2-Card1-0730.jpg,1310.02,57.98,1340.02,87.98,Bird
high_resolution_photos/2013/Terrebonne Bay/Houma Navigation Canal Island/23May13Camera2-Card1-0730.jpg,1671.79,55.66,1701.79,85.66,Bird
high_resolution_photos/2013/Terrebonne Bay/Houma Navigation Canal Island/23May13Camera2-Card1-0730.jpg,1667.79,59.66,1697.79,89.66,Bird
high_resolution_photos/2013/Terrebonne Bay/Houma Navigation Canal Island/23May13Camera2-Card1-0730.jpg,1653.79,87.66,1683.79,117.66,Bird
high_resolution_photos/2013/Terrebonne Bay/Houma Navigation Canal Island/23May13Camera2-Card1-0730.jpg,1629.79,99.66,1659.79,129.66,Bird
high_resolution_photos/2013/Terrebonne Bay/Houma Navigation Canal Island/23May13Camera2-Card1-0730.jpg,2941.78,67.68,2971.78,97.68,Bird
high_resolution_photos/2013/Terrebonne Bay/Houma Navigation Canal Island/23May13Camera2-Card1-0730.jpg,2967.78,67.68,2997.78,97.68,Bird
high_resolution_photos/2013/Terrebonne Bay/Houma Navigation Canal Island/23May13Camera2-Card1-0730.jpg,2967.78,95.68,2997.78,125.68,Bird
high_resolution_photos/2013/Terrebonne Bay/Houma Navigation Canal Island/23May13Camera2-Card1-0730.jpg,4215.78,95.69,4245.78,125.69,Bird
high_resolution_photos/2013/Terrebonne Bay/Houma Navigation Canal Island/23May13Camera2-Card1-0730.jpg,4211.78,99.69,4241.78,129.69,Bird
high_resolution_photos/2013/Terrebonne Bay/Houma Navigation Canal Island/23May13Camera2-Card1-0730.jpg,919.79,119.65,949.79,149.65,Bird
high_resolution_photos/2013/Terrebonne Bay/Houma Navigation Canal Island/23May13Camera2-Card1-0730.jpg,913.79,123.65,943.79,153.65,Bird
high_resolution_photos/2013/Terrebonne Bay/Houma Navigation Canal Island/23May13Camera2-Card1-0730.jpg,907.79,127.65,937.79,157.65,Bird
high_resolution_photos/2013/Terrebonne Bay/Houma Navigation Canal Island/23May13Camera2-Card1-0730.jpg,899.79,155.64,929.79,185.64,Bird
high_resolution_photos/2013/Terrebonne Bay/Houma Navigation Canal Island/23May13Camera2-Card1-0730.jpg,2014.56,99.2,2044.56,129.2,Bird
high_resolution_photos/2013/Terrebonne Bay/Houma Navigation Canal Island/23May13Camera2-Card1-0730.jpg,1053.32,127.5,1083.32,157.5,Bird
high_resolution_photos/2013/Terrebonne Bay/Houma Navigation Canal Island/23May13Camera2-Card1-0730.jpg,1959.79,131.66,1989.79,161.66,Bird
high_resolution_photos/2013/Terrebonne Bay/Houma Navigation Canal Island/23May13Camera2-Card1-0730.jpg,1947.79,135.66,1977.79,165.66,Bird
high_resolution_photos/2013/Terrebonne Bay/Houma Navigation Canal Island/23May13Camera2-Card1-0730.jpg,1927.79,143.66,1957.79,173.66,Bird
high_resolution_photos/2013/Terrebonne Bay/Houma Navigation Canal Island/23May13Camera2-Card1-0730.jpg,823.79,143.64,853.79,173.64,Bird
high_resolution_photos/2013/Terrebonne Bay/Houma Navigation Canal Island/23May13Camera2-Card1-0730.jpg,843.79,145.64,873.79,175.64,Bird
high_resolution_photos/2013/Terrebonne Bay/Houma Navigation Canal Island/23May13Camera2-Card1-0730.jpg,1372.61,164.37,1402.61,194.37,Bird
high_resolution_photos/2013/Terrebonne Bay/Houma Navigation Canal Island/23May13Camera2-Card1-0730.jpg,1559.79,159.65,1589.79,189.65,Bird
high_resolution_photos/2013/Terrebonne Bay/Houma Navigation Canal Island/23May13Camera2-Card1-0730.jpg,1710.46,162.32,1740.46,192.32,Bird
high_resolution_photos/2013/Terrebonne Bay/Houma Navigation Canal Island/23May13Camera2-Card1-0730.jpg,1675.79,163.66,1705.79,193.66,Bird
high_resolution_photos/2013/Terrebonne Bay/Houma Navigation Canal Island/23May13Camera2-Card1-0730.jpg,1651.79,179.66,1681.79,209.66,Bird
high_resolution_photos/2013/Terrebonne Bay/Houma Navigation Canal Island/23May13Camera2-Card1-0730.jpg,2182.03,161.26,2212.03,191.26,Bird
high_resolution_photos/2013/Terrebonne Bay/Houma Navigation Canal Island/23May13Camera2-Card1-0730.jpg,510.69,170.54,540.69,200.54,Bird
high_resolution_photos/2013/Terrebonne Bay/Houma Navigation Canal Island/23May13Camera2-Card1-0730.jpg,1422.38,182.83,1452.38,212.83,Bird
high_resolution_photos/2013/Terrebonne Bay/Houma Navigation Canal Island/23May13Camera2-Card1-0730.jpg,3038.1,179.26,3068.1,209.26,Bird
high_resolution_photos/2013/Terrebonne Bay/Houma Navigation Canal Island/23May13Camera2-Card1-0730.jpg,618.93,190.24,648.93,220.24,Bird
high_resolution_photos/2013/Terrebonne Bay/Houma Navigation Canal Island/23May13Camera2-Card1-0730.jpg,1491.79,203.65,1521.79,233.65,Bird
high_resolution_photos/2013/Terrebonne Bay/Houma Navigation Canal Island/23May13Camera2-Card1-0730.jpg,1487.79,207.65,1517.79,237.65,Bird
high_resolution_photos/2013/Terrebonne Bay/Houma Navigation Canal Island/23May13Camera2-Card1-0730.jpg,943.04,201.65,973.04,231.65,Bird
high_resolution_photos/2013/Terrebonne Bay/Houma Navigation Canal Island/23May13Camera2-Card1-0730.jpg,2800.26,197.11,2830.26,227.11,Bird
high_resolution_photos/2013/Terrebonne Bay/Houma Navigation Canal Island/23May13Camera2-Card1-0730.jpg,2862.73,193.57,2892.73,223.57,Bird
high_resolution_photos/2013/Terrebonne Bay/Houma Navigation Canal Island/23May13Camera2-Card1-0730.jpg,559.8,197.64,589.8,227.64,Bird
high_resolution_photos/2013/Terrebonne Bay/Houma Navigation Canal Island/23May13Camera2-Card1-0730.jpg,555.8,203.64,585.8,233.64,Bird
high_resolution_photos/2013/Terrebonne Bay/Houma Navigation Canal Island/23May13Camera2-Card1-0730.jpg,531.8,215.64,561.8,245.64,Bird
high_resolution_photos/2013/Terrebonne Bay/Houma Navigation Canal Island/23May13Camera2-Card1-0730.jpg,2198.27,206.28,2228.27,236.28,Bird
high_resolution_photos/2013/Terrebonne Bay/Houma Navigation Canal Island/23May13Camera2-Card1-0730.jpg,2246.13,226.4,2276.13,256.4,Bird
high_resolution_photos/2013/Terrebonne Bay/Houma Navigation Canal Island/23May13Camera2-Card1-0730.jpg,1319.79,219.65,1349.79,249.65,Bird
high_resolution_photos/2013/Terrebonne Bay/Houma Navigation Canal Island/23May13Camera2-Card1-0730.jpg,1291.79,255.65,1321.79,285.65,Bird
high_resolution_photos/2013/Terrebonne Bay/Houma Navigation Canal Island/23May13Camera2-Card1-0730.jpg,2120.82,241.44,2150.82,271.44,Bird
high_resolution_photos/2013/Terrebonne Bay/Houma Navigation Canal Island/23May13Camera2-Card1-0730.jpg,2331.9,238.0,2361.9,268.0,Bird
high_resolution_photos/2013/Terrebonne Bay/Houma Navigation Canal Island/23May13Camera2-Card1-0730.jpg,2693.78,264.4,2723.78,294.4,Bird
high_resolution_photos/2013/Terrebonne Bay/Houma Navigation Canal Island/23May13Camera2-Card1-0730.jpg,1716.95,283.34,1746.95,313.34,Bird
high_resolution_photos/2013/Terrebonne Bay/Houma Navigation Canal Island/23May13Camera2-Card1-0730.jpg,594.62,294.11,624.62,324.11,Bird
high_resolution_photos/2013/Terrebonne Bay/Houma Navigation Canal Island/23May13Camera2-Card1-0730.jpg,627.25,322.37,657.25,352.37,Bird
high_resolution_photos/2013/Terrebonne Bay/Houma Navigation Canal Island/23May13Camera2-Card1-0730.jpg,750.14,315.37,780.14,345.37,Bird
high_resolution_photos/2013/Terrebonne Bay/Houma Navigation Canal Island/23May13Camera2-Card1-0730.jpg,4230.56,313.95,4260.56,343.95,Bird
high_resolution_photos/2013/Terrebonne Bay/Houma Navigation Canal Island/23May13Camera2-Card1-0730.jpg,1971.79,331.66,2001.79,361.66,Bird
high_resolution_photos/2013/Terrebonne Bay/Houma Navigation Canal Island/23May13Camera2-Card1-0730.jpg,1987.79,383.66,2017.79,413.66,Bird
high_resolution_photos/2013/Terrebonne Bay/Houma Navigation Canal Island/23May13Camera2-Card1-0730.jpg,1983.79,387.66,2013.79,417.66,Bird
high_resolution_photos/2013/Terrebonne Bay/Houma Navigation Canal Island/23May13Camera2-Card1-0730.jpg,1425.12,342.32,1455.12,372.32,Bird
high_resolution_photos/2013/Terrebonne Bay/Houma Navigation Canal Island/23May13Camera2-Card1-0730.jpg,1459.79,355.65,1489.79,385.65,Bird
high_resolution_photos/2013/Terrebonne Bay/Houma Navigation Canal Island/23May13Camera2-Card1-0730.jpg,1126.38,346.12,1156.38,376.12,Bird
high_resolution_photos/2013/Terrebonne Bay/Houma Navigation Canal Island/23May13Camera2-Card1-0730.jpg,1366.13,346.48,1396.13,376.48,Bird
high_resolution_photos/2013/Terrebonne Bay/Houma Navigation Canal Island/23May13Camera2-Card1-0730.jpg,670.0,368.69,700.0,398.69,Bird
high_resolution_photos/2013/Terrebonne Bay/Houma Navigation Canal Island/23May13Camera2-Card1-0730.jpg,1237.23,371.03,1267.23,401.03,Bird
high_resolution_photos/2013/Terrebonne Bay/Houma Navigation Canal Island/23May13Camera2-Card1-0730.jpg,2707.64,369.96,2737.64,399.96,Bird
high_resolution_photos/2013/Terrebonne Bay/Houma Navigation Canal Island/23May13Camera2-Card1-0730.jpg,603.91,382.61,633.91,412.61,Bird
high_resolution_photos/2013/Terrebonne Bay/Houma Navigation Canal Island/23May13Camera2-Card1-0730.jpg,2647.78,391.67,2677.78,421.67,Bird
high_resolution_photos/2013/Terrebonne Bay/Houma Navigation Canal Island/23May13Camera2-Card1-0730.jpg,2647.78,403.67,2677.78,433.67,Bird
high_resolution_photos/2013/Terrebonne Bay/Houma Navigation Canal Island/23May13Camera2-Card1-0730.jpg,2681.78,407.67,2711.78,437.67,Bird
high_resolution_photos/2013/Terrebonne Bay/Houma Navigation Canal Island/23May13Camera2-Card1-0730.jpg,2310.55,409.36,2340.55,439.36,Bird
high_resolution_photos/2013/Terrebonne Bay/Houma Navigation Canal Island/23May13Camera2-Card1-0730.jpg,1379.79,405.65,1409.79,435.65,Bird
high_resolution_photos/2013/Terrebonne Bay/Houma Navigation Canal Island/23May13Camera2-Card1-0730.jpg,1381.79,421.65,1411.79,451.65,Bird
high_resolution_photos/2013/Terrebonne Bay/Houma Navigation Canal Island/23May13Camera2-Card1-0730.jpg,3768.6,415.96,3798.6,445.96,Bird
high_resolution_photos/2013/Terrebonne Bay/Houma Navigation Canal Island/23May13Camera2-Card1-0730.jpg,2717.78,422.44,2747.78,452.44,Bird
high_resolution_photos/2013/Terrebonne Bay/Houma Navigation Canal Island/23May13Camera2-Card1-0730.jpg,250.59,434.95,280.59,464.95,Bird
high_resolution_photos/2013/Terrebonne Bay/Houma Navigation Canal Island/23May13Camera2-Card1-0730.jpg,595.09,437.76,625.09,467.76,Bird
high_resolution_photos/2013/Terrebonne Bay/Houma Navigation Canal Island/23May13Camera2-Card1-0730.jpg,726.09,443.88,756.09,473.88,Bird
high_resolution_photos/2013/Terrebonne Bay/Houma Navigation Canal Island/23May13Camera2-Card1-0730.jpg,1294.32,442.72,1324.32,472.72,Bird
high_resolution_photos/2013/Terrebonne Bay/Houma Navigation Canal Island/23May13Camera2-Card1-0730.jpg,3349.42,447.68,3379.42,477.68,Bird
high_resolution_photos/2013/Terrebonne Bay/Houma Navigation Canal Island/23May13Camera2-Card1-0730.jpg,2924.45,456.74,2954.45,486.74,Bird
high_resolution_photos/2013/Terrebonne Bay/Houma Navigation Canal Island/23May13Camera2-Card1-0730.jpg,3796.41,450.63,3826.41,480.63,Bird
high_resolution_photos/2013/Terrebonne Bay/Houma Navigation Canal Island/23May13Camera2-Card1-0730.jpg,4084.38,465.39,4114.38,495.39,Bird
high_resolution_photos/2013/Terrebonne Bay/Houma Navigation Canal Island/23May13Camera2-Card1-0730.jpg,1705.79,473.22,1735.79,503.22,Bird
high_resolution_photos/2013/Terrebonne Bay/Houma Navigation Canal Island/23May13Camera2-Card1-0730.jpg,1775.78,475.66,1805.78,505.66,Bird
high_resolution_photos/2013/Terrebonne Bay/Houma Navigation Canal Island/23May13Camera2-Card1-0730.jpg,1771.78,479.66,1801.78,509.66,Bird
high_resolution_photos/2013/Terrebonne Bay/Houma Navigation Canal Island/23May13Camera2-Card1-0730.jpg,2774.89,472.12,2804.89,502.12,Bird
high_resolution_photos/2013/Terrebonne Bay/Houma Navigation Canal Island/23May13Camera2-Card1-0730.jpg,3668.73,472.16,3698.73,502.16,Bird
high_resolution_photos/2013/Terrebonne Bay/Houma Navigation Canal Island/23May13Camera2-Card1-0730.jpg,1279.22,487.93,1309.22,517.93,Bird
high_resolution_photos/2013/Terrebonne Bay/Houma Navigation Canal Island/23May13Camera2-Card1-0730.jpg,675.79,497.64,705.79,527.64,Bird
high_resolution_photos/2013/Terrebonne Bay/Houma Navigation Canal Island/23May13Camera2-Card1-0730.jpg,671.79,511.64,701.79,541.64,Bird
high_resolution_photos/2013/Terrebonne Bay/Houma Navigation Canal Island/23May13Camera2-Card1-0730.jpg,4047.77,491.69,4077.77,521.69,Bird
high_resolution_photos/2013/Terrebonne Bay/Houma Navigation Canal Island/23May13Camera2-Card1-0730.jpg,4047.77,523.69,4077.77,553.69,Bird
high_resolution_photos/2013/Terrebonne Bay/Houma Navigation Canal Island/23May13Camera2-Card1-0730.jpg,1667.78,519.65,1697.78,549.65,Bird
high_resolution_photos/2013/Terrebonne Bay/Houma Navigation Canal Island/23May13Camera2-Card1-0730.jpg,1619.78,523.65,1649.78,553.65,Bird
high_resolution_photos/2013/Terrebonne Bay/Houma Navigation Canal Island/23May13Camera2-Card1-0730.jpg,1631.78,523.65,1661.78,553.65,Bird
high_resolution_photos/2013/Terrebonne Bay/Houma Navigation Canal Island/23May13Camera2-Card1-0730.jpg,1956.58,508.14,1986.58,538.14,Bird
high_resolution_photos/2013/Terrebonne Bay/Houma Navigation Canal Island/23May13Camera2-Card1-0730.jpg,2311.78,499.66,2341.78,529.66,Bird
high_resolution_photos/2013/Terrebonne Bay/Houma Navigation Canal Island/23May13Camera2-Card1-0730.jpg,2335.78,499.66,2365.78,529.66,Bird
high_resolution_photos/2013/Terrebonne Bay/Houma Navigation Canal Island/23May13Camera2-Card1-0730.jpg,2335.78,527.66,2365.78,557.66,Bird
high_resolution_photos/2013/Terrebonne Bay/Houma Navigation Canal Island/23May13Camera2-Card1-0730.jpg,2437.78,507.67,2467.78,537.67,Bird
high_resolution_photos/2013/Terrebonne Bay/Houma Navigation Canal Island/23May13Camera2-Card1-0730.jpg,2471.78,511.67,2501.78,541.67,Bird
high_resolution_photos/2013/Terrebonne Bay/Houma Navigation Canal Island/23May13Camera2-Card1-0730.jpg,1429.41,519.11,1459.41,549.11,Bird
high_resolution_photos/2013/Terrebonne Bay/Houma Navigation Canal Island/23May13Camera2-Card1-0730.jpg,1523.79,523.65,1553.79,553.65,Bird
high_resolution_photos/2013/Terrebonne Bay/Houma Navigation Canal Island/23May13Camera2-Card1-0730.jpg,1483.79,527.65,1513.79,557.65,Bird
high_resolution_photos/2013/Terrebonne Bay/Houma Navigation Canal Island/23May13Camera2-Card1-0730.jpg,1485.79,539.65,1515.79,569.65,Bird
high_resolution_photos/2013/Terrebonne Bay/Houma Navigation Canal Island/23May13Camera2-Card1-0730.jpg,2021.96,517.6,2051.96,547.6,Bird
high_resolution_photos/2013/Terrebonne Bay/Houma Navigation Canal Island/23May13Camera2-Card1-0730.jpg,1405.04,533.4,1435.04,563.4,Bird
high_resolution_photos/2013/Terrebonne Bay/Houma Navigation Canal Island/23May13Camera2-Card1-0730.jpg,3283.78,535.44,3313.78,565.44,Bird
high_resolution_photos/2013/Terrebonne Bay/Houma Navigation Canal Island/23May13Camera2-Card1-0730.jpg,3755.93,553.29,3785.93,583.29,Bird
high_resolution_photos/2013/Terrebonne Bay/Houma Navigation Canal Island/23May13Camera2-Card1-0730.jpg,3246.31,565.81,3276.31,595.81,Bird
high_resolution_photos/2013/Terrebonne Bay/Houma Navigation Canal Island/23May13Camera2-Card1-0730.jpg,1268.29,574.75,1298.29,604.75,Bird
high_resolution_photos/2013/Terrebonne Bay/Houma Navigation Canal Island/23May13Camera2-Card1-0730.jpg,1422.45,586.32,1452.45,616.32,Bird
high_resolution_photos/2013/Terrebonne Bay/Houma Navigation Canal Island/23May13Camera2-Card1-0730.jpg,1417.12,616.98,1447.12,646.98,Bird
high_resolution_photos/2013/Terrebonne Bay/Houma Navigation Canal Island/23May13Camera2-Card1-0730.jpg,1915.31,578.72,1945.31,608.72,Bird
high_resolution_photos/2013/Terrebonne Bay/Houma Navigation Canal Island/23May13Camera2-Card1-0730.jpg,2300.83,569.77,2330.83,599.77,Bird
high_resolution_photos/2013/Terrebonne Bay/Houma Navigation Canal Island/23May13Camera2-Card1-0730.jpg,1869.91,583.53,1899.91,613.53,Bird
high_resolution_photos/2013/Terrebonne Bay/Houma Navigation Canal Island/23May13Camera2-Card1-0730.jpg,533.12,592.97,563.12,622.97,Bird
high_resolution_photos/2013/Terrebonne Bay/Houma Navigation Canal Island/23May13Camera2-Card1-0730.jpg,554.46,628.97,584.46,658.97,Bird
high_resolution_photos/2013/Terrebonne Bay/Houma Navigation Canal Island/23May13Camera2-Card1-0730.jpg,591.79,647.64,621.79,677.64,Bird
high_resolution_photos/2013/Terrebonne Bay/Houma Navigation Canal Island/23May13Camera2-Card1-0730.jpg,2566.91,592.36,2596.91,622.36,Bird
high_resolution_photos/2013/Terrebonne Bay/Houma Navigation Canal Island/23May13Camera2-Card1-0730.jpg,3740.77,590.02,3770.77,620.02,Bird
high_resolution_photos/2013/Terrebonne Bay/Houma Navigation Canal Island/23May13Camera2-Card1-0730.jpg,1363.69,602.38,1393.69,632.38,Bird
high_resolution_photos/2013/Terrebonne Bay/Houma Navigation Canal Island/23May13Camera2-Card1-0730.jpg,1781.0,600.99,1811.0,630.99,Bird
high_resolution_photos/2013/Terrebonne Bay/Houma Navigation Canal Island/23May13Camera2-Card1-0730.jpg,1307.69,606.19,1337.69,636.19,Bird
high_resolution_photos/2013/Terrebonne Bay/Houma Navigation Canal Island/23May13Camera2-Card1-0730.jpg,3335.77,615.68,3365.77,645.68,Bird
high_resolution_photos/2013/Terrebonne Bay/Houma Navigation Canal Island/23May13Camera2-Card1-0730.jpg,3331.77,619.68,3361.77,649.68,Bird
high_resolution_photos/2013/Terrebonne Bay/Houma Navigation Canal Island/23May13Camera2-Card1-0730.jpg,3351.77,619.68,3381.77,649.68,Bird
high_resolution_photos/2013/Terrebonne Bay/Houma Navigation Canal Island/23May13Camera2-Card1-0730.jpg,3602.09,616.1,3632.09,646.1,Bird
high_resolution_photos/2013/Terrebonne Bay/Houma Navigation Canal Island/23May13Camera2-Card1-0730.jpg,2413.32,637.66,2443.32,667.66,Bird
high_resolution_photos/2013/Terrebonne Bay/Houma Navigation Canal Island/23May13Camera2-Card1-0730.jpg,3267.93,634.08,3297.93,664.08,Bird
high_resolution_photos/2013/Terrebonne Bay/Houma Navigation Canal Island/23May13Camera2-Card1-0730.jpg,2451.78,645.82,2481.78,675.82,Bird
high_resolution_photos/2013/Terrebonne Bay/Houma Navigation Canal Island/23May13Camera2-Card1-0730.jpg,1278.96,658.24,1308.96,688.24,Bird
high_resolution_photos/2013/Terrebonne Bay/Houma Navigation Canal Island/23May13Camera2-Card1-0730.jpg,2181.78,648.41,2211.78,678.41,Bird
high_resolution_photos/2013/Terrebonne Bay/Houma Navigation Canal Island/23May13Camera2-Card1-0730.jpg,1831.55,664.23,1861.55,694.23,Bird
high_resolution_photos/2013/Terrebonne Bay/Houma Navigation Canal Island/23May13Camera2-Card1-0730.jpg,2429.35,679.24,2459.35,709.24,Bird
high_resolution_photos/2013/Terrebonne Bay/Houma Navigation Canal Island/23May13Camera2-Card1-0730.jpg,2498.98,680.79,2528.98,710.79,Bird
high_resolution_photos/2013/Terrebonne Bay/Houma Navigation Canal Island/23May13Camera2-Card1-0730.jpg,515.79,691.64,545.79,721.64,Bird
high_resolution_photos/2013/Terrebonne Bay/Houma Navigation Canal Island/23May13Camera2-Card1-0730.jpg,517.79,727.64,547.79,757.64,Bird
high_resolution_photos/2013/Terrebonne Bay/Houma Navigation Canal Island/23May13Camera2-Card1-0730.jpg,2533.86,688.15,2563.86,718.15,Bird
high_resolution_photos/2013/Terrebonne Bay/Houma Navigation Canal Island/23May13Camera2-Card1-0730.jpg,743.79,717.64,773.79,747.64,Bird
high_resolution_photos/2013/Terrebonne Bay/Houma Navigation Canal Island/23May13Camera2-Card1-0730.jpg,743.79,751.64,773.79,781.64,Bird
high_resolution_photos/2013/Terrebonne Bay/Houma Navigation Canal Island/23May13Camera2-Card1-0730.jpg,2356.44,713.66,2386.44,743.66,Bird
high_resolution_photos/2013/Terrebonne Bay/Houma Navigation Canal Island/23May13Camera2-Card1-0730.jpg,2454.01,717.54,2484.01,747.54,Bird
high_resolution_photos/2013/Terrebonne Bay/Houma Navigation Canal Island/23May13Camera2-Card1-0730.jpg,788.01,730.75,818.01,760.75,Bird
high_resolution_photos/2013/Terrebonne Bay/Houma Navigation Canal Island/23May13Camera2-Card1-0730.jpg,2517.31,754.72,2547.31,784.72,Bird
high_resolution_photos/2013/Terrebonne Bay/Houma Navigation Canal Island/23May13Camera2-Card1-0730.jpg,1403.78,763.65,1433.78,793.65,Bird
high_resolution_photos/2013/Terrebonne Bay/Houma Navigation Canal Island/23May13Camera2-Card1-0730.jpg,1425.78,763.65,1455.78,793.65,Bird
high_resolution_photos/2013/Terrebonne Bay/Houma Navigation Canal Island/23May13Camera2-Card1-0730.jpg,1507.78,755.65,1537.78,785.65,Bird
high_resolution_photos/2013/Terrebonne Bay/Houma Navigation Canal Island/23May13Camera2-Card1-0730.jpg,1543.78,755.65,1573.78,785.65,Bird
high_resolution_photos/2013/Terrebonne Bay/Houma Navigation Canal Island/23May13Camera2-Card1-0730.jpg,1507.78,779.65,1537.78,809.65,Bird
high_resolution_photos/2013/Terrebonne Bay/Houma Navigation Canal Island/23May13Camera2-Card1-0730.jpg,1699.78,763.65,1729.78,793.65,Bird
high_resolution_photos/2013/Terrebonne Bay/Houma Navigation Canal Island/23May13Camera2-Card1-0730.jpg,3573.02,785.03,3603.02,815.03,Bird
high_resolution_photos/2013/Terrebonne Bay/Houma Navigation Canal Island/23May13Camera2-Card1-0730.jpg,646.63,838.48,676.63,868.48,Bird
high_resolution_photos/2013/Terrebonne Bay/Houma Navigation Canal Island/23May13Camera2-Card1-0730.jpg,355.95,837.8,385.95,867.8,Bird
high_resolution_photos/2013/Terrebonne Bay/Houma Navigation Canal Island/23May13Camera2-Card1-0730.jpg,749.59,841.32,779.59,871.32,Bird
high_resolution_photos/2013/Terrebonne Bay/Houma Navigation Canal Island/23May13Camera2-Card1-0730.jpg,613.79,849.64,643.79,879.64,Bird
high_resolution_photos/2013/Terrebonne Bay/Houma Navigation Canal Island/23May13Camera2-Card1-0730.jpg,619.78,879.64,649.78,909.64,Bird
high_resolution_photos/2013/Terrebonne Bay/Houma Navigation Canal Island/23May13Camera2-Card1-0730.jpg,627.78,899.64,657.78,929.64,Bird
high_resolution_photos/2013/Terrebonne Bay/Houma Navigation Canal Island/23May13Camera2-Card1-0730.jpg,635.78,911.64,665.78,941.64,Bird
high_resolution_photos/2013/Terrebonne Bay/Houma Navigation Canal Island/23May13Camera2-Card1-0730.jpg,852.95,854.61,882.95,884.61,Bird
high_resolution_photos/2013/Terrebonne Bay/Houma Navigation Canal Island/23May13Camera2-Card1-0730.jpg,469.79,864.97,499.79,894.97,Bird
high_resolution_photos/2013/Terrebonne Bay/Houma Navigation Canal Island/23May13Camera2-Card1-0730.jpg,3924.31,866.96,3954.31,896.96,Bird
high_resolution_photos/2013/Terrebonne Bay/Houma Navigation Canal Island/23May13Camera2-Card1-0730.jpg,778.63,887.43,808.63,917.43,Bird
high_resolution_photos/2013/Terrebonne Bay/Houma Navigation Canal Island/23May13Camera2-Card1-0730.jpg,700.08,919.64,730.08,949.64,Bird
high_resolution_photos/2013/Terrebonne Bay/Houma Navigation Canal Island/23May13Camera2-Card1-0730.jpg,1773.2,946.86,1803.2,976.86,Bird
high_resolution_photos/2013/Terrebonne Bay/Houma Navigation Canal Island/23May13Camera2-Card1-0730.jpg,774.16,966.76,804.16,996.76,Bird
high_resolution_photos/2013/Terrebonne Bay/Houma Navigation Canal Island/23May13Camera2-Card1-0730.jpg,2528.02,1000.04,2558.02,1030.04,Bird
high_resolution_photos/2013/Terrebonne Bay/Houma Navigation Canal Island/23May13Camera2-Card1-0730.jpg,3164.85,1003.37,3194.85,1033.37,Bird
high_resolution_photos/2013/Terrebonne Bay/Houma Navigation Canal Island/23May13Camera2-Card1-0730.jpg,2834.6,1018.5,2864.6,1048.5,Bird
high_resolution_photos/2013/Terrebonne Bay/Houma Navigation Canal Island/23May13Camera2-Card1-0730.jpg,3261.0,1030.6,3291.0,1060.6,Bird
high_resolution_photos/2013/Terrebonne Bay/Houma Navigation Canal Island/23May13Camera2-Card1-0730.jpg,742.24,1063.64,772.24,1093.64,Bird
high_resolution_photos/2013/Terrebonne Bay/Houma Navigation Canal Island/23May13Camera2-Card1-0730.jpg,342.54,1084.74,372.54,1114.74,Bird
high_resolution_photos/2013/Terrebonne Bay/Houma Navigation Canal Island/23May13Camera2-Card1-0730.jpg,402.91,1095.81,432.91,1125.81,Bird
high_resolution_photos/2013/Terrebonne Bay/Houma Navigation Canal Island/23May13Camera2-Card1-0730.jpg,357.56,1119.04,387.56,1149.04,Bird
high_resolution_photos/2013/Terrebonne Bay/Houma Navigation Canal Island/23May13Camera2-Card1-0730.jpg,767.78,1111.64,797.78,1141.64,Bird
high_resolution_photos/2013/Terrebonne Bay/Houma Navigation Canal Island/23May13Camera2-Card1-0730.jpg,763.78,1123.64,793.78,1153.64,Bird
high_resolution_photos/2013/Terrebonne Bay/Houma Navigation Canal Island/23May13Camera2-Card1-0730.jpg,751.78,1143.64,781.78,1173.64,Bird
high_resolution_photos/2013/Terrebonne Bay/Houma Navigation Canal Island/23May13Camera2-Card1-0730.jpg,2566.37,1126.36,2596.37,1156.36,Bird
high_resolution_photos/2013/Terrebonne Bay/Houma Navigation Canal Island/23May13Camera2-Card1-0730.jpg,820.69,1151.64,850.69,1181.64,Bird
high_resolution_photos/2013/Terrebonne Bay/Houma Navigation Canal Island/23May13Camera2-Card1-0730.jpg,247.23,1192.04,277.23,1222.04,Bird
high_resolution_photos/2013/Terrebonne Bay/Houma Navigation Canal Island/23May13Camera2-Card1-0730.jpg,2283.77,1199.66,2313.77,1229.66,Bird
high_resolution_photos/2013/Terrebonne Bay/Houma Navigation Canal Island/23May13Camera2-Card1-0730.jpg,2287.77,1213.66,2317.77,1243.66,Bird
high_resolution_photos/2013/Terrebonne Bay/Houma Navigation Canal Island/23May13Camera2-Card1-0730.jpg,1843.77,1205.04,1873.77,1235.04,Bird
high_resolution_photos/2013/Terrebonne Bay/Houma Navigation Canal Island/23May13Camera2-Card1-0730.jpg,871.64,1248.64,901.64,1278.64,Bird
high_resolution_photos/2013/Terrebonne Bay/Houma Navigation Canal Island/23May13Camera2-Card1-0730.jpg,404.58,1249.23,434.58,1279.23,Bird
high_resolution_photos/2013/Terrebonne Bay/Houma Navigation Canal Island/23May13Camera2-Card1-0730.jpg,957.95,1263.53,987.95,1293.53,Bird
high_resolution_photos/2013/Terrebonne Bay/Houma Navigation Canal Island/23May13Camera2-Card1-0730.jpg,118.07,1265.8,148.07,1295.8,Bird
high_resolution_photos/2013/Terrebonne Bay/Houma Navigation Canal Island/23May13Camera2-Card1-0730.jpg,221.17,1266.41,251.17,1296.41,Bird
high_resolution_photos/2013/Terrebonne Bay/Houma Navigation Canal Island/23May13Camera2-Card1-0730.jpg,646.98,1271.64,676.98,1301.64,Bird
high_resolution_photos/2013/Terrebonne Bay/Houma Navigation Canal Island/23May13Camera2-Card1-0730.jpg,1971.6,1269.22,2001.6,1299.22,Bird
high_resolution_photos/2013/Terrebonne Bay/Houma Navigation Canal Island/23May13Camera2-Card1-0730.jpg,1148.44,1313.64,1178.44,1343.64,Bird
high_resolution_photos/2013/Terrebonne Bay/Houma Navigation Canal Island/23May13Camera2-Card1-0730.jpg,220.92,1315.2,250.92,1345.2,Bird
high_resolution_photos/2013/Terrebonne Bay/Houma Navigation Canal Island/23May13Camera2-Card1-0730.jpg,959.08,1318.77,989.08,1348.77,Bird
high_resolution_photos/2013/Terrebonne Bay/Houma Navigation Canal Island/23May13Camera2-Card1-0730.jpg,1118.44,1333.11,1148.44,1363.11,Bird
high_resolution_photos/2013/Terrebonne Bay/Houma Navigation Canal Island/23May13Camera2-Card1-0730.jpg,942.98,1353.4,972.98,1383.4,Bird
high_resolution_photos/2013/Terrebonne Bay/Houma Navigation Canal Island/23May13Camera2-Card1-0730.jpg,1791.17,1367.05,1821.17,1397.05,Bird
high_resolution_photos/2013/Terrebonne Bay/Houma Navigation Canal Island/23May13Camera2-Card1-0730.jpg,983.78,1387.64,1013.78,1417.64,Bird
high_resolution_photos/2013/Terrebonne Bay/Houma Navigation Canal Island/23May13Camera2-Card1-0730.jpg,963.78,1391.64,993.78,1421.64,Bird
high_resolution_photos/2013/Terrebonne Bay/Houma Navigation Canal Island/23May13Camera2-Card1-0730.jpg,700.35,1403.35,730.35,1433.35,Bird
high_resolution_photos/2013/Terrebonne Bay/Houma Navigation Canal Island/23May13Camera2-Card1-0730.jpg,1838.97,1411.65,1868.97,1441.65,Bird
high_resolution_photos/2013/Terrebonne Bay/Houma Navigation Canal Island/23May13Camera2-Card1-0730.jpg,2164.94,1415.82,2194.94,1445.82,Bird
high_resolution_photos/2013/Terrebonne Bay/Houma Navigation Canal Island/23May13Camera2-Card1-0730.jpg,1091.07,1472.82,1121.07,1502.82,Bird
high_resolution_photos/2013/Terrebonne Bay/Houma Navigation Canal Island/23May13Camera2-Card1-0730.jpg,1716.12,1472.35,1746.12,1502.35,Bird
high_resolution_photos/2013/Terrebonne Bay/Houma Navigation Canal Island/23May13Camera2-Card1-0730.jpg,3139.4,1466.76,3169.4,1496.76,Bird
high_resolution_photos/2013/Terrebonne Bay/Houma Navigation Canal Island/23May13Camera2-Card1-0730.jpg,197.78,1486.9,227.78,1516.9,Bird
high_resolution_photos/2013/Terrebonne Bay/Houma Navigation Canal Island/23May13Camera2-Card1-0730.jpg,293.06,1490.63,323.06,1520.63,Bird
high_resolution_photos/2013/Terrebonne Bay/Houma Navigation Canal Island/23May13Camera2-Card1-0730.jpg,0.0,1553.62,27.34,1583.62,Bird
high_resolution_photos/2013/Terrebonne Bay/Houma Navigation Canal Island/23May13Camera2-Card1-0730.jpg,1283.77,1647.64,1313.77,1677.64,Bird
high_resolution_photos/2013/Terrebonne Bay/Houma Navigation Canal Island/23May13Camera2-Card1-0730.jpg,1279.77,1651.64,1309.77,1681.64,Bird
high_resolution_photos/2013/Terrebonne Bay/Houma Navigation Canal Island/23May13Camera2-Card1-0730.jpg,1246.09,1652.27,1276.09,1682.27,Bird
high_resolution_photos/2013/Terrebonne Bay/Houma Navigation Canal Island/23May13Camera2-Card1-0730.jpg,1079.01,1704.59,1109.01,1734.59,Bird
high_resolution_photos/2013/Terrebonne Bay/Houma Navigation Canal Island/23May13Camera2-Card1-0730.jpg,838.84,1746.57,868.84,1776.57,Bird
high_resolution_photos/2013/Terrebonne Bay/Houma Navigation Canal Island/23May13Camera2-Card1-0730.jpg,1318.23,1753.64,1348.23,1783.64,Bird
high_resolution_photos/2013/Terrebonne Bay/Houma Navigation Canal Island/23May13Camera2-Card1-0730.jpg,1941.76,1759.65,1971.76,1789.65,Bird
high_resolution_photos/2013/Terrebonne Bay/Houma Navigation Canal Island/23May13Camera2-Card1-0730.jpg,1962.43,1798.32,1992.43,1828.32,Bird
high_resolution_photos/2013/Terrebonne Bay/Houma Navigation Canal Island/23May13Camera2-Card1-0730.jpg,736.15,1754.49,766.15,1784.49,Bird
high_resolution_photos/2013/Terrebonne Bay/Houma Navigation Canal Island/23May13Camera2-Card1-0730.jpg,4685.85,1797.59,4715.85,1827.59,Bird
high_resolution_photos/2013/Terrebonne Bay/Houma Navigation Canal Island/23May13Camera2-Card1-0730.jpg,5151.75,1939.7,5181.75,1969.7,Bird
high_resolution_photos/2013/Terrebonne Bay/Houma Navigation Canal Island/23May13Camera2-Card1-0730.jpg,5127.75,1951.7,5157.75,1981.7,Bird
high_resolution_photos/2013/Terrebonne Bay/Houma Navigation Canal Island/23May13Camera2-Card1-0730.jpg,5115.75,1955.7,5145.75,1985.7,Bird
high_resolution_photos/2013/Terrebonne Bay/Houma Navigation Canal Island/23May13Camera2-Card1-0730.jpg,5093.75,1959.7,5123.75,1989.7,Bird
high_resolution_photos/2013/Terrebonne Bay/Houma Navigation Canal Island/23May13Camera2-Card1-0730.jpg,5065.75,1963.7,5095.75,1993.7,Bird
high_resolution_photos/2013/Terrebonne Bay/Houma Navigation Canal Island/23May13Camera2-Card1-0730.jpg,5053.75,1967.7,5083.75,1997.7,Bird
high_resolution_photos/2013/Terrebonne Bay/Houma Navigation Canal Island/23May13Camera2-Card1-0730.jpg,5029.75,1971.7,5059.75,2001.7,Bird
high_resolution_photos/2013/Terrebonne Bay/Houma Navigation Canal Island/23May13Camera2-Card1-0730.jpg,5013.75,1975.7,5043.75,2005.7,Bird
high_resolution_photos/2013/Terrebonne Bay/Houma Navigation Canal Island/23May13Camera2-Card1-0730.jpg,4993.75,1979.7,5023.75,2009.7,Bird
high_resolution_photos/2013/Terrebonne Bay/Houma Navigation Canal Island/23May13Camera2-Card1-0730.jpg,4979.75,1983.7,5009.75,2013.7,Bird
high_resolution_photos/2013/Terrebonne Bay/Houma Navigation Canal Island/23May13Camera2-Card1-0730.jpg,4963.75,1987.7,4993.75,2017.7,Bird
high_resolution_photos/2013/Terrebonne Bay/Houma Navigation Canal Island/23May13Camera2-Card1-0730.jpg,4941.75,1991.7,4971.75,2021.7,Bird
high_resolution_photos/2013/Terrebonne Bay/Houma Navigation Canal Island/23May13Camera2-Card1-0730.jpg,4919.75,1995.69,4949.75,2025.69,Bird
high_resolution_photos/2013/Terrebonne Bay/Houma Navigation Canal Island/23May13Camera2-Card1-0730.jpg,4903.75,1999.69,4933.75,2029.69,Bird
high_resolution_photos/2013/Terrebonne Bay/Houma Navigation Canal Island/23May13Camera2-Card1-0730.jpg,4881.75,2003.69,4911.75,2033.69,Bird
high_resolution_photos/2013/Terrebonne Bay/Houma Navigation Canal Island/23May13Camera2-Card1-0730.jpg,4861.75,2007.69,4891.75,2037.69,Bird
high_resolution_photos/2013/Terrebonne Bay/Houma Navigation Canal Island/23May13Camera2-Card1-0730.jpg,4837.75,2011.69,4867.75,2041.69,Bird
high_resolution_photos/2013/Terrebonne Bay/Houma Navigation Canal Island/23May13Camera2-Card1-0730.jpg,4823.75,2015.69,4853.75,2045.69,Bird
high_resolution_photos/2013/Terrebonne Bay/Houma Navigation Canal Island/23May13Camera2-Card1-0730.jpg,4801.75,2019.69,4831.75,2049.69,Bird
high_resolution_photos/2013/Terrebonne Bay/Houma Navigation Canal Island/23May13Camera2-Card1-0730.jpg,4785.75,2023.69,4815.75,2053.69,Bird
high_resolution_photos/2013/Terrebonne Bay/Houma Navigation Canal Island/23May13Camera2-Card1-0730.jpg,4763.75,2027.69,4793.75,2057.69,Bird
high_resolution_photos/2013/Terrebonne Bay/Houma Navigation Canal Island/23May13Camera2-Card1-0730.jpg,4749.75,2031.69,4779.75,2061.69,Bird
high_resolution_photos/2013/Terrebonne Bay/Houma Navigation Canal Island/23May13Camera2-Card1-0730.jpg,4719.75,2035.69,4749.75,2065.69,Bird
high_resolution_photos/2013/Terrebonne Bay/Houma Navigation Canal Island/23May13Camera2-Card1-0730.jpg,4707.75,2039.69,4737.75,2069.69,Bird
high_resolution_photos/2013/Terrebonne Bay/Houma Navigation Canal Island/23May13Camera2-Card1-0730.jpg,4683.75,2043.69,4713.75,2073.69,Bird
high_resolution_photos/2013/Terrebonne Bay/Houma Navigation Canal Island/23May13Camera2-Card1-0730.jpg,4671.75,2047.69,4701.75,2077.69,Bird
high_resolution_photos/2013/Terrebonne Bay/Houma Navigation Canal Island/23May13Camera2-Card1-0730.jpg,4649.75,2051.69,4679.75,2081.69,Bird
high_resolution_photos/2013/Terrebonne Bay/Houma Navigation Canal Island/23May13Camera2-Card1-0730.jpg,4629.75,2055.69,4659.75,2085.69,Bird
high_resolution_photos/2013/Terrebonne Bay/Houma Navigation Canal Island/23May13Camera2-Card1-0730.jpg,4609.75,2059.69,4639.75,2089.69,Bird
high_resolution_photos/2013/Terrebonne Bay/Houma Navigation Canal Island/23May13Camera2-Card1-0730.jpg,4593.75,2063.69,4623.75,2093.69,Bird
high_resolution_photos/2013/Terrebonne Bay/Houma Navigation Canal Island/23May13Camera2-Card1-0730.jpg,4569.75,2067.69,4599.75,2097.69,Bird
high_resolution_photos/2013/Terrebonne Bay/Houma Navigation Canal Island/23May13Camera2-Card1-0730.jpg,4557.75,2071.69,4587.75,2101.69,Bird
high_resolution_photos/2013/Terrebonne Bay/Houma Navigation Canal Island/23May13Camera2-Card1-0730.jpg,4529.75,2075.69,4559.75,2105.69,Bird
high_resolution_photos/2013/Terrebonne Bay/Houma Navigation Canal Island/23May13Camera2-Card1-0730.jpg,4517.75,2079.69,4547.75,2109.69,Bird
high_resolution_photos/2013/Terrebonne Bay/Houma Navigation Canal Island/23May13Camera2-Card1-0730.jpg,4487.75,2083.69,4517.75,2113.69,Bird
high_resolution_photos/2013/Terrebonne Bay/Houma Navigation Canal Island/23May13Camera2-Card1-0730.jpg,4479.75,2087.69,4509.75,2117.69,Bird
high_resolution_photos/2013/Terrebonne Bay/Houma Navigation Canal Island/23May13Camera2-Card1-0730.jpg,4455.75,2091.69,4485.75,2121.69,Bird
high_resolution_photos/2013/Terrebonne Bay/Houma Navigation Canal Island/23May13Camera2-Card1-0730.jpg,4423.75,2095.69,4453.75,2125.69,Bird
high_resolution_photos/2013/Terrebonne Bay/Houma Navigation Canal Island/23May13Camera2-Card1-0730.jpg,4437.75,2095.69,4467.75,2125.69,Bird
high_resolution_photos/2013/Terrebonne Bay/Houma Navigation Canal Island/23May13Camera2-Card1-0730.jpg,4411.75,2099.69,4441.75,2129.69,Bird
high_resolution_photos/2013/Terrebonne Bay/Houma Navigation Canal Island/23May13Camera2-Card1-0730.jpg,4383.75,2103.69,4413.75,2133.69,Bird
high_resolution_photos/2013/Terrebonne Bay/Houma Navigation Canal Island/23May13Camera2-Card1-0730.jpg,4401.75,2103.69,4431.75,2133.69,Bird
high_resolution_photos/2013/Terrebonne Bay/Houma Navigation Canal Island/23May13Camera2-Card1-0730.jpg,4359.75,2111.69,4389.75,2141.69,Bird
high_resolution_photos/2013/Terrebonne Bay/Houma Navigation Canal Island/23May13Camera2-Card1-0730.jpg,4335.75,2115.69,4365.75,2145.69,Bird
high_resolution_photos/2013/Terrebonne Bay/Houma Navigation Canal Island/23May13Camera2-Card1-0730.jpg,4321.75,2119.69,4351.75,2149.69,Bird
high_resolution_photos/2013/Terrebonne Bay/Houma Navigation Canal Island/23May13Camera2-Card1-0730.jpg,4295.75,2123.68,4325.75,2153.68,Bird
high_resolution_photos/2013/Terrebonne Bay/Houma Navigation Canal Island/23May13Camera2-Card1-0730.jpg,4283.75,2127.68,4313.75,2157.68,Bird
high_resolution_photos/2013/Terrebonne Bay/Houma Navigation Canal Island/23May13Camera2-Card1-0730.jpg,4265.75,2131.68,4295.75,2161.68,Bird
high_resolution_photos/2013/Terrebonne Bay/Houma Navigation Canal Island/23May13Camera2-Card1-0730.jpg,4241.75,2135.68,4271.75,2165.68,Bird
high_resolution_photos/2013/Terrebonne Bay/Houma Navigation Canal Island/23May13Camera2-Card1-0730.jpg,4219.75,2139.68,4249.75,2169.68,Bird
high_resolution_photos/2013/Terrebonne Bay/Houma Navigation Canal Island/23May13Camera2-Card1-0730.jpg,4201.75,2143.68,4231.75,2173.68,Bird
high_resolution_photos/2013/Terrebonne Bay/Houma Navigation Canal Island/23May13Camera2-Card1-0730.jpg,4185.75,2147.68,4215.75,2177.68,Bird
high_resolution_photos/2013/Terrebonne Bay/Houma Navigation Canal Island/23May13Camera2-Card1-0730.jpg,4171.75,2151.68,4201.75,2181.68,Bird
high_resolution_photos/2013/Terrebonne Bay/Houma Navigation Canal Island/23May13Camera2-Card1-0730.jpg,4087.75,2167.68,4117.75,2197.68,Bird
high_resolution_photos/2013/Terrebonne Bay/Houma Navigation Canal Island/23May13Camera2-Card1-0730.jpg,4123.75,2167.68,4153.75,2197.68,Bird
high_resolution_photos/2013/Terrebonne Bay/Houma Navigation Canal Island/23May13Camera2-Card1-0730.jpg,4071.75,2171.68,4101.75,2201.68,Bird
high_resolution_photos/2013/Terrebonne Bay/Houma Navigation Canal Island/23May13Camera2-Card1-0730.jpg,4049.75,2175.68,4079.75,2205.68,Bird
high_resolution_photos/2013/Terrebonne Bay/Houma Navigation Canal Island/23May13Camera2-Card1-0730.jpg,4027.75,2179.68,4057.75,2209.68,Bird
high_resolution_photos/2013/Terrebonne Bay/Houma Navigation Canal Island/23May13Camera2-Card1-0730.jpg,4013.75,2183.68,4043.75,2213.68,Bird
high_resolution_photos/2013/Terrebonne Bay/Houma Navigation Canal Island/23May13Camera2-Card1-0730.jpg,3983.75,2187.68,4013.75,2217.68,Bird
high_resolution_photos/2013/Terrebonne Bay/Houma Navigation Canal Island/23May13Camera2-Card1-0730.jpg,3977.75,2191.68,4007.75,2221.68,Bird
high_resolution_photos/2013/Terrebonne Bay/Houma Navigation Canal Island/23May13Camera2-Card1-0730.jpg,4131.75,2191.68,4161.75,2221.68,Bird
high_resolution_photos/2013/Terrebonne Bay/Houma Navigation Canal Island/23May13Camera2-Card1-0730.jpg,3951.75,2195.68,3981.75,2225.68,Bird
high_resolution_photos/2013/Terrebonne Bay/Houma Navigation Canal Island/23May13Camera2-Card1-0730.jpg,3937.75,2199.68,3967.75,2229.68,Bird
high_resolution_photos/2013/Terrebonne Bay/Houma Navigation Canal Island/23May13Camera2-Card1-0730.jpg,3911.75,2203.68,3941.75,2233.68,Bird
high_resolution_photos/2013/Terrebonne Bay/Houma Navigation Canal Island/23May13Camera2-Card1-0730.jpg,4135.75,2203.68,4165.75,2233.68,Bird
high_resolution_photos/2013/Terrebonne Bay/Houma Navigation Canal Island/23May13Camera2-Card1-0730.jpg,3897.75,2207.68,3927.75,2237.68,Bird
high_resolution_photos/2013/Terrebonne Bay/Houma Navigation Canal Island/23May13Camera2-Card1-0730.jpg,3877.75,2211.68,3907.75,2241.68,Bird
high_resolution_photos/2013/Terrebonne Bay/Houma Navigation Canal Island/23May13Camera2-Card1-0730.jpg,3861.75,2215.68,3891.75,2245.68,Bird
high_resolution_photos/2013/Terrebonne Bay/Houma Navigation Canal Island/23May13Camera2-Card1-0730.jpg,4139.75,2215.68,4169.75,2245.68,Bird
high_resolution_photos/2013/Terrebonne Bay/Houma Navigation Canal Island/23May13Camera2-Card1-0730.jpg,3835.75,2219.68,3865.75,2249.68,Bird
high_resolution_photos/2013/Terrebonne Bay/Houma Navigation Canal Island/23May13Camera2-Card1-0730.jpg,3821.75,2223.68,3851.75,2253.68,Bird
high_resolution_photos/2013/Terrebonne Bay/Houma Navigation Canal Island/23May13Camera2-Card1-0730.jpg,4147.75,2235.68,4177.75,2265.68,Bird
high_resolution_photos/2013/Terrebonne Bay/Houma Navigation Canal Island/23May13Camera2-Card1-0730.jpg,4151.75,2249.68,4181.75,2279.68,Bird
high_resolution_photos/2013/Terrebonne Bay/Houma Navigation Canal Island/23May13Camera2-Card1-0730.jpg,4155.75,2263.68,4185.75,2293.68,Bird
high_resolution_photos/2013/Terrebonne Bay/Houma Navigation Canal Island/23May13Camera2-Card1-0730.jpg,4163.75,2283.68,4193.75,2313.68,Bird
high_resolution_photos/2013/Terrebonne Bay/Houma Navigation Canal Island/23May13Camera2-Card1-0730.jpg,4167.75,2295.68,4197.75,2325.68,Bird
high_resolution_photos/2013/Terrebonne Bay/Houma Navigation Canal Island/23May13Camera2-Card1-0730.jpg,4171.75,2307.68,4201.75,2337.68,Bird
high_resolution_photos/2013/Terrebonne Bay/Houma Navigation Canal Island/23May13Camera2-Card1-0730.jpg,4175.74,2317.68,4205.74,2347.68,Bird
high_resolution_photos/2013/Terrebonne Bay/Houma Navigation Canal Island/23May13Camera2-Card1-0730.jpg,4179.74,2331.68,4209.74,2361.68,Bird
high_resolution_photos/2013/Terrebonne Bay/Houma Navigation Canal Island/23May13Camera2-Card1-0730.jpg,4183.74,2341.68,4213.74,2371.68,Bird
high_resolution_photos/2013/Terrebonne Bay/Houma Navigation Canal Island/23May13Camera2-Card1-0730.jpg,4191.74,2363.68,4221.74,2393.68,Bird
high_resolution_photos/2013/Terrebonne Bay/Houma Navigation Canal Island/23May13Camera2-Card1-0730.jpg,4195.74,2377.68,4225.74,2407.68,Bird
high_resolution_photos/2013/Terrebonne Bay/Houma Navigation Canal Island/23May13Camera2-Card1-0730.jpg,4199.74,2385.68,4229.74,2415.68,Bird
high_resolution_photos/2013/Terrebonne Bay/Houma Navigation Canal Island/23May13Camera2-Card1-0730.jpg,5161.44,3036.26,5183.0,3066.26,Bird
high_resolution_photos/2013/Terrebonne Bay/Houma Navigation Canal Island/23May13Camera2-Card1-0730.jpg,5139.73,3039.69,5169.73,3069.69,Bird
high_resolution_photos/2013/Terrebonne Bay/Houma Navigation Canal Island/23May13Camera2-Card1-0730.jpg,5103.73,3044.69,5133.73,3074.69,Bird
high_resolution_photos/2013/Terrebonne Bay/Houma Navigation Canal Island/23May13Camera2-Card1-0730.jpg,5081.73,3047.69,5111.73,3077.69,Bird
high_resolution_photos/2013/Terrebonne Bay/Houma Navigation Canal Island/23May13Camera2-Card1-0730.jpg,5053.73,3051.69,5083.73,3081.69,Bird
high_resolution_photos/2013/Terrebonne Bay/Houma Navigation Canal Island/23May13Camera2-Card1-0730.jpg,5033.73,3055.69,5063.73,3085.69,Bird
high_resolution_photos/2013/Terrebonne Bay/Houma Navigation Canal Island/23May13Camera2-Card1-0730.jpg,4987.73,3061.69,5017.73,3091.69,Bird
high_resolution_photos/2013/Terrebonne Bay/Houma Navigation Canal Island/23May13Camera2-Card1-0730.jpg,4957.73,3065.69,4987.73,3095.69,Bird
high_resolution_photos/2013/Terrebonne Bay/Houma Navigation Canal Island/23May13Camera2-Card1-0730.jpg,4911.73,3067.69,4941.73,3097.69,Bird
high_resolution_photos/2013/Terrebonne Bay/Houma Navigation Canal Island/23May13Camera2-Card1-0730.jpg,4933.73,3067.69,4963.73,3097.69,Bird
high_resolution_photos/2013/Terrebonne Bay/Houma Navigation Canal Island/23May13Camera2-Card1-0730.jpg,4891.73,3073.69,4921.73,3103.69,Bird
high_resolution_photos/2013/Terrebonne Bay/Houma Navigation Canal Island/23May13Camera2-Card1-0730.jpg,4907.73,3071.69,4937.73,3101.69,Bird
high_resolution_photos/2013/Terrebonne Bay/Houma Navigation Canal Island/23May13Camera2-Card1-0730.jpg,4875.73,3075.69,4905.73,3105.69,Bird
high_resolution_photos/2013/Terrebonne Bay/Houma Navigation Canal Island/23May13Camera2-Card1-0730.jpg,4839.73,3081.69,4869.73,3111.69,Bird
high_resolution_photos/2013/Terrebonne Bay/Houma Navigation Canal Island/23May13Camera2-Card1-0730.jpg,4861.73,3079.69,4891.73,3109.69,Bird
high_resolution_photos/2013/Terrebonne Bay/Houma Navigation Canal Island/23May13Camera2-Card1-0730.jpg,4811.06,3085.02,4841.06,3115.02,Bird
high_resolution_photos/2013/Terrebonne Bay/Houma Navigation Canal Island/23May13Camera2-Card1-0730.jpg,4783.73,3089.69,4813.73,3119.69,Bird
high_resolution_photos/2013/Terrebonne Bay/Houma Navigation Canal Island/23May13Camera2-Card1-0730.jpg,4746.4,3094.8,4776.4,3124.8,Bird
high_resolution_photos/2013/Terrebonne Bay/Houma Navigation Canal Island/23May13Camera2-Card1-0730.jpg,4701.73,3099.69,4731.73,3129.69,Bird
high_resolution_photos/2013/Terrebonne Bay/Houma Navigation Canal Island/23May13Camera2-Card1-0730.jpg,4683.73,3103.69,4713.73,3133.69,Bird
high_resolution_photos/2013/Terrebonne Bay/Houma Navigation Canal Island/23May13Camera2-Card1-0730.jpg,4627.73,3107.68,4657.73,3137.68,Bird
high_resolution_photos/2013/Terrebonne Bay/Houma Navigation Canal Island/23May13Camera2-Card1-0730.jpg,4651.73,3107.68,4681.73,3137.68,Bird
high_resolution_photos/2013/Terrebonne Bay/Houma Navigation Canal Island/23May13Camera2-Card1-0730.jpg,4615.73,3111.68,4645.73,3141.68,Bird
high_resolution_photos/2013/Terrebonne Bay/Houma Navigation Canal Island/23May13Camera2-Card1-0730.jpg,4576.04,3118.45,4606.04,3148.45,Bird
high_resolution_photos/2013/Terrebonne Bay/Houma Navigation Canal Island/23May13Camera2-Card1-0730.jpg,4529.73,3123.68,4559.73,3153.68,Bird
high_resolution_photos/2013/Terrebonne Bay/Houma Navigation Canal Island/23May13Camera2-Card1-0730.jpg,4511.73,3127.68,4541.73,3157.68,Bird
high_resolution_photos/2013/Terrebonne Bay/Houma Navigation Canal Island/23May13Camera2-Card1-0730.jpg,1310.01,1968.6,1340.01,1998.6,Bird
high_resolution_photos/2013/Terrebonne Bay/Houma Navigation Canal Island/23May13Camera2-Card1-0730.jpg,1957.2,1978.85,1987.2,2008.85,Bird
high_resolution_photos/2013/Terrebonne Bay/Houma Navigation Canal Island/23May13Camera2-Card1-0730.jpg,1357.5,1999.99,1387.5,2029.99,Bird
high_resolution_photos/2013/Terrebonne Bay/Houma Navigation Canal Island/23May13Camera2-Card1-0730.jpg,789.37,1998.83,819.37,2028.83,Bird
high_resolution_photos/2013/Terrebonne Bay/Houma Navigation Canal Island/23May13Camera2-Card1-0730.jpg,1828.72,2073.25,1858.72,2103.25,Bird
high_resolution_photos/2013/Terrebonne Bay/Houma Navigation Canal Island/23May13Camera2-Card1-0730.jpg,493.76,2275.63,523.76,2305.63,Bird
high_resolution_photos/2013/Terrebonne Bay/Houma Navigation Canal Island/23May13Camera2-Card1-0730.jpg,526.73,2276.96,556.73,2306.96,Bird
high_resolution_photos/2013/Terrebonne Bay/Houma Navigation Canal Island/23May13Camera2-Card1-0730.jpg,303.07,2368.87,333.07,2398.87,Bird
high_resolution_photos/2013/Terrebonne Bay/Houma Navigation Canal Island/23May13Camera2-Card1-0730.jpg,2537.75,2891.65,2567.75,2921.65,Bird
high_resolution_photos/2013/Terrebonne Bay/Houma Navigation Canal Island/23May13Camera2-Card1-0730.jpg,2073.75,2895.65,2103.75,2925.65,Bird
high_resolution_photos/2013/Terrebonne Bay/Houma Navigation Canal Island/23May13Camera2-Card1-0730.jpg,2011.75,2899.65,2041.75,2929.65,Bird
high_resolution_photos/2013/Terrebonne Bay/Houma Navigation Canal Island/23May13Camera2-Card1-0730.jpg,2089.75,2899.65,2119.75,2929.65,Bird
high_resolution_photos/2013/Terrebonne Bay/Houma Navigation Canal Island/23May13Camera2-Card1-0730.jpg,2110.25,2902.15,2140.25,2932.15,Bird
high_resolution_photos/2013/Terrebonne Bay/Houma Navigation Canal Island/23May13Camera2-Card1-0730.jpg,2507.75,2899.65,2537.75,2929.65,Bird
high_resolution_photos/2013/Terrebonne Bay/Houma Navigation Canal Island/23May13Camera2-Card1-0730.jpg,1991.75,2903.65,2021.75,2933.65,Bird
high_resolution_photos/2013/Terrebonne Bay/Houma Navigation Canal Island/23May13Camera2-Card1-0730.jpg,2153.75,2903.65,2183.75,2933.65,Bird
high_resolution_photos/2013/Terrebonne Bay/Houma Navigation Canal Island/23May13Camera2-Card1-0730.jpg,2495.75,2903.65,2525.75,2933.65,Bird
high_resolution_photos/2013/Terrebonne Bay/Houma Navigation Canal Island/23May13Camera2-Card1-0730.jpg,1959.75,2907.65,1989.75,2937.65,Bird
high_resolution_photos/2013/Terrebonne Bay/Houma Navigation Canal Island/23May13Camera2-Card1-0730.jpg,2188.05,2908.88,2218.05,2938.88,Bird
high_resolution_photos/2013/Terrebonne Bay/Houma Navigation Canal Island/23May13Camera2-Card1-0730.jpg,2483.75,2907.65,2513.75,2937.65,Bird
high_resolution_photos/2013/Terrebonne Bay/Houma Navigation Canal Island/23May13Camera2-Card1-0730.jpg,1927.75,2911.65,1957.75,2941.65,Bird
high_resolution_photos/2013/Terrebonne Bay/Houma Navigation Canal Island/23May13Camera2-Card1-0730.jpg,2241.75,2911.65,2271.75,2941.65,Bird
high_resolution_photos/2013/Terrebonne Bay/Houma Navigation Canal Island/23May13Camera2-Card1-0730.jpg,2471.75,2911.65,2501.75,2941.65,Bird
high_resolution_photos/2013/Terrebonne Bay/Houma Navigation Canal Island/23May13Camera2-Card1-0730.jpg,1879.75,2915.64,1909.75,2945.64,Bird
high_resolution_photos/2013/Terrebonne Bay/Houma Navigation Canal Island/23May13Camera2-Card1-0730.jpg,2215.75,2915.65,2245.75,2945.65,Bird
high_resolution_photos/2013/Terrebonne Bay/Houma Navigation Canal Island/23May13Camera2-Card1-0730.jpg,2283.96,2918.6,2313.96,2948.6,Bird
high_resolution_photos/2013/Terrebonne Bay/Houma Navigation Canal Island/23May13Camera2-Card1-0730.jpg,2451.75,2915.65,2481.75,2945.65,Bird
high_resolution_photos/2013/Terrebonne Bay/Houma Navigation Canal Island/23May13Camera2-Card1-0730.jpg,1819.75,2919.64,1849.75,2949.64,Bird
high_resolution_photos/2013/Terrebonne Bay/Houma Navigation Canal Island/23May13Camera2-Card1-0730.jpg,1863.75,2919.64,1893.75,2949.64,Bird
high_resolution_photos/2013/Terrebonne Bay/Houma Navigation Canal Island/23May13Camera2-Card1-0730.jpg,2443.75,2919.65,2473.75,2949.65,Bird
high_resolution_photos/2013/Terrebonne Bay/Houma Navigation Canal Island/23May13Camera2-Card1-0730.jpg,1807.75,2923.64,1837.75,2953.64,Bird
high_resolution_photos/2013/Terrebonne Bay/Houma Navigation Canal Island/23May13Camera2-Card1-0730.jpg,1843.75,2923.64,1873.75,2953.64,Bird
high_resolution_photos/2013/Terrebonne Bay/Houma Navigation Canal Island/23May13Camera2-Card1-0730.jpg,2355.98,2926.0,2385.98,2956.0,Bird
high_resolution_photos/2013/Terrebonne Bay/Houma Navigation Canal Island/23May13Camera2-Card1-0730.jpg,1775.75,2931.64,1805.75,2961.64,Bird
high_resolution_photos/2013/Terrebonne Bay/Houma Navigation Canal Island/23May13Camera2-Card1-0730.jpg,2391.75,2931.65,2421.75,2961.65,Bird
high_resolution_photos/2013/Terrebonne Bay/Houma Navigation Canal Island/23May13Camera2-Card1-0730.jpg,1759.75,2935.64,1789.75,2965.64,Bird
high_resolution_photos/2013/Terrebonne Bay/Houma Navigation Canal Island/23May13Camera2-Card1-0730.jpg,2411.75,2935.65,2441.75,2965.65,Bird
high_resolution_photos/2013/Terrebonne Bay/Houma Navigation Canal Island/23May13Camera2-Card1-0730.jpg,1712.75,2942.64,1742.75,2972.64,Bird
high_resolution_photos/2013/Terrebonne Bay/Houma Navigation Canal Island/23May13Camera2-Card1-0730.jpg,1659.75,2949.64,1689.75,2979.64,Bird
high_resolution_photos/2013/Terrebonne Bay/Houma Navigation Canal Island/23May13Camera2-Card1-0730.jpg,1612.75,2956.64,1642.75,2986.64,Bird
high_resolution_photos/2013/Terrebonne Bay/Houma Navigation Canal Island/23May13Camera2-Card1-0730.jpg,2415.74,2957.65,2445.74,2987.65,Bird
high_resolution_photos/2013/Terrebonne Bay/Houma Navigation Canal Island/23May13Camera2-Card1-0730.jpg,1551.75,2964.64,1581.75,2994.64,Bird
high_resolution_photos/2013/Terrebonne Bay/Houma Navigation Canal Island/23May13Camera2-Card1-0730.jpg,1529.75,2967.64,1559.75,2997.64,Bird
high_resolution_photos/2013/Terrebonne Bay/Houma Navigation Canal Island/23May13Camera2-Card1-0730.jpg,2419.74,2967.65,2449.74,2997.65,Bird
high_resolution_photos/2013/Terrebonne Bay/Houma Navigation Canal Island/23May13Camera2-Card1-0730.jpg,1487.25,2973.14,1517.25,3003.14,Bird
high_resolution_photos/2013/Terrebonne Bay/Houma Navigation Canal Island/23May13Camera2-Card1-0730.jpg,1425.75,2979.64,1455.75,3009.64,Bird
high_resolution_photos/2013/Terrebonne Bay/Houma Navigation Canal Island/23May13Camera2-Card1-0730.jpg,1443.75,2979.64,1473.75,3009.64,Bird
high_resolution_photos/2013/Terrebonne Bay/Houma Navigation Canal Island/23May13Camera2-Card1-0730.jpg,1411.75,2983.64,1441.75,3013.64,Bird
high_resolution_photos/2013/Terrebonne Bay/Houma Navigation Canal Island/23May13Camera2-Card1-0730.jpg,1385.35,2988.84,1415.35,3018.84,Bird
high_resolution_photos/2013/Terrebonne Bay/Houma Navigation Canal Island/23May13Camera2-Card1-0730.jpg,2427.74,2987.65,2457.74,3017.65,Bird
high_resolution_photos/2013/Terrebonne Bay/Houma Navigation Canal Island/23May13Camera2-Card1-0730.jpg,1355.75,2991.64,1385.75,3021.64,Bird
high_resolution_photos/2013/Terrebonne Bay/Houma Navigation Canal Island/23May13Camera2-Card1-0730.jpg,1309.75,2995.64,1339.75,3025.64,Bird
high_resolution_photos/2013/Terrebonne Bay/Houma Navigation Canal Island/23May13Camera2-Card1-0730.jpg,1335.75,2995.64,1365.75,3025.64,Bird
high_resolution_photos/2013/Terrebonne Bay/Houma Navigation Canal Island/23May13Camera2-Card1-0730.jpg,2431.74,2999.65,2461.74,3029.65,Bird
high_resolution_photos/2013/Terrebonne Bay/Houma Navigation Canal Island/23May13Camera2-Card1-0730.jpg,1255.75,3003.64,1285.75,3033.64,Bird
high_resolution_photos/2013/Terrebonne Bay/Houma Navigation Canal Island/23May13Camera2-Card1-0730.jpg,1275.75,3003.64,1305.75,3033.64,Bird
high_resolution_photos/2013/Terrebonne Bay/Houma Navigation Canal Island/23May13Camera2-Card1-0730.jpg,1231.75,3007.63,1261.75,3037.63,Bird
high_resolution_photos/2013/Terrebonne Bay/Houma Navigation Canal Island/23May13Camera2-Card1-0730.jpg,1203.75,3011.63,1233.75,3041.63,Bird
high_resolution_photos/2013/Terrebonne Bay/Houma Navigation Canal Island/23May13Camera2-Card1-0730.jpg,2435.74,3015.65,2465.74,3045.65,Bird
high_resolution_photos/2013/Terrebonne Bay/Houma Navigation Canal Island/23May13Camera2-Card1-0730.jpg,1161.75,3019.63,1191.75,3049.63,Bird
high_resolution_photos/2013/Terrebonne Bay/Houma Navigation Canal Island/23May13Camera2-Card1-0730.jpg,1129.75,3023.63,1159.75,3053.63,Bird
high_resolution_photos/2013/Terrebonne Bay/Houma Navigation Canal Island/23May13Camera2-Card1-0730.jpg,1093.75,3027.63,1123.75,3057.63,Bird
high_resolution_photos/2013/Terrebonne Bay/Houma Navigation Canal Island/23May13Camera2-Card1-0730.jpg,1075.75,3035.63,1105.75,3065.63,Bird
high_resolution_photos/2013/Terrebonne Bay/Houma Navigation Canal Island/23May13Camera2-Card1-0730.jpg,2443.74,3037.65,2473.74,3067.65,Bird
high_resolution_photos/2013/Terrebonne Bay/Houma Navigation Canal Island/23May13Camera2-Card1-0730.jpg,1071.75,3039.63,1101.75,3069.63,Bird
high_resolution_photos/2013/Terrebonne Bay/Houma Navigation Canal Island/23May13Camera2-Card1-0730.jpg,2447.74,3045.65,2477.74,3075.65,Bird
high_resolution_photos/2013/Terrebonne Bay/Houma Navigation Canal Island/23May13Camera2-Card1-0730.jpg,1070.15,3079.63,1100.15,3109.63,Bird
high_resolution_photos/2013/Terrebonne Bay/Houma Navigation Canal Island/23May13Camera2-Card1-0730.jpg,2455.74,3067.65,2485.74,3097.65,Bird
high_resolution_photos/2013/Terrebonne Bay/Houma Navigation Canal Island/23May13Camera2-Card1-0730.jpg,2459.74,3083.65,2489.74,3113.65,Bird
high_resolution_photos/2013/Terrebonne Bay/Houma Navigation Canal Island/23May13Camera2-Card1-0730.jpg,2467.74,3103.65,2497.74,3133.65,Bird
high_resolution_photos/2013/Terrebonne Bay/Houma Navigation Canal Island/23May13Camera2-Card1-0730.jpg,2471.74,3115.65,2501.74,3145.65,Bird
high_resolution_photos/2013/Terrebonne Bay/Houma Navigation Canal Island/23May13Camera2-Card1-0730.jpg,1067.75,3131.63,1097.75,3161.63,Bird
high_resolution_photos/2013/Terrebonne Bay/Houma Navigation Canal Island/23May13Camera2-Card1-0730.jpg,2475.74,3127.65,2505.74,3157.65,Bird
high_resolution_photos/2013/Terrebonne Bay/Houma Navigation Canal Island/23May13Camera2-Card1-0730.jpg,2479.74,3141.65,2509.74,3171.65,Bird
high_resolution_photos/2013/Terrebonne Bay/Houma Navigation Canal Island/23May13Camera2-Card1-0730.jpg,2483.74,3153.65,2513.74,3183.65,Bird
high_resolution_photos/2013/Terrebonne Bay/Houma Navigation Canal Island/23May13Camera2-Card1-0730.jpg,2487.74,3159.65,2517.74,3189.65,Bird
high_resolution_photos/2013/Terrebonne Bay/Houma Navigation Canal Island/23May13Camera2-Card1-0730.jpg,2491.74,3177.65,2521.74,3207.65,Bird
high_resolution_photos/2013/Terrebonne Bay/Houma Navigation Canal Island/23May13Camera2-Card1-0730.jpg,2495.74,3189.65,2525.74,3219.65,Bird
high_resolution_photos/2013/Terrebonne Bay/Houma Navigation Canal Island/23May13Camera2-Card1-0730.jpg,1063.75,3191.63,1093.75,3221.63,Bird
high_resolution_photos/2013/Terrebonne Bay/Houma Navigation Canal Island/23May13Camera2-Card1-0730.jpg,2499.74,3197.65,2529.74,3227.65,Bird
high_resolution_photos/2013/Terrebonne Bay/Houma Navigation Canal Island/23May13Camera2-Card1-0730.jpg,2503.74,3209.65,2533.74,3239.65,Bird
high_resolution_photos/2013/Terrebonne Bay/Houma Navigation Canal Island/23May13Camera2-Card1-0730.jpg,1067.75,3217.63,1097.75,3247.63,Bird
high_resolution_photos/2013/Terrebonne Bay/Houma Navigation Canal Island/23May13Camera2-Card1-0730.jpg,2507.74,3219.65,2537.74,3249.65,Bird
high_resolution_photos/2013/Terrebonne Bay/Houma Navigation Canal Island/23May13Camera2-Card1-0730.jpg,2511.74,3231.65,2541.74,3261.65,Bird
high_resolution_photos/2013/Terrebonne Bay/Houma Navigation Canal Island/23May13Camera2-Card1-0730.jpg,1060.89,3267.06,1090.89,3297.06,Bird
high_resolution_photos/2013/Terrebonne Bay/Houma Navigation Canal Island/23May13Camera2-Card1-0730.jpg,2515.74,3245.65,2545.74,3275.65,Bird
high_resolution_photos/2013/Terrebonne Bay/Houma Navigation Canal Island/23May13Camera2-Card1-0730.jpg,2519.74,3257.65,2549.74,3287.65,Bird
high_resolution_photos/2013/Terrebonne Bay/Houma Navigation Canal Island/23May13Camera2-Card1-0730.jpg,2523.74,3267.65,2553.74,3297.65,Bird
high_resolution_photos/2013/Terrebonne Bay/Houma Navigation Canal Island/23May13Camera2-Card1-0730.jpg,2527.74,3275.65,2557.74,3305.65,Bird
high_resolution_photos/2013/Terrebonne Bay/Houma Navigation Canal Island/23May13Camera2-Card1-0730.jpg,2531.74,3287.65,2561.74,3317.65,Bird
high_resolution_photos/2013/Terrebonne Bay/Houma Navigation Canal Island/23May13Camera2-Card1-0730.jpg,1059.75,3335.63,1089.75,3365.63,Bird
high_resolution_photos/2013/Terrebonne Bay/Houma Navigation Canal Island/23May13Camera2-Card1-0730.jpg,1057.75,3397.63,1087.75,3427.63,Bird
high_resolution_photos/2013/Terrebonne Bay/Houma Navigation Canal Island/23May13Camera2-Card1-0730.jpg,862.88,2582.26,892.88,2612.26,Bird
high_resolution_photos/2013/Terrebonne Bay/Houma Navigation Canal Island/23May13Camera2-Card1-0730.jpg,203.75,3239.62,233.75,3269.62,Bird
high_resolution_photos/2013/Atchafalaya Bay/Skimmer Island/23May13Camera1-Card1-0149.jpg,170.15,0.0,201.15,22.15,WHIB brood
high_resolution_photos/2013/Atchafalaya Bay/Skimmer Island/23May13Camera1-Card1-0149.jpg,4868.16,7.2,4899.16,38.2,WHIB brood
high_resolution_photos/2013/Atchafalaya Bay/Skimmer Island/23May13Camera1-Card1-0149.jpg,1640.15,67.17,1671.15,98.17,WHIB chick
high_resolution_photos/2013/Atchafalaya Bay/Skimmer Island/23May13Camera1-Card1-0149.jpg,1622.15,89.16,1653.15,120.16,WHIB bird
high_resolution_photos/2013/Atchafalaya Bay/Skimmer Island/23May13Camera1-Card1-0149.jpg,3368.16,67.18,3399.16,98.18,TRHE site
high_resolution_photos/2013/Atchafalaya Bay/Skimmer Island/23May13Camera1-Card1-0149.jpg,3352.16,83.18,3383.16,114.18,TRHE bird
high_resolution_photos/2013/Atchafalaya Bay/Skimmer Island/23May13Camera1-Card1-0149.jpg,1206.46,82.24,1237.46,113.24,LAGU site
high_resolution_photos/2013/Atchafalaya Bay/Skimmer Island/23May13Camera1-Card1-0149.jpg,2542.15,113.17,2573.15,144.17,LAGU site
high_resolution_photos/2013/Atchafalaya Bay/Skimmer Island/23May13Camera1-Card1-0149.jpg,2532.15,127.17,2563.15,158.17,TRHE site
high_resolution_photos/2013/Atchafalaya Bay/Skimmer Island/23May13Camera1-Card1-0149.jpg,4948.16,113.2,4979.16,144.2,WHIB brood
high_resolution_photos/2013/Atchafalaya Bay/Skimmer Island/23May13Camera1-Card1-0149.jpg,3400.15,155.18,3431.15,186.18,LAGU site
high_resolution_photos/2013/Atchafalaya Bay/Skimmer Island/23May13Camera1-Card1-0149.jpg,3404.15,163.18,3435.15,194.18,LAGU site
high_resolution_photos/2013/Atchafalaya Bay/Skimmer Island/23May13Camera1-Card1-0149.jpg,3400.15,177.18,3431.15,208.18,LAGU site
high_resolution_photos/2013/Atchafalaya Bay/Skimmer Island/23May13Camera1-Card1-0149.jpg,1560.15,175.16,1591.15,206.16,WHIB site
high_resolution_photos/2013/Atchafalaya Bay/Skimmer Island/23May13Camera1-Card1-0149.jpg,1568.15,175.16,1599.15,206.16,WHIB bird
high_resolution_photos/2013/Atchafalaya Bay/Skimmer Island/23May13Camera1-Card1-0149.jpg,1544.15,227.16,1575.15,258.16,WHIB bird
high_resolution_photos/2013/Atchafalaya Bay/Skimmer Island/23May13Camera1-Card1-0149.jpg,1552.15,235.16,1583.15,266.16,WHIB site
high_resolution_photos/2013/Atchafalaya Bay/Skimmer Island/23May13Camera1-Card1-0149.jpg,2524.15,247.17,2555.15,278.17,TRHE site
high_resolution_photos/2013/Atchafalaya Bay/Skimmer Island/23May13Camera1-Card1-0149.jpg,2508.15,251.17,2539.15,282.17,LAGU site
high_resolution_photos/2013/Atchafalaya Bay/Skimmer Island/23May13Camera1-Card1-0149.jpg,3350.15,231.18,3381.15,262.18,LAGU site
high_resolution_photos/2013/Atchafalaya Bay/Skimmer Island/23May13Camera1-Card1-0149.jpg,3332.15,259.18,3363.15,290.18,LAGU site
high_resolution_photos/2013/Atchafalaya Bay/Skimmer Island/23May13Camera1-Card1-0149.jpg,172.15,255.15,203.15,286.15,WHIB site
high_resolution_photos/2013/Atchafalaya Bay/Skimmer Island/23May13Camera1-Card1-0149.jpg,160.15,261.15,191.15,292.15,WHIB site
high_resolution_photos/2013/Atchafalaya Bay/Skimmer Island/23May13Camera1-Card1-0149.jpg,168.15,291.15,199.15,322.15,WHIB site
high_resolution_photos/2013/Atchafalaya Bay/Skimmer Island/23May13Camera1-Card1-0149.jpg,164.15,299.15,195.15,330.15,WHIB site
high_resolution_photos/2013/Atchafalaya Bay/Skimmer Island/23May13Camera1-Card1-0149.jpg,1462.15,259.16,1493.15,290.16,WHIB site
high_resolution_photos/2013/Atchafalaya Bay/Skimmer Island/23May13Camera1-Card1-0149.jpg,1456.15,263.16,1487.15,294.16,WHIB bird
high_resolution_photos/2013/Atchafalaya Bay/Skimmer Island/23May13Camera1-Card1-0149.jpg,1472.15,263.16,1503.15,294.16,WHIB site
high_resolution_photos/2013/Atchafalaya Bay/Skimmer Island/23May13Camera1-Card1-0149.jpg,1448.15,267.16,1479.15,298.16,WHIB bird
high_resolution_photos/2013/Atchafalaya Bay/Skimmer Island/23May13Camera1-Card1-0149.jpg,2004.15,255.17,2035.15,286.17,TRHE site
high_resolution_photos/2013/Atchafalaya Bay/Skimmer Island/23May13Camera1-Card1-0149.jpg,2008.15,261.17,2039.15,292.17,LAGU site
high_resolution_photos/2013/Atchafalaya Bay/Skimmer Island/23May13Camera1-Card1-0149.jpg,2012.15,267.17,2043.15,298.17,LAGU site
high_resolution_photos/2013/Atchafalaya Bay/Skimmer Island/23May13Camera1-Card1-0149.jpg,2020.15,271.17,2051.15,302.17,LAGU site
high_resolution_photos/2013/Atchafalaya Bay/Skimmer Island/23May13Camera1-Card1-0149.jpg,88.15,275.15,119.15,306.15,WHIB site
high_resolution_photos/2013/Atchafalaya Bay/Skimmer Island/23May13Camera1-Card1-0149.jpg,76.15,283.15,107.15,314.15,WHIB site
high_resolution_photos/2013/Atchafalaya Bay/Skimmer Island/23May13Camera1-Card1-0149.jpg,468.84,267.04,499.84,298.04,WHIB site
high_resolution_photos/2013/Atchafalaya Bay/Skimmer Island/23May13Camera1-Card1-0149.jpg,1665.56,263.27,1696.56,294.27,WHIB site
high_resolution_photos/2013/Atchafalaya Bay/Skimmer Island/23May13Camera1-Card1-0149.jpg,96.29,354.18,127.29,385.18,WHIB site
high_resolution_photos/2013/Atchafalaya Bay/Skimmer Island/23May13Camera1-Card1-0149.jpg,246.99,407.54,277.99,438.54,WHIB site
high_resolution_photos/2013/Atchafalaya Bay/Skimmer Island/23May13Camera1-Card1-0149.jpg,2412.15,415.17,2443.15,446.17,LAGU site
high_resolution_photos/2013/Atchafalaya Bay/Skimmer Island/23May13Camera1-Card1-0149.jpg,2410.15,427.17,2441.15,458.17,LAGU site
high_resolution_photos/2013/Atchafalaya Bay/Skimmer Island/23May13Camera1-Card1-0149.jpg,77.82,412.82,108.82,443.82,WHIB site
high_resolution_photos/2013/Atchafalaya Bay/Skimmer Island/23May13Camera1-Card1-0149.jpg,3520.15,431.18,3551.15,462.18,WHIB site
high_resolution_photos/2013/Atchafalaya Bay/Skimmer Island/23May13Camera1-Card1-0149.jpg,3528.15,443.18,3559.15,474.18,WHIB site
high_resolution_photos/2013/Atchafalaya Bay/Skimmer Island/23May13Camera1-Card1-0149.jpg,24.15,419.15,55.15,450.15,WHIB site
high_resolution_photos/2013/Atchafalaya Bay/Skimmer Island/23May13Camera1-Card1-0149.jpg,28.15,427.15,59.15,458.15,WHIB site
high_resolution_photos/2013/Atchafalaya Bay/Skimmer Island/23May13Camera1-Card1-0149.jpg,40.15,447.15,71.15,478.15,WHIB site
high_resolution_photos/2013/Atchafalaya Bay/Skimmer Island/23May13Camera1-Card1-0149.jpg,44.15,469.15,75.15,500.15,WHIB bird
high_resolution_photos/2013/Atchafalaya Bay/Skimmer Island/23May13Camera1-Card1-0149.jpg,2662.15,475.18,2693.15,506.18,LAGU site
high_resolution_photos/2013/Atchafalaya Bay/Skimmer Island/23May13Camera1-Card1-0149.jpg,2684.15,475.18,2715.15,506.18,LAGU site
high_resolution_photos/2013/Atchafalaya Bay/Skimmer Island/23May13Camera1-Card1-0149.jpg,3260.15,469.18,3291.15,500.18,WHIB site
high_resolution_photos/2013/Atchafalaya Bay/Skimmer Island/23May13Camera1-Card1-0149.jpg,3274.15,483.18,3305.15,514.18,WHIB bird
high_resolution_photos/2013/Atchafalaya Bay/Skimmer Island/23May13Camera1-Card1-0149.jpg,3634.15,491.18,3665.15,522.18,WHIB bird
high_resolution_photos/2013/Atchafalaya Bay/Skimmer Island/23May13Camera1-Card1-0149.jpg,3650.15,491.18,3681.15,522.18,WHIB site
high_resolution_photos/2013/Atchafalaya Bay/Skimmer Island/23May13Camera1-Card1-0149.jpg,304.15,519.15,335.15,550.15,LAGU site
high_resolution_photos/2013/Atchafalaya Bay/Skimmer Island/23May13Camera1-Card1-0149.jpg,310.15,523.15,341.15,554.15,LAGU site
high_resolution_photos/2013/Atchafalaya Bay/Skimmer Island/23May13Camera1-Card1-0149.jpg,2944.15,599.18,2975.15,630.18,WHIB site
high_resolution_photos/2013/Atchafalaya Bay/Skimmer Island/23May13Camera1-Card1-0149.jpg,2948.15,607.18,2979.15,638.18,WHIB site
high_resolution_photos/2013/Atchafalaya Bay/Skimmer Island/23May13Camera1-Card1-0149.jpg,2860.15,627.18,2891.15,658.18,WHIB site
high_resolution_photos/2013/Atchafalaya Bay/Skimmer Island/23May13Camera1-Card1-0149.jpg,2864.15,635.18,2895.15,666.18,WHIB bird
high_resolution_photos/2013/Atchafalaya Bay/Skimmer Island/23May13Camera1-Card1-0149.jpg,2596.15,631.17,2627.15,662.17,WHIB site
high_resolution_photos/2013/Atchafalaya Bay/Skimmer Island/23May13Camera1-Card1-0149.jpg,2576.15,659.17,2607.15,690.17,WHIB site
high_resolution_photos/2013/Atchafalaya Bay/Skimmer Island/23May13Camera1-Card1-0149.jpg,2580.15,667.17,2611.15,698.17,WHIB site
high_resolution_photos/2013/Atchafalaya Bay/Skimmer Island/23May13Camera1-Card1-0149.jpg,248.15,651.15,279.15,682.15,WHIB brood
high_resolution_photos/2013/Atchafalaya Bay/Skimmer Island/23May13Camera1-Card1-0149.jpg,234.15,659.15,265.15,690.15,WHIB bird
high_resolution_photos/2013/Atchafalaya Bay/Skimmer Island/23May13Camera1-Card1-0149.jpg,1660.15,651.17,1691.15,682.17,WHIB site
high_resolution_photos/2013/Atchafalaya Bay/Skimmer Island/23May13Camera1-Card1-0149.jpg,1676.15,665.17,1707.15,696.17,WHIB site
high_resolution_photos/2013/Atchafalaya Bay/Skimmer Island/23May13Camera1-Card1-0149.jpg,2616.15,651.17,2647.15,682.17,WHIB site
high_resolution_photos/2013/Atchafalaya Bay/Skimmer Island/23May13Camera1-Card1-0149.jpg,2628.15,655.18,2659.15,686.18,WHIB bird
high_resolution_photos/2013/Atchafalaya Bay/Skimmer Island/23May13Camera1-Card1-0149.jpg,2632.15,663.18,2663.15,694.18,WHIB site
high_resolution_photos/2013/Atchafalaya Bay/Skimmer Island/23May13Camera1-Card1-0149.jpg,3252.15,675.18,3283.15,706.18,WHIB bird
high_resolution_photos/2013/Atchafalaya Bay/Skimmer Island/23May13Camera1-Card1-0149.jpg,3264.15,675.18,3295.15,706.18,WHIB site
high_resolution_photos/2013/Atchafalaya Bay/Skimmer Island/23May13Camera1-Card1-0149.jpg,3176.15,685.18,3207.15,716.18,WHIB site
high_resolution_photos/2013/Atchafalaya Bay/Skimmer Island/23May13Camera1-Card1-0149.jpg,3172.15,699.18,3203.15,730.18,WHIB bird
high_resolution_photos/2013/Atchafalaya Bay/Skimmer Island/23May13Camera1-Card1-0149.jpg,952.15,691.16,983.15,722.16,WHIB site
high_resolution_photos/2013/Atchafalaya Bay/Skimmer Island/23May13Camera1-Card1-0149.jpg,952.15,707.16,983.15,738.16,WHIB bird
high_resolution_photos/2013/Atchafalaya Bay/Skimmer Island/23May13Camera1-Card1-0149.jpg,920.15,731.16,951.15,762.16,WHIB site
high_resolution_photos/2013/Atchafalaya Bay/Skimmer Island/23May13Camera1-Card1-0149.jpg,1922.15,711.17,1953.15,742.17,WHIB bird
high_resolution_photos/2013/Atchafalaya Bay/Skimmer Island/23May13Camera1-Card1-0149.jpg,1932.15,715.17,1963.15,746.17,WHIB site
high_resolution_photos/2013/Atchafalaya Bay/Skimmer Island/23May13Camera1-Card1-0149.jpg,46.15,707.15,77.15,738.15,WHIB site
high_resolution_photos/2013/Atchafalaya Bay/Skimmer Island/23May13Camera1-Card1-0149.jpg,236.15,727.15,267.15,758.15,WHIB chick
high_resolution_photos/2013/Atchafalaya Bay/Skimmer Island/23May13Camera1-Card1-0149.jpg,2812.15,723.18,2843.15,754.18,WHIB site
high_resolution_photos/2013/Atchafalaya Bay/Skimmer Island/23May13Camera1-Card1-0149.jpg,2808.15,731.18,2839.15,762.18,WHIB site
high_resolution_photos/2013/Atchafalaya Bay/Skimmer Island/23May13Camera1-Card1-0149.jpg,529.48,724.49,560.48,755.49,WHIB site
high_resolution_photos/2013/Atchafalaya Bay/Skimmer Island/23May13Camera1-Card1-0149.jpg,520.15,735.15,551.15,766.15,WHIB site
high_resolution_photos/2013/Atchafalaya Bay/Skimmer Island/23May13Camera1-Card1-0149.jpg,1096.15,735.16,1127.15,766.16,WHIB site
high_resolution_photos/2013/Atchafalaya Bay/Skimmer Island/23May13Camera1-Card1-0149.jpg,1092.15,739.16,1123.15,770.16,WHIB chick
high_resolution_photos/2013/Atchafalaya Bay/Skimmer Island/23May13Camera1-Card1-0149.jpg,1078.15,743.16,1109.15,774.16,WHIB bird
high_resolution_photos/2013/Atchafalaya Bay/Skimmer Island/23May13Camera1-Card1-0149.jpg,1048.15,783.16,1079.15,814.16,WHIB bird
high_resolution_photos/2013/Atchafalaya Bay/Skimmer Island/23May13Camera1-Card1-0149.jpg,1052.15,791.16,1083.15,822.16,WHIB site
high_resolution_photos/2013/Atchafalaya Bay/Skimmer Island/23May13Camera1-Card1-0149.jpg,2154.15,727.17,2185.15,758.17,WHIB site
high_resolution_photos/2013/Atchafalaya Bay/Skimmer Island/23May13Camera1-Card1-0149.jpg,2164.15,731.17,2195.15,762.17,WHIB bird
high_resolution_photos/2013/Atchafalaya Bay/Skimmer Island/23May13Camera1-Card1-0149.jpg,2172.15,739.17,2203.15,770.17,WHIB chick
high_resolution_photos/2013/Atchafalaya Bay/Skimmer Island/23May13Camera1-Card1-0149.jpg,384.15,743.15,415.15,774.15,WHIB site
high_resolution_photos/2013/Atchafalaya Bay/Skimmer Island/23May13Camera1-Card1-0149.jpg,376.15,751.15,407.15,782.15,WHIB site
high_resolution_photos/2013/Atchafalaya Bay/Skimmer Island/23May13Camera1-Card1-0149.jpg,2596.15,739.17,2627.15,770.17,WHIB site
high_resolution_photos/2013/Atchafalaya Bay/Skimmer Island/23May13Camera1-Card1-0149.jpg,2592.15,755.17,2623.15,786.17,WHIB site
high_resolution_photos/2013/Atchafalaya Bay/Skimmer Island/23May13Camera1-Card1-0149.jpg,3112.15,751.18,3143.15,782.18,WHIB site
high_resolution_photos/2013/Atchafalaya Bay/Skimmer Island/23May13Camera1-Card1-0149.jpg,3124.15,751.18,3155.15,782.18,WHIB site
high_resolution_photos/2013/Atchafalaya Bay/Skimmer Island/23May13Camera1-Card1-0149.jpg,1984.15,767.17,2015.15,798.17,LAGU site
high_resolution_photos/2013/Atchafalaya Bay/Skimmer Island/23May13Camera1-Card1-0149.jpg,2004.15,767.17,2035.15,798.17,TRHE site
high_resolution_photos/2013/Atchafalaya Bay/Skimmer Island/23May13Camera1-Card1-0149.jpg,1571.72,768.03,1602.72,799.03,WHIB bird
high_resolution_photos/2013/Atchafalaya Bay/Skimmer Island/23May13Camera1-Card1-0149.jpg,1428.15,783.16,1459.15,814.16,LAGU site
high_resolution_photos/2013/Atchafalaya Bay/Skimmer Island/23May13Camera1-Card1-0149.jpg,1440.15,783.16,1471.15,814.16,TRHE site
high_resolution_photos/2013/Atchafalaya Bay/Skimmer Island/23May13Camera1-Card1-0149.jpg,700.15,783.16,731.15,814.16,WHIB site
high_resolution_photos/2013/Atchafalaya Bay/Skimmer Island/23May13Camera1-Card1-0149.jpg,692.15,795.16,723.15,826.16,WHIB site
high_resolution_photos/2013/Atchafalaya Bay/Skimmer Island/23May13Camera1-Card1-0149.jpg,2278.34,780.72,2309.34,811.72,WHIB site
high_resolution_photos/2013/Atchafalaya Bay/Skimmer Island/23May13Camera1-Card1-0149.jpg,578.47,790.38,609.47,821.38,WHIB site
high_resolution_photos/2013/Atchafalaya Bay/Skimmer Island/23May13Camera1-Card1-0149.jpg,961.86,796.3,992.86,827.3,WHIB site
high_resolution_photos/2013/Atchafalaya Bay/Skimmer Island/23May13Camera1-Card1-0149.jpg,452.15,799.15,483.15,830.15,WHIB bird
high_resolution_photos/2013/Atchafalaya Bay/Skimmer Island/23May13Camera1-Card1-0149.jpg,462.15,811.15,493.15,842.15,WHIB bird
high_resolution_photos/2013/Atchafalaya Bay/Skimmer Island/23May13Camera1-Card1-0149.jpg,632.7,815.04,663.7,846.04,WHIB site
high_resolution_photos/2013/Atchafalaya Bay/Skimmer Island/23May13Camera1-Card1-0149.jpg,2806.15,815.18,2837.15,846.18,WHIB site
high_resolution_photos/2013/Atchafalaya Bay/Skimmer Island/23May13Camera1-Card1-0149.jpg,2800.15,823.18,2831.15,854.18,WHIB bird
high_resolution_photos/2013/Atchafalaya Bay/Skimmer Island/23May13Camera1-Card1-0149.jpg,134.15,835.15,165.15,866.15,WHIB brood
high_resolution_photos/2013/Atchafalaya Bay/Skimmer Island/23May13Camera1-Card1-0149.jpg,112.15,853.15,143.15,884.15,WHIB site
high_resolution_photos/2013/Atchafalaya Bay/Skimmer Island/23May13Camera1-Card1-0149.jpg,2270.15,839.17,2301.15,870.17,WHIB bird
high_resolution_photos/2013/Atchafalaya Bay/Skimmer Island/23May13Camera1-Card1-0149.jpg,2284.15,851.17,2315.15,882.17,WHIB bird
high_resolution_photos/2013/Atchafalaya Bay/Skimmer Island/23May13Camera1-Card1-0149.jpg,3072.15,839.18,3103.15,870.18,WHIB site
high_resolution_photos/2013/Atchafalaya Bay/Skimmer Island/23May13Camera1-Card1-0149.jpg,3080.15,843.18,3111.15,874.18,WHIB site
high_resolution_photos/2013/Atchafalaya Bay/Skimmer Island/23May13Camera1-Card1-0149.jpg,1864.15,851.17,1895.15,882.17,WHIB bird
high_resolution_photos/2013/Atchafalaya Bay/Skimmer Island/23May13Camera1-Card1-0149.jpg,226.15,863.15,257.15,894.15,WHIB bird
high_resolution_photos/2013/Atchafalaya Bay/Skimmer Island/23May13Camera1-Card1-0149.jpg,212.15,863.15,243.15,894.15,WHIB site
high_resolution_photos/2013/Atchafalaya Bay/Skimmer Island/23May13Camera1-Card1-0149.jpg,432.15,863.15,463.15,894.15,WHIB bird
high_resolution_photos/2013/Atchafalaya Bay/Skimmer Island/23May13Camera1-Card1-0149.jpg,416.15,875.15,447.15,906.15,WHIB site
high_resolution_photos/2013/Atchafalaya Bay/Skimmer Island/23May13Camera1-Card1-0149.jpg,1612.15,859.17,1643.15,890.17,WHIB bird
high_resolution_photos/2013/Atchafalaya Bay/Skimmer Island/23May13Camera1-Card1-0149.jpg,1626.15,871.17,1657.15,902.17,WHIB bird
high_resolution_photos/2013/Atchafalaya Bay/Skimmer Island/23May13Camera1-Card1-0149.jpg,308.95,862.19,339.95,893.19,WHIB bird
high_resolution_photos/2013/Atchafalaya Bay/Skimmer Island/23May13Camera1-Card1-0149.jpg,1324.15,887.16,1355.15,918.16,WHIB site
high_resolution_photos/2013/Atchafalaya Bay/Skimmer Island/23May13Camera1-Card1-0149.jpg,1316.15,891.16,1347.15,922.16,WHIB site
high_resolution_photos/2013/Atchafalaya Bay/Skimmer Island/23May13Camera1-Card1-0149.jpg,872.15,903.16,903.15,934.16,WHIB bird
high_resolution_photos/2013/Atchafalaya Bay/Skimmer Island/23May13Camera1-Card1-0149.jpg,882.15,903.16,913.15,934.16,WHIB site
high_resolution_photos/2013/Atchafalaya Bay/Skimmer Island/23May13Camera1-Card1-0149.jpg,864.15,907.16,895.15,938.16,WHIB bird
high_resolution_photos/2013/Atchafalaya Bay/Skimmer Island/23May13Camera1-Card1-0149.jpg,492.15,915.15,523.15,946.15,WHIB bird
high_resolution_photos/2013/Atchafalaya Bay/Skimmer Island/23May13Camera1-Card1-0149.jpg,484.15,919.15,515.15,950.15,WHIB site
high_resolution_photos/2013/Atchafalaya Bay/Skimmer Island/23May13Camera1-Card1-0149.jpg,478.15,927.15,509.15,958.15,WHIB bird
high_resolution_photos/2013/Atchafalaya Bay/Skimmer Island/23May13Camera1-Card1-0149.jpg,616.15,931.16,647.15,962.16,WHIB site
high_resolution_photos/2013/Atchafalaya Bay/Skimmer Island/23May13Camera1-Card1-0149.jpg,608.15,935.16,639.15,966.16,WHIB bird
high_resolution_photos/2013/Atchafalaya Bay/Skimmer Island/23May13Camera1-Card1-0149.jpg,600.15,939.16,631.15,970.16,WHIB site
high_resolution_photos/2013/Atchafalaya Bay/Skimmer Island/23May13Camera1-Card1-0149.jpg,2988.15,933.18,3019.15,964.18,WHIB site
high_resolution_photos/2013/Atchafalaya Bay/Skimmer Island/23May13Camera1-Card1-0149.jpg,2980.15,939.18,3011.15,970.18,WHIB bird
high_resolution_photos/2013/Atchafalaya Bay/Skimmer Island/23May13Camera1-Card1-0149.jpg,2996.15,939.18,3027.15,970.18,WHIB site
high_resolution_photos/2013/Atchafalaya Bay/Skimmer Island/23May13Camera1-Card1-0149.jpg,3000.15,943.18,3031.15,974.18,WHIB site
high_resolution_photos/2013/Atchafalaya Bay/Skimmer Island/23May13Camera1-Card1-0149.jpg,3004.15,947.18,3035.15,978.18,WHIB site
high_resolution_photos/2013/Atchafalaya Bay/Skimmer Island/23May13Camera1-Card1-0149.jpg,544.15,941.15,575.15,972.15,WHIB site
high_resolution_photos/2013/Atchafalaya Bay/Skimmer Island/23May13Camera1-Card1-0149.jpg,528.15,955.15,559.15,986.15,WHIB site
high_resolution_photos/2013/Atchafalaya Bay/Skimmer Island/23May13Camera1-Card1-0149.jpg,144.14,963.15,175.14,994.15,WHIB bird
high_resolution_photos/2013/Atchafalaya Bay/Skimmer Island/23May13Camera1-Card1-0149.jpg,148.14,971.15,179.14,1002.15,WHIB site
high_resolution_photos/2013/Atchafalaya Bay/Skimmer Island/23May13Camera1-Card1-0149.jpg,164.14,971.15,195.14,1002.15,WHIB chick
high_resolution_photos/2013/Atchafalaya Bay/Skimmer Island/23May13Camera1-Card1-0149.jpg,1990.21,952.87,2021.21,983.87,WHIB site
high_resolution_photos/2013/Atchafalaya Bay/Skimmer Island/23May13Camera1-Card1-0149.jpg,432.14,971.15,463.14,1002.15,WHIB bird
high_resolution_photos/2013/Atchafalaya Bay/Skimmer Island/23May13Camera1-Card1-0149.jpg,448.14,971.15,479.14,1002.15,WHIB site
high_resolution_photos/2013/Atchafalaya Bay/Skimmer Island/23May13Camera1-Card1-0149.jpg,2068.15,963.17,2099.15,994.17,WHIB site
high_resolution_photos/2013/Atchafalaya Bay/Skimmer Island/23May13Camera1-Card1-0149.jpg,2060.15,967.17,2091.15,998.17,WHIB site
high_resolution_photos/2013/Atchafalaya Bay/Skimmer Island/23May13Camera1-Card1-0149.jpg,866.15,975.16,897.15,1006.16,WHIB site
high_resolution_photos/2013/Atchafalaya Bay/Skimmer Island/23May13Camera1-Card1-0149.jpg,848.14,991.16,879.14,1022.16,WHIB site
high_resolution_photos/2013/Atchafalaya Bay/Skimmer Island/23May13Camera1-Card1-0149.jpg,320.14,987.15,351.14,1018.15,WHIB site
high_resolution_photos/2013/Atchafalaya Bay/Skimmer Island/23May13Camera1-Card1-0149.jpg,334.14,999.15,365.14,1030.15,WHIB bird
high_resolution_photos/2013/Atchafalaya Bay/Skimmer Island/23May13Camera1-Card1-0149.jpg,496.14,991.15,527.14,1022.15,WHIB site
high_resolution_photos/2013/Atchafalaya Bay/Skimmer Island/23May13Camera1-Card1-0149.jpg,484.14,995.15,515.14,1026.15,WHIB brood
high_resolution_photos/2013/Atchafalaya Bay/Skimmer Island/23May13Camera1-Card1-0149.jpg,460.14,1019.15,491.14,1050.15,WHIB site
high_resolution_photos/2013/Atchafalaya Bay/Skimmer Island/23May13Camera1-Card1-0149.jpg,284.14,999.88,315.14,1030.88,WHIB site
high_resolution_photos/2013/Atchafalaya Bay/Skimmer Island/23May13Camera1-Card1-0149.jpg,628.14,1011.16,659.14,1042.16,WHIB site
high_resolution_photos/2013/Atchafalaya Bay/Skimmer Island/23May13Camera1-Card1-0149.jpg,620.14,1023.16,651.14,1054.16,WHIB site
high_resolution_photos/2013/Atchafalaya Bay/Skimmer Island/23May13Camera1-Card1-0149.jpg,236.14,1023.15,267.14,1054.15,WHIB site
high_resolution_photos/2013/Atchafalaya Bay/Skimmer Island/23May13Camera1-Card1-0149.jpg,232.14,1027.15,263.14,1058.15,WHIB bird
high_resolution_photos/2013/Atchafalaya Bay/Skimmer Island/23May13Camera1-Card1-0149.jpg,1880.15,1027.17,1911.15,1058.17,WHIB site
high_resolution_photos/2013/Atchafalaya Bay/Skimmer Island/23May13Camera1-Card1-0149.jpg,1872.15,1033.17,1903.15,1064.17,WHIB bird
high_resolution_photos/2013/Atchafalaya Bay/Skimmer Island/23May13Camera1-Card1-0149.jpg,296.14,1055.15,327.14,1086.15,WHIB site
high_resolution_photos/2013/Atchafalaya Bay/Skimmer Island/23May13Camera1-Card1-0149.jpg,300.14,1067.15,331.14,1098.15,WHIB site
high_resolution_photos/2013/Atchafalaya Bay/Skimmer Island/23May13Camera1-Card1-0149.jpg,360.14,1067.15,391.14,1098.15,WHIB site
high_resolution_photos/2013/Atchafalaya Bay/Skimmer Island/23May13Camera1-Card1-0149.jpg,368.14,1079.15,399.14,1110.15,WHIB site
high_resolution_photos/2013/Atchafalaya Bay/Skimmer Island/23May13Camera1-Card1-0149.jpg,740.14,1079.16,771.14,1110.16,WHIB site
high_resolution_photos/2013/Atchafalaya Bay/Skimmer Island/23May13Camera1-Card1-0149.jpg,736.14,1103.16,767.14,1134.16,WHIB site
high_resolution_photos/2013/Atchafalaya Bay/Skimmer Island/23May13Camera1-Card1-0149.jpg,416.14,1139.15,447.14,1170.15,WHIB site
high_resolution_photos/2013/Atchafalaya Bay/Skimmer Island/23May13Camera1-Card1-0149.jpg,428.14,1139.15,459.14,1170.15,WHIB site
high_resolution_photos/2013/Atchafalaya Bay/Skimmer Island/23May13Camera1-Card1-0149.jpg,658.7,1131.27,689.7,1162.27,WHIB bird
high_resolution_photos/2013/Atchafalaya Bay/Skimmer Island/23May13Camera1-Card1-0149.jpg,2249.48,1137.84,2280.48,1168.84,WHIB bird
high_resolution_photos/2013/Atchafalaya Bay/Skimmer Island/23May13Camera1-Card1-0149.jpg,2252.14,1155.17,2283.14,1186.17,WHIB site
high_resolution_photos/2013/Atchafalaya Bay/Skimmer Island/23May13Camera1-Card1-0149.jpg,776.14,1151.16,807.14,1182.16,WHIB site
high_resolution_photos/2013/Atchafalaya Bay/Skimmer Island/23May13Camera1-Card1-0149.jpg,792.14,1155.16,823.14,1186.16,WHIB bird
high_resolution_photos/2013/Atchafalaya Bay/Skimmer Island/23May13Camera1-Card1-0149.jpg,1978.14,1159.17,2009.14,1190.17,WHIB site
high_resolution_photos/2013/Atchafalaya Bay/Skimmer Island/23May13Camera1-Card1-0149.jpg,452.14,1163.15,483.14,1194.15,WHIB site
high_resolution_photos/2013/Atchafalaya Bay/Skimmer Island/23May13Camera1-Card1-0149.jpg,444.14,1167.15,475.14,1198.15,WHIB site
high_resolution_photos/2013/Atchafalaya Bay/Skimmer Island/23May13Camera1-Card1-0149.jpg,436.14,1175.15,467.14,1206.15,WHIB site
high_resolution_photos/2013/Atchafalaya Bay/Skimmer Island/23May13Camera1-Card1-0149.jpg,1892.14,1163.17,1923.14,1194.17,WHIB site
high_resolution_photos/2013/Atchafalaya Bay/Skimmer Island/23May13Camera1-Card1-0149.jpg,38.52,1223.04,69.52,1254.04,WHIB site
high_resolution_photos/2013/Atchafalaya Bay/Skimmer Island/23May13Camera1-Card1-0149.jpg,764.14,1231.16,795.14,1262.16,WHIB bird
high_resolution_photos/2013/Atchafalaya Bay/Skimmer Island/23May13Camera1-Card1-0149.jpg,780.14,1233.16,811.14,1264.16,WHIB site
high_resolution_photos/2013/Atchafalaya Bay/Skimmer Island/23May13Camera1-Card1-0149.jpg,1784.14,1227.17,1815.14,1258.17,WHIB site
high_resolution_photos/2013/Atchafalaya Bay/Skimmer Island/23May13Camera1-Card1-0149.jpg,1792.14,1231.17,1823.14,1262.17,WHIB site
high_resolution_photos/2013/Atchafalaya Bay/Skimmer Island/23May13Camera1-Card1-0149.jpg,1800.14,1239.17,1831.14,1270.17,WHIB site
high_resolution_photos/2013/Atchafalaya Bay/Skimmer Island/23May13Camera1-Card1-0149.jpg,60.14,1271.15,91.14,1302.15,WHIB site
high_resolution_photos/2013/Atchafalaya Bay/Skimmer Island/23May13Camera1-Card1-0149.jpg,56.14,1275.15,87.14,1306.15,WHIB bird
high_resolution_photos/2013/Atchafalaya Bay/Skimmer Island/23May13Camera1-Card1-0149.jpg,52.14,1283.15,83.14,1314.15,WHIB site
high_resolution_photos/2013/Atchafalaya Bay/Skimmer Island/23May13Camera1-Card1-0149.jpg,504.14,1271.15,535.14,1302.15,WHIB site
high_resolution_photos/2013/Atchafalaya Bay/Skimmer Island/23May13Camera1-Card1-0149.jpg,512.14,1275.15,543.14,1306.15,WHIB site
high_resolution_photos/2013/Atchafalaya Bay/Skimmer Island/23May13Camera1-Card1-0149.jpg,520.14,1283.15,551.14,1314.15,WHIB site
high_resolution_photos/2013/Atchafalaya Bay/Skimmer Island/23May13Camera1-Card1-0149.jpg,148.14,1283.15,179.14,1314.15,WHIB site
high_resolution_photos/2013/Atchafalaya Bay/Skimmer Island/23May13Camera1-Card1-0149.jpg,164.14,1283.15,195.14,1314.15,WHIB site
high_resolution_photos/2013/Atchafalaya Bay/Skimmer Island/23May13Camera1-Card1-0149.jpg,548.14,1293.16,579.14,1324.16,WHIB site
high_resolution_photos/2013/Atchafalaya Bay/Skimmer Island/23May13Camera1-Card1-0149.jpg,540.14,1319.16,571.14,1350.16,WHIB bird
high_resolution_photos/2013/Atchafalaya Bay/Skimmer Island/23May13Camera1-Card1-0149.jpg,564.14,1355.16,595.14,1386.16,WHIB bird
high_resolution_photos/2013/Atchafalaya Bay/Skimmer Island/23May13Camera1-Card1-0149.jpg,568.14,1363.16,599.14,1394.16,WHIB site
high_resolution_photos/2013/Atchafalaya Bay/Skimmer Island/23May13Camera1-Card1-0149.jpg,2036.14,1291.17,2067.14,1322.17,WHIB site
high_resolution_photos/2013/Atchafalaya Bay/Skimmer Island/23May13Camera1-Card1-0149.jpg,2036.14,1299.17,2067.14,1330.17,WHIB site
high_resolution_photos/2013/Atchafalaya Bay/Skimmer Island/23May13Camera1-Card1-0149.jpg,2020.14,1313.17,2051.14,1344.17,WHIB site
high_resolution_photos/2013/Atchafalaya Bay/Skimmer Island/23May13Camera1-Card1-0149.jpg,3498.14,1299.18,3529.14,1330.18,WHIB site
high_resolution_photos/2013/Atchafalaya Bay/Skimmer Island/23May13Camera1-Card1-0149.jpg,3510.81,1301.85,3541.81,1332.85,WHIB bird
high_resolution_photos/2013/Atchafalaya Bay/Skimmer Island/23May13Camera1-Card1-0149.jpg,696.14,1307.16,727.14,1338.16,WHIB bird
high_resolution_photos/2013/Atchafalaya Bay/Skimmer Island/23May13Camera1-Card1-0149.jpg,704.14,1335.16,735.14,1366.16,WHIB site
high_resolution_photos/2013/Atchafalaya Bay/Skimmer Island/23May13Camera1-Card1-0149.jpg,692.14,1371.16,723.14,1402.16,WHIB site
high_resolution_photos/2013/Atchafalaya Bay/Skimmer Island/23May13Camera1-Card1-0149.jpg,461.47,1340.49,492.47,1371.49,WHIB site
high_resolution_photos/2013/Atchafalaya Bay/Skimmer Island/23May13Camera1-Card1-0149.jpg,452.14,1351.15,483.14,1382.15,WHIB chick
high_resolution_photos/2013/Atchafalaya Bay/Skimmer Island/23May13Camera1-Card1-0149.jpg,436.14,1369.15,467.14,1400.15,WHIB site
high_resolution_photos/2013/Atchafalaya Bay/Skimmer Island/23May13Camera1-Card1-0149.jpg,130.14,1327.15,161.14,1358.15,WHIB site
high_resolution_photos/2013/Atchafalaya Bay/Skimmer Island/23May13Camera1-Card1-0149.jpg,108.14,1355.15,139.14,1386.15,WHIB brood
high_resolution_photos/2013/Atchafalaya Bay/Skimmer Island/23May13Camera1-Card1-0149.jpg,100.14,1371.15,131.14,1402.15,WHIB bird
high_resolution_photos/2013/Atchafalaya Bay/Skimmer Island/23May13Camera1-Card1-0149.jpg,84.14,1383.15,115.14,1414.15,WHIB bird
high_resolution_photos/2013/Atchafalaya Bay/Skimmer Island/23May13Camera1-Card1-0149.jpg,1940.14,1347.17,1971.14,1378.17,WHIB bird
high_resolution_photos/2013/Atchafalaya Bay/Skimmer Island/23May13Camera1-Card1-0149.jpg,1954.14,1347.17,1985.14,1378.17,WHIB site
high_resolution_photos/2013/Atchafalaya Bay/Skimmer Island/23May13Camera1-Card1-0149.jpg,642.81,1351.99,673.81,1382.99,WHIB site
high_resolution_photos/2013/Atchafalaya Bay/Skimmer Island/23May13Camera1-Card1-0149.jpg,1544.14,1363.16,1575.14,1394.16,WHIB site
high_resolution_photos/2013/Atchafalaya Bay/Skimmer Island/23May13Camera1-Card1-0149.jpg,1556.14,1373.17,1587.14,1404.17,WHIB site
high_resolution_photos/2013/Atchafalaya Bay/Skimmer Island/23May13Camera1-Card1-0149.jpg,2068.14,1383.17,2099.14,1414.17,WHIB site
high_resolution_photos/2013/Atchafalaya Bay/Skimmer Island/23May13Camera1-Card1-0149.jpg,2080.14,1391.17,2111.14,1422.17,WHIB bird
high_resolution_photos/2013/Atchafalaya Bay/Skimmer Island/23May13Camera1-Card1-0149.jpg,540.14,1395.16,571.14,1426.16,WHIB site
high_resolution_photos/2013/Atchafalaya Bay/Skimmer Island/23May13Camera1-Card1-0149.jpg,544.14,1403.16,575.14,1434.16,WHIB site
high_resolution_photos/2013/Atchafalaya Bay/Skimmer Island/23May13Camera1-Card1-0149.jpg,1400.14,1403.16,1431.14,1434.16,WHIB site
high_resolution_photos/2013/Atchafalaya Bay/Skimmer Island/23May13Camera1-Card1-0149.jpg,1396.14,1411.16,1427.14,1442.16,WHIB site
high_resolution_photos/2013/Atchafalaya Bay/Skimmer Island/23May13Camera1-Card1-0149.jpg,1464.14,1403.16,1495.14,1434.16,WHIB site
high_resolution_photos/2013/Atchafalaya Bay/Skimmer Island/23May13Camera1-Card1-0149.jpg,1460.14,1407.16,1491.14,1438.16,WHIB bird
high_resolution_photos/2013/Atchafalaya Bay/Skimmer Island/23May13Camera1-Card1-0149.jpg,1498.14,1411.16,1529.14,1442.16,WHIB site
high_resolution_photos/2013/Atchafalaya Bay/Skimmer Island/23May13Camera1-Card1-0149.jpg,1532.14,1435.16,1563.14,1466.16,WHIB site
high_resolution_photos/2013/Atchafalaya Bay/Skimmer Island/23May13Camera1-Card1-0149.jpg,1548.14,1435.17,1579.14,1466.17,WHIB site
high_resolution_photos/2013/Atchafalaya Bay/Skimmer Island/23May13Camera1-Card1-0149.jpg,1612.14,1483.17,1643.14,1514.17,WHIB site
high_resolution_photos/2013/Atchafalaya Bay/Skimmer Island/23May13Camera1-Card1-0149.jpg,1624.14,1487.17,1655.14,1518.17,WHIB site
high_resolution_photos/2013/Atchafalaya Bay/Skimmer Island/23May13Camera1-Card1-0149.jpg,1600.14,1493.17,1631.14,1524.17,WHIB site
high_resolution_photos/2013/Atchafalaya Bay/Skimmer Island/23May13Camera1-Card1-0149.jpg,1628.14,1491.17,1659.14,1522.17,WHIB site
high_resolution_photos/2013/Atchafalaya Bay/Skimmer Island/23May13Camera1-Card1-0149.jpg,1444.14,1499.16,1475.14,1530.16,WHIB site
high_resolution_photos/2013/Atchafalaya Bay/Skimmer Island/23May13Camera1-Card1-0149.jpg,1436.14,1505.16,1467.14,1536.16,WHIB site
high_resolution_photos/2013/Atchafalaya Bay/Skimmer Island/23May13Camera1-Card1-0149.jpg,1424.14,1515.16,1455.14,1546.16,WHIB site
high_resolution_photos/2013/Atchafalaya Bay/Skimmer Island/23May13Camera1-Card1-0149.jpg,1348.14,1527.16,1379.14,1558.16,WHIB site
high_resolution_photos/2013/Atchafalaya Bay/Skimmer Island/23May13Camera1-Card1-0149.jpg,1340.14,1539.16,1371.14,1570.16,WHIB site
high_resolution_photos/2013/Atchafalaya Bay/Skimmer Island/23May13Camera1-Card1-0149.jpg,3044.14,1547.18,3075.14,1578.18,WHIB site
high_resolution_photos/2013/Atchafalaya Bay/Skimmer Island/23May13Camera1-Card1-0149.jpg,3040.14,1555.18,3071.14,1586.18,WHIB site
high_resolution_photos/2013/Atchafalaya Bay/Skimmer Island/23May13Camera1-Card1-0149.jpg,2912.14,1555.18,2943.14,1586.18,WHIB site
high_resolution_photos/2013/Atchafalaya Bay/Skimmer Island/23May13Camera1-Card1-0149.jpg,2904.14,1559.18,2935.14,1590.18,WHIB site
high_resolution_photos/2013/Atchafalaya Bay/Skimmer Island/23May13Camera1-Card1-0149.jpg,2892.14,1569.18,2923.14,1600.18,WHIB site
high_resolution_photos/2013/Atchafalaya Bay/Skimmer Island/23May13Camera1-Card1-0149.jpg,2960.14,1559.18,2991.14,1590.18,WHIB site
high_resolution_photos/2013/Atchafalaya Bay/Skimmer Island/23May13Camera1-Card1-0149.jpg,2968.14,1563.18,2999.14,1594.18,WHIB site
high_resolution_photos/2013/Atchafalaya Bay/Skimmer Island/23May13Camera1-Card1-0149.jpg,1408.14,1575.16,1439.14,1606.16,WHIB site
high_resolution_photos/2013/Atchafalaya Bay/Skimmer Island/23May13Camera1-Card1-0149.jpg,1404.14,1579.16,1435.14,1610.16,WHIB site
high_resolution_photos/2013/Atchafalaya Bay/Skimmer Island/23May13Camera1-Card1-0149.jpg,1396.14,1583.16,1427.14,1614.16,WHIB site
high_resolution_photos/2013/Atchafalaya Bay/Skimmer Island/23May13Camera1-Card1-0149.jpg,1416.14,1583.16,1447.14,1614.16,WHIB site
high_resolution_photos/2013/Atchafalaya Bay/Skimmer Island/23May13Camera1-Card1-0149.jpg,1368.14,1631.16,1399.14,1662.16,WHIB site
high_resolution_photos/2013/Atchafalaya Bay/Skimmer Island/23May13Camera1-Card1-0149.jpg,1360.14,1639.16,1391.14,1670.16,WHIB site
high_resolution_photos/2013/Atchafalaya Bay/Skimmer Island/23May13Camera1-Card1-0149.jpg,1356.14,1643.16,1387.14,1674.16,WHIB site
high_resolution_photos/2013/Atchafalaya Bay/Skimmer Island/23May13Camera1-Card1-0149.jpg,3724.14,1573.19,3755.14,1604.19,WHIB bird
high_resolution_photos/2013/Atchafalaya Bay/Skimmer Island/23May13Camera1-Card1-0149.jpg,3728.14,1583.19,3759.14,1614.19,WHIB bird
high_resolution_photos/2013/Atchafalaya Bay/Skimmer Island/23May13Camera1-Card1-0149.jpg,3066.14,1603.18,3097.14,1634.18,WHIB site
high_resolution_photos/2013/Atchafalaya Bay/Skimmer Island/23May13Camera1-Card1-0149.jpg,3084.14,1603.18,3115.14,1634.18,WHIB site
high_resolution_photos/2013/Atchafalaya Bay/Skimmer Island/23May13Camera1-Card1-0149.jpg,1464.14,1603.16,1495.14,1634.16,WHIB site
high_resolution_photos/2013/Atchafalaya Bay/Skimmer Island/23May13Camera1-Card1-0149.jpg,10.14,1619.15,41.14,1650.15,WHIB site
high_resolution_photos/2013/Atchafalaya Bay/Skimmer Island/23May13Camera1-Card1-0149.jpg,2598.14,1619.18,2629.14,1650.18,TRHE site
high_resolution_photos/2013/Atchafalaya Bay/Skimmer Island/23May13Camera1-Card1-0149.jpg,1436.14,1643.16,1467.14,1674.16,WHIB bird
high_resolution_photos/2013/Atchafalaya Bay/Skimmer Island/23May13Camera1-Card1-0149.jpg,1444.14,1651.16,1475.14,1682.16,WHIB bird
high_resolution_photos/2013/Atchafalaya Bay/Skimmer Island/23May13Camera1-Card1-0149.jpg,1448.14,1655.16,1479.14,1686.16,WHIB bird
high_resolution_photos/2013/Atchafalaya Bay/Skimmer Island/23May13Camera1-Card1-0149.jpg,2904.14,1651.18,2935.14,1682.18,WHIB bird
high_resolution_photos/2013/Atchafalaya Bay/Skimmer Island/23May13Camera1-Card1-0149.jpg,3556.14,1651.18,3587.14,1682.18,TRHE site
high_resolution_photos/2013/Atchafalaya Bay/Skimmer Island/23May13Camera1-Card1-0149.jpg,3576.14,1675.19,3607.14,1706.19,LAGU site
high_resolution_photos/2013/Atchafalaya Bay/Skimmer Island/23May13Camera1-Card1-0149.jpg,1772.14,1771.17,1803.14,1802.17,WHIB site
high_resolution_photos/2013/Atchafalaya Bay/Skimmer Island/23May13Camera1-Card1-0149.jpg,3660.14,1787.19,3691.14,1818.19,WHIB site
high_resolution_photos/2013/Atchafalaya Bay/Skimmer Island/23May13Camera1-Card1-0149.jpg,1602.14,1811.17,1633.14,1842.17,WHIB site
high_resolution_photos/2013/Atchafalaya Bay/Skimmer Island/23May13Camera1-Card1-0149.jpg,2834.14,1851.18,2865.14,1882.18,WHIB site
high_resolution_photos/2013/Atchafalaya Bay/Skimmer Island/23May13Camera1-Card1-0149.jpg,2820.14,1855.18,2851.14,1886.18,WHIB bird
high_resolution_photos/2013/Atchafalaya Bay/Skimmer Island/23May13Camera1-Card1-0149.jpg,3720.14,1855.19,3751.14,1886.19,WHIB site
high_resolution_photos/2013/Atchafalaya Bay/Skimmer Island/23May13Camera1-Card1-0149.jpg,3492.14,1863.18,3523.14,1894.18,WHIB bird
high_resolution_photos/2013/Atchafalaya Bay/Skimmer Island/23May13Camera1-Card1-0149.jpg,3492.14,1879.18,3523.14,1910.18,WHIB site
high_resolution_photos/2013/Atchafalaya Bay/Skimmer Island/23May13Camera1-Card1-0149.jpg,2882.14,1891.18,2913.14,1922.18,WHIB brood
high_resolution_photos/2013/Atchafalaya Bay/Skimmer Island/23May13Camera1-Card1-0149.jpg,2900.14,1891.18,2931.14,1922.18,WHIB site
high_resolution_photos/2013/Atchafalaya Bay/Skimmer Island/23May13Camera1-Card1-0149.jpg,3452.14,1875.18,3483.14,1906.18,WHIB site
high_resolution_photos/2013/Atchafalaya Bay/Skimmer Island/23May13Camera1-Card1-0149.jpg,3444.14,1879.18,3475.14,1910.18,WHIB site
high_resolution_photos/2013/Atchafalaya Bay/Skimmer Island/23May13Camera1-Card1-0149.jpg,1332.14,1907.16,1363.14,1938.16,LAGU site
high_resolution_photos/2013/Atchafalaya Bay/Skimmer Island/23May13Camera1-Card1-0149.jpg,1340.14,1911.16,1371.14,1942.16,LAGU site
high_resolution_photos/2013/Atchafalaya Bay/Skimmer Island/23May13Camera1-Card1-0149.jpg,1324.14,1915.16,1355.14,1946.16,TRHE site
high_resolution_photos/2013/Atchafalaya Bay/Skimmer Island/23May13Camera1-Card1-0149.jpg,1320.14,1919.16,1351.14,1950.16,LAGU site
high_resolution_photos/2013/Atchafalaya Bay/Skimmer Island/23May13Camera1-Card1-0149.jpg,2848.14,1927.18,2879.14,1958.18,WHIB chick
high_resolution_photos/2013/Atchafalaya Bay/Skimmer Island/23May13Camera1-Card1-0149.jpg,2672.14,1951.18,2703.14,1982.18,WHIB site
high_resolution_photos/2013/Atchafalaya Bay/Skimmer Island/23May13Camera1-Card1-0149.jpg,2612.14,1975.18,2643.14,2006.18,WHIB site
high_resolution_photos/2013/Atchafalaya Bay/Skimmer Island/23May13Camera1-Card1-0149.jpg,2656.14,2011.18,2687.14,2042.18,WHIB site
high_resolution_photos/2013/Atchafalaya Bay/Skimmer Island/23May13Camera1-Card1-0149.jpg,2652.14,2019.18,2683.14,2050.18,WHIB bird
high_resolution_photos/2013/Atchafalaya Bay/Skimmer Island/23May13Camera1-Card1-0149.jpg,2744.14,1935.18,2775.14,1966.18,WHIB site
high_resolution_photos/2013/Atchafalaya Bay/Skimmer Island/23May13Camera1-Card1-0149.jpg,2742.14,1963.18,2773.14,1994.18,WHIB site
high_resolution_photos/2013/Atchafalaya Bay/Skimmer Island/23May13Camera1-Card1-0149.jpg,3248.14,1987.18,3279.14,2018.18,WHIB site
high_resolution_photos/2013/Atchafalaya Bay/Skimmer Island/23May13Camera1-Card1-0149.jpg,3232.14,1997.18,3263.14,2028.18,WHIB bird
high_resolution_photos/2013/Atchafalaya Bay/Skimmer Island/23May13Camera1-Card1-0149.jpg,3260.14,1999.18,3291.14,2030.18,WHIB bird
high_resolution_photos/2013/Atchafalaya Bay/Skimmer Island/23May13Camera1-Card1-0149.jpg,3386.14,1999.18,3417.14,2030.18,WHIB bird
high_resolution_photos/2013/Atchafalaya Bay/Skimmer Island/23May13Camera1-Card1-0149.jpg,3404.14,2003.18,3435.14,2034.18,WHIB site
high_resolution_photos/2013/Atchafalaya Bay/Skimmer Island/23May13Camera1-Card1-0149.jpg,2798.46,2002.02,2829.46,2033.02,WHIB site
high_resolution_photos/2013/Atchafalaya Bay/Skimmer Island/23May13Camera1-Card1-0149.jpg,3342.14,2003.18,3373.14,2034.18,WHIB site
high_resolution_photos/2013/Atchafalaya Bay/Skimmer Island/23May13Camera1-Card1-0149.jpg,3332.14,2015.18,3363.14,2046.18,WHIB site
high_resolution_photos/2013/Atchafalaya Bay/Skimmer Island/23May13Camera1-Card1-0149.jpg,532.13,2047.16,563.13,2078.16,LAGU site
high_resolution_photos/2013/Atchafalaya Bay/Skimmer Island/23May13Camera1-Card1-0149.jpg,518.13,2075.16,549.13,2106.16,LAGU site
high_resolution_photos/2013/Atchafalaya Bay/Skimmer Island/23May13Camera1-Card1-0149.jpg,3340.14,2079.18,3371.14,2110.18,WHIB site
high_resolution_photos/2013/Atchafalaya Bay/Skimmer Island/23May13Camera1-Card1-0149.jpg,3356.14,2087.18,3387.14,2118.18,WHIB site
high_resolution_photos/2013/Atchafalaya Bay/Skimmer Island/23May13Camera1-Card1-0149.jpg,1960.14,2089.17,1991.14,2120.17,WHIB site
high_resolution_photos/2013/Atchafalaya Bay/Skimmer Island/23May13Camera1-Card1-0149.jpg,1973.47,2088.5,2004.47,2119.5,WHIB bird
high_resolution_photos/2013/Atchafalaya Bay/Skimmer Island/23May13Camera1-Card1-0149.jpg,1988.14,2087.17,2019.14,2118.17,WHIB site
high_resolution_photos/2013/Atchafalaya Bay/Skimmer Island/23May13Camera1-Card1-0149.jpg,2852.14,2083.18,2883.14,2114.18,WHIB site
high_resolution_photos/2013/Atchafalaya Bay/Skimmer Island/23May13Camera1-Card1-0149.jpg,2848.14,2087.18,2879.14,2118.18,WHIB site
high_resolution_photos/2013/Atchafalaya Bay/Skimmer Island/23May13Camera1-Card1-0149.jpg,2840.14,2091.18,2871.14,2122.18,WHIB site
high_resolution_photos/2013/Atchafalaya Bay/Skimmer Island/23May13Camera1-Card1-0149.jpg,3268.14,2091.18,3299.14,2122.18,WHIB site
high_resolution_photos/2013/Atchafalaya Bay/Skimmer Island/23May13Camera1-Card1-0149.jpg,3272.14,2099.18,3303.14,2130.18,WHIB site
high_resolution_photos/2013/Atchafalaya Bay/Skimmer Island/23May13Camera1-Card1-0149.jpg,1874.13,2115.17,1905.13,2146.17,WHIB site
high_resolution_photos/2013/Atchafalaya Bay/Skimmer Island/23May13Camera1-Card1-0149.jpg,1856.13,2129.17,1887.13,2160.17,WHIB chick
high_resolution_photos/2013/Atchafalaya Bay/Skimmer Island/23May13Camera1-Card1-0149.jpg,392.13,2135.15,423.13,2166.15,LAGU site
high_resolution_photos/2013/Atchafalaya Bay/Skimmer Island/23May13Camera1-Card1-0149.jpg,396.13,2149.15,427.13,2180.15,LAGU site
high_resolution_photos/2013/Atchafalaya Bay/Skimmer Island/23May13Camera1-Card1-0149.jpg,242.13,2183.15,273.13,2214.15,LAGU site
high_resolution_photos/2013/Atchafalaya Bay/Skimmer Island/23May13Camera1-Card1-0149.jpg,240.13,2195.15,271.13,2226.15,LAGU site
high_resolution_photos/2013/Atchafalaya Bay/Skimmer Island/23May13Camera1-Card1-0149.jpg,244.13,2205.15,275.13,2236.15,LAGU site
high_resolution_photos/2013/Atchafalaya Bay/Skimmer Island/23May13Camera1-Card1-0149.jpg,556.13,2239.16,587.13,2270.16,LAGU site
high_resolution_photos/2013/Atchafalaya Bay/Skimmer Island/23May13Camera1-Card1-0149.jpg,572.13,2247.16,603.13,2278.16,TRHE site
high_resolution_photos/2013/Atchafalaya Bay/Skimmer Island/23May13Camera1-Card1-0149.jpg,904.13,2293.16,935.13,2324.16,TRHE site
high_resolution_photos/2013/Atchafalaya Bay/Skimmer Island/23May13Camera1-Card1-0149.jpg,904.13,2309.16,935.13,2340.16,LAGU site
high_resolution_photos/2013/Atchafalaya Bay/Skimmer Island/23May13Camera1-Card1-0149.jpg,196.13,2377.15,227.13,2408.15,TRHE site
high_resolution_photos/2013/Atchafalaya Bay/Skimmer Island/23May13Camera1-Card1-0149.jpg,208.13,2379.15,239.13,2410.15,LAGU site
high_resolution_photos/2013/Atchafalaya Bay/Skimmer Island/23May13Camera1-Card1-0149.jpg,1764.13,2531.17,1795.13,2562.17,WHIB bird
high_resolution_photos/2013/Atchafalaya Bay/Skimmer Island/23May13Camera1-Card1-0149.jpg,1780.13,2545.17,1811.13,2576.17,WHIB site
high_resolution_photos/2013/Atchafalaya Bay/Skimmer Island/23May13Camera1-Card1-0149.jpg,2168.13,2535.17,2199.13,2566.17,WHIB site
high_resolution_photos/2013/Atchafalaya Bay/Skimmer Island/23May13Camera1-Card1-0149.jpg,2188.13,2551.17,2219.13,2582.17,WHIB chick
high_resolution_photos/2013/Atchafalaya Bay/Skimmer Island/23May13Camera1-Card1-0149.jpg,2260.13,2591.17,2291.13,2622.17,WHIB site
high_resolution_photos/2013/Atchafalaya Bay/Skimmer Island/23May13Camera1-Card1-0149.jpg,1964.13,2611.17,1995.13,2642.17,WHIB site
high_resolution_photos/2013/Atchafalaya Bay/Skimmer Island/23May13Camera1-Card1-0149.jpg,1968.13,2619.17,1999.13,2650.17,WHIB site
high_resolution_photos/2013/Atchafalaya Bay/Skimmer Island/23May13Camera1-Card1-0149.jpg,1986.13,2619.17,2017.13,2650.17,WHIB site
high_resolution_photos/2013/Atchafalaya Bay/Skimmer Island/23May13Camera1-Card1-0149.jpg,2072.13,2647.17,2103.13,2678.17,WHIB site
high_resolution_photos/2013/Atchafalaya Bay/Skimmer Island/23May13Camera1-Card1-0149.jpg,2060.13,2655.17,2091.13,2686.17,WHIB site
high_resolution_photos/2013/Atchafalaya Bay/Skimmer Island/23May13Camera1-Card1-0149.jpg,2176.13,2671.17,2207.13,2702.17,WHIB bird
high_resolution_photos/2013/Atchafalaya Bay/Skimmer Island/23May13Camera1-Card1-0149.jpg,2176.13,2707.17,2207.13,2738.17,WHIB site
high_resolution_photos/2013/Atchafalaya Bay/Skimmer Island/23May13Camera1-Card1-0149.jpg,388.13,2731.15,419.13,2762.15,WHIB site
high_resolution_photos/2013/Atchafalaya Bay/Skimmer Island/23May13Camera1-Card1-0149.jpg,404.13,2743.15,435.13,2774.15,WHIB site
high_resolution_photos/2013/Atchafalaya Bay/Skimmer Island/23May13Camera1-Card1-0149.jpg,288.13,2767.15,319.13,2798.15,WHIB bird
high_resolution_photos/2013/Atchafalaya Bay/Skimmer Island/23May13Camera1-Card1-0149.jpg,296.13,2785.15,327.13,2816.15,WHIB site
high_resolution_photos/2013/Atchafalaya Bay/Skimmer Island/23May13Camera1-Card1-0149.jpg,296.13,2799.15,327.13,2830.15,WHIB bird
high_resolution_photos/2013/Atchafalaya Bay/Skimmer Island/23May13Camera1-Card1-0149.jpg,1040.13,2787.16,1071.13,2818.16,WHIB bird
high_resolution_photos/2013/Atchafalaya Bay/Skimmer Island/23May13Camera1-Card1-0149.jpg,1050.13,2791.16,1081.13,2822.16,WHIB site
high_resolution_photos/2013/Atchafalaya Bay/Skimmer Island/23May13Camera1-Card1-0149.jpg,714.13,2825.16,745.13,2856.16,WHIB bird
high_resolution_photos/2013/Atchafalaya Bay/Skimmer Island/23May13Camera1-Card1-0149.jpg,732.13,2823.16,763.13,2854.16,WHIB site
high_resolution_photos/2013/Atchafalaya Bay/Skimmer Island/23May13Camera1-Card1-0149.jpg,502.79,2845.82,533.79,2876.82,WHIB site
high_resolution_photos/2013/Atchafalaya Bay/Skimmer Island/23May13Camera1-Card1-0149.jpg,480.13,2863.16,511.13,2894.16,WHIB bird
high_resolution_photos/2013/Atchafalaya Bay/Skimmer Island/23May13Camera1-Card1-0149.jpg,710.13,2865.16,741.13,2896.16,WHIB site
high_resolution_photos/2013/Atchafalaya Bay/Skimmer Island/23May13Camera1-Card1-0149.jpg,710.13,2877.16,741.13,2908.16,WHIB bird
high_resolution_photos/2013/Atchafalaya Bay/Skimmer Island/23May13Camera1-Card1-0149.jpg,1124.13,2871.16,1155.13,2902.16,WHIB site
high_resolution_photos/2013/Atchafalaya Bay/Skimmer Island/23May13Camera1-Card1-0149.jpg,1124.13,2883.16,1155.13,2914.16,WHIB bird
high_resolution_photos/2013/Atchafalaya Bay/Skimmer Island/23May13Camera1-Card1-0149.jpg,3000.13,2913.18,3031.13,2944.18,TRHE site
high_resolution_photos/2013/Atchafalaya Bay/Skimmer Island/23May13Camera1-Card1-0149.jpg,1512.13,2935.17,1543.13,2966.17,WHIB bird
high_resolution_photos/2013/Atchafalaya Bay/Skimmer Island/23May13Camera1-Card1-0149.jpg,1520.13,2943.17,1551.13,2974.17,WHIB site
high_resolution_photos/2013/Atchafalaya Bay/Skimmer Island/23May13Camera1-Card1-0149.jpg,1528.13,2943.17,1559.13,2974.17,WHIB site
high_resolution_photos/2013/Atchafalaya Bay/Skimmer Island/23May13Camera1-Card1-0149.jpg,506.13,2935.16,537.13,2966.16,WHIB site
high_resolution_photos/2013/Atchafalaya Bay/Skimmer Island/23May13Camera1-Card1-0149.jpg,1564.13,2971.17,1595.13,3002.17,WHIB site
high_resolution_photos/2013/Atchafalaya Bay/Skimmer Island/23May13Camera1-Card1-0149.jpg,1220.13,3003.16,1251.13,3034.16,WHIB site
high_resolution_photos/2013/Atchafalaya Bay/Skimmer Island/23May13Camera1-Card1-0149.jpg,1216.13,3007.16,1247.13,3038.16,WHIB bird
high_resolution_photos/2013/Atchafalaya Bay/Skimmer Island/23May13Camera1-Card1-0149.jpg,1208.13,3015.16,1239.13,3046.16,WHIB bird
high_resolution_photos/2013/Atchafalaya Bay/Skimmer Island/23May13Camera1-Card1-0149.jpg,972.13,3015.16,1003.13,3046.16,WHIB bird
high_resolution_photos/2013/Atchafalaya Bay/Skimmer Island/23May13Camera1-Card1-0149.jpg,968.13,3019.16,999.13,3050.16,WHIB bird
high_resolution_photos/2013/Atchafalaya Bay/Skimmer Island/23May13Camera1-Card1-0149.jpg,872.13,3035.16,903.13,3066.16,WHIB site
high_resolution_photos/2013/Atchafalaya Bay/Skimmer Island/23May13Camera1-Card1-0149.jpg,880.12,3039.16,911.12,3070.16,WHIB site
high_resolution_photos/2013/Atchafalaya Bay/Skimmer Island/23May13Camera1-Card1-0149.jpg,886.12,3047.16,917.12,3078.16,WHIB site
high_resolution_photos/2013/Atchafalaya Bay/Skimmer Island/23May13Camera1-Card1-0149.jpg,280.12,3107.15,311.12,3138.15,WHIB bird
high_resolution_photos/2013/Atchafalaya Bay/Skimmer Island/23May13Camera1-Card1-0149.jpg,296.12,3107.15,327.12,3138.15,WHIB brood
high_resolution_photos/2013/Atchafalaya Bay/Skimmer Island/23May13Camera1-Card1-0149.jpg,816.12,3107.16,847.12,3138.16,WHIB site
high_resolution_photos/2013/Atchafalaya Bay/Skimmer Island/23May13Camera1-Card1-0149.jpg,808.12,3119.16,839.12,3150.16,WHIB site
high_resolution_photos/2013/Atchafalaya Bay/Skimmer Island/23May13Camera1-Card1-0149.jpg,217.46,3121.82,248.46,3152.82,WHIB bird
high_resolution_photos/2013/Atchafalaya Bay/Skimmer Island/23May13Camera1-Card1-0149.jpg,380.12,3139.15,411.12,3170.15,WHIB site
high_resolution_photos/2013/Atchafalaya Bay/Skimmer Island/23May13Camera1-Card1-0149.jpg,396.12,3139.15,427.12,3170.15,WHIB site
high_resolution_photos/2013/Atchafalaya Bay/Skimmer Island/23May13Camera1-Card1-0149.jpg,0.0,3121.15,25.12,3152.15,SNEG site
high_resolution_photos/2013/Atchafalaya Bay/Skimmer Island/23May13Camera1-Card1-0149.jpg,664.12,3187.16,695.12,3218.16,WHIB bird
high_resolution_photos/2013/Atchafalaya Bay/Skimmer Island/23May13Camera1-Card1-0149.jpg,680.12,3191.16,711.12,3222.16,WHIB site
high_resolution_photos/2013/Atchafalaya Bay/Skimmer Island/23May13Camera1-Card1-0149.jpg,384.12,3211.15,415.12,3242.15,WHIB site
high_resolution_photos/2013/Atchafalaya Bay/Skimmer Island/23May13Camera1-Card1-0149.jpg,372.12,3219.15,403.12,3250.15,WHIB site
high_resolution_photos/2013/Atchafalaya Bay/Skimmer Island/23May13Camera1-Card1-0149.jpg,848.12,3259.16,879.12,3290.16,SNEG bird
high_resolution_photos/2013/Atchafalaya Bay/Skimmer Island/23May13Camera1-Card1-0149.jpg,868.12,3259.16,899.12,3290.16,SNEG site
high_resolution_photos/2013/Atchafalaya Bay/Skimmer Island/23May13Camera1-Card1-0149.jpg,674.12,3323.16,705.12,3354.16,WHIB bird
high_resolution_photos/2013/Atchafalaya Bay/Skimmer Island/23May13Camera1-Card1-0149.jpg,412.12,3339.16,443.12,3370.16,WHIB site
high_resolution_photos/2013/Atchafalaya Bay/Skimmer Island/23May13Camera1-Card1-0149.jpg,420.12,3343.16,451.12,3374.16,WHIB site
high_resolution_photos/2013/Atchafalaya Bay/Skimmer Island/23May13Camera1-Card1-0149.jpg,426.12,3351.16,457.12,3382.16,WHIB site
high_resolution_photos/2013/Terrebonne Bay/Felicity Island/23May13Camera2-Card1-0886.jpg,1574.27,44.16,1599.27,69.16,LAGU bird
high_resolution_photos/2013/Terrebonne Bay/Felicity Island/23May13Camera2-Card1-0886.jpg,1558.27,46.16,1583.27,71.16,LAGU bird
high_resolution_photos/2013/Terrebonne Bay/Felicity Island/23May13Camera2-Card1-0886.jpg,1540.27,84.16,1565.27,109.16,LAGU bird
high_resolution_photos/2013/Terrebonne Bay/Felicity Island/23May13Camera2-Card1-0886.jpg,1538.27,102.16,1563.27,127.16,LAGU bird
high_resolution_photos/2013/Terrebonne Bay/Felicity Island/23May13Camera2-Card1-0886.jpg,3306.36,86.17,3331.36,111.17,TRHE bird
high_resolution_photos/2013/Terrebonne Bay/Felicity Island/23May13Camera2-Card1-0886.jpg,3318.36,86.18,3343.36,111.18,TRHE bird
high_resolution_photos/2013/Terrebonne Bay/Felicity Island/23May13Camera2-Card1-0886.jpg,3332.37,86.18,3357.37,111.18,TRHE bird
high_resolution_photos/2013/Terrebonne Bay/Felicity Island/23May13Camera2-Card1-0886.jpg,2142.3,200.17,2167.3,225.17,LAGU bird
high_resolution_photos/2013/Terrebonne Bay/Felicity Island/23May13Camera2-Card1-0886.jpg,2142.3,222.17,2167.3,247.17,LAGU site
high_resolution_photos/2013/Terrebonne Bay/Felicity Island/23May13Camera2-Card1-0886.jpg,1454.26,370.18,1479.26,395.18,LAGU bird
high_resolution_photos/2013/Terrebonne Bay/Felicity Island/23May13Camera2-Card1-0886.jpg,1459.6,388.84,1484.6,413.84,LAGU bird
high_resolution_photos/2013/Terrebonne Bay/Felicity Island/23May13Camera2-Card1-0886.jpg,2966.34,398.19,2991.34,423.19,SNEG bird
high_resolution_photos/2013/Terrebonne Bay/Felicity Island/23May13Camera2-Card1-0886.jpg,2976.34,398.19,3001.34,423.19,TRHE bird
high_resolution_photos/2013/Terrebonne Bay/Felicity Island/23May13Camera2-Card1-0886.jpg,2990.34,398.19,3015.34,423.19,SNEG bird
high_resolution_photos/2013/Terrebonne Bay/Felicity Island/23May13Camera2-Card1-0886.jpg,1302.25,472.18,1327.25,497.18,LAGU bird
high_resolution_photos/2013/Terrebonne Bay/Felicity Island/23May13Camera2-Card1-0886.jpg,1314.25,474.18,1339.25,499.18,LAGU bird
high_resolution_photos/2013/Terrebonne Bay/Felicity Island/23May13Camera2-Card1-0886.jpg,2090.3,482.19,2115.3,507.19,LAGU bird
high_resolution_photos/2013/Terrebonne Bay/Felicity Island/23May13Camera2-Card1-0886.jpg,2074.3,502.19,2099.3,527.19,LAGU bird
high_resolution_photos/2013/Terrebonne Bay/Felicity Island/23May13Camera2-Card1-0886.jpg,4666.43,500.21,4691.43,525.21,TRHE bird
high_resolution_photos/2013/Terrebonne Bay/Felicity Island/23May13Camera2-Card1-0886.jpg,4682.43,498.21,4707.43,523.21,TRHE bird
high_resolution_photos/2013/Terrebonne Bay/Felicity Island/23May13Camera2-Card1-0886.jpg,4694.44,500.21,4719.44,525.21,TRHE bird
high_resolution_photos/2013/Terrebonne Bay/Felicity Island/23May13Camera2-Card1-0886.jpg,4678.43,502.21,4703.43,527.21,TRHE bird
high_resolution_photos/2013/Terrebonne Bay/Felicity Island/23May13Camera2-Card1-0886.jpg,2130.3,542.19,2155.3,567.19,LAGU bird
high_resolution_photos/2013/Terrebonne Bay/Felicity Island/23May13Camera2-Card1-0886.jpg,2114.3,546.19,2139.3,571.19,LAGU bird
high_resolution_photos/2013/Terrebonne Bay/Felicity Island/23May13Camera2-Card1-0886.jpg,3386.36,556.2,3411.36,581.2,ROSP bird
high_resolution_photos/2013/Terrebonne Bay/Felicity Island/23May13Camera2-Card1-0886.jpg,3388.36,574.2,3413.36,599.2,Bird
high_resolution_photos/2013/Terrebonne Bay/Felicity Island/23May13Camera2-Card1-0886.jpg,2164.3,580.19,2189.3,605.19,LAGU bird
high_resolution_photos/2013/Terrebonne Bay/Felicity Island/23May13Camera2-Card1-0886.jpg,2160.97,619.53,2185.97,644.53,LAGU bird
high_resolution_photos/2013/Terrebonne Bay/Felicity Island/23May13Camera2-Card1-0886.jpg,3046.35,606.2,3071.35,631.2,Bird
high_resolution_photos/2013/Terrebonne Bay/Felicity Island/23May13Camera2-Card1-0886.jpg,3072.35,608.2,3097.35,633.2,Bird
high_resolution_photos/2013/Terrebonne Bay/Felicity Island/23May13Camera2-Card1-0886.jpg,3060.35,610.2,3085.35,635.2,Bird
high_resolution_photos/2013/Terrebonne Bay/Felicity Island/23May13Camera2-Card1-0886.jpg,3362.36,618.2,3387.36,643.2,BCNH bird
high_resolution_photos/2013/Terrebonne Bay/Felicity Island/23May13Camera2-Card1-0886.jpg,3366.36,630.2,3391.36,655.2,BCNH bird
high_resolution_photos/2013/Terrebonne Bay/Felicity Island/23May13Camera2-Card1-0886.jpg,1816.28,650.19,1841.28,675.19,LAGU site
high_resolution_photos/2013/Terrebonne Bay/Felicity Island/23May13Camera2-Card1-0886.jpg,1806.28,654.19,1831.28,679.19,LAGU bird
high_resolution_photos/2013/Terrebonne Bay/Felicity Island/23May13Camera2-Card1-0886.jpg,3238.36,676.21,3263.36,701.21,Bird
high_resolution_photos/2013/Terrebonne Bay/Felicity Island/23May13Camera2-Card1-0886.jpg,3236.36,694.21,3261.36,719.21,WHIB site
high_resolution_photos/2013/Terrebonne Bay/Felicity Island/23May13Camera2-Card1-0886.jpg,2192.3,678.2,2217.3,703.2,SNEG bird
high_resolution_photos/2013/Terrebonne Bay/Felicity Island/23May13Camera2-Card1-0886.jpg,1404.26,702.19,1429.26,727.19,LAGU site
high_resolution_photos/2013/Terrebonne Bay/Felicity Island/23May13Camera2-Card1-0886.jpg,3145.55,713.41,3170.55,738.41,Bird
high_resolution_photos/2013/Terrebonne Bay/Felicity Island/23May13Camera2-Card1-0886.jpg,3158.35,710.21,3183.35,735.21,Bird
high_resolution_photos/2013/Terrebonne Bay/Felicity Island/23May13Camera2-Card1-0886.jpg,3162.35,714.21,3187.35,739.21,Bird
high_resolution_photos/2013/Terrebonne Bay/Felicity Island/23May13Camera2-Card1-0886.jpg,1430.26,708.19,1455.26,733.19,LAGU site
high_resolution_photos/2013/Terrebonne Bay/Felicity Island/23May13Camera2-Card1-0886.jpg,1426.26,722.2,1451.26,747.2,LAGU bird
high_resolution_photos/2013/Terrebonne Bay/Felicity Island/23May13Camera2-Card1-0886.jpg,2746.33,726.2,2771.33,751.2,GREG site
high_resolution_photos/2013/Terrebonne Bay/Felicity Island/23May13Camera2-Card1-0886.jpg,2756.33,726.21,2781.33,751.21,Bird
high_resolution_photos/2013/Terrebonne Bay/Felicity Island/23May13Camera2-Card1-0886.jpg,1498.26,754.2,1523.26,779.2,LAGU site
high_resolution_photos/2013/Terrebonne Bay/Felicity Island/23May13Camera2-Card1-0886.jpg,1492.26,772.2,1517.26,797.2,LAGU bird
high_resolution_photos/2013/Terrebonne Bay/Felicity Island/23May13Camera2-Card1-0886.jpg,2882.34,770.21,2907.34,795.21,BCNH bird
high_resolution_photos/2013/Terrebonne Bay/Felicity Island/23May13Camera2-Card1-0886.jpg,2886.34,782.21,2911.34,807.21,BCNH bird
high_resolution_photos/2013/Terrebonne Bay/Felicity Island/23May13Camera2-Card1-0886.jpg,2884.34,796.21,2909.34,821.21,BCNH bird
high_resolution_photos/2013/Terrebonne Bay/Felicity Island/23May13Camera2-Card1-0886.jpg,2704.33,774.21,2729.33,799.21,TRHE bird
high_resolution_photos/2013/Terrebonne Bay/Felicity Island/23May13Camera2-Card1-0886.jpg,2716.33,774.21,2741.33,799.21,TRHE bird
high_resolution_photos/2013/Terrebonne Bay/Felicity Island/23May13Camera2-Card1-0886.jpg,2728.33,774.21,2753.33,799.21,TRHE bird
high_resolution_photos/2013/Terrebonne Bay/Felicity Island/23May13Camera2-Card1-0886.jpg,2991.28,788.48,3016.28,813.48,SNEG bird
high_resolution_photos/2013/Terrebonne Bay/Felicity Island/23May13Camera2-Card1-0886.jpg,3082.35,834.21,3107.35,859.21,SNEG bird
high_resolution_photos/2013/Terrebonne Bay/Felicity Island/23May13Camera2-Card1-0886.jpg,3078.35,838.21,3103.35,863.21,SNEG bird
high_resolution_photos/2013/Terrebonne Bay/Felicity Island/23May13Camera2-Card1-0886.jpg,3074.35,842.21,3099.35,867.21,SNEG bird
high_resolution_photos/2013/Terrebonne Bay/Felicity Island/23May13Camera2-Card1-0886.jpg,2906.34,864.21,2931.34,889.21,SNEG bird
high_resolution_photos/2013/Terrebonne Bay/Felicity Island/23May13Camera2-Card1-0886.jpg,3686.38,872.22,3711.38,897.22,TRHE bird
high_resolution_photos/2013/Terrebonne Bay/Felicity Island/23May13Camera2-Card1-0886.jpg,3686.38,888.22,3711.38,913.22,SNEG bird
high_resolution_photos/2013/Terrebonne Bay/Felicity Island/23May13Camera2-Card1-0886.jpg,2858.33,874.21,2883.33,899.21,TRHE bird
high_resolution_photos/2013/Terrebonne Bay/Felicity Island/23May13Camera2-Card1-0886.jpg,2858.33,888.21,2883.33,913.21,TRHE bird
high_resolution_photos/2013/Terrebonne Bay/Felicity Island/23May13Camera2-Card1-0886.jpg,2858.33,902.22,2883.33,927.22,TRHE bird
high_resolution_photos/2013/Terrebonne Bay/Felicity Island/23May13Camera2-Card1-0886.jpg,2725.33,929.88,2750.33,954.88,SNEG bird
high_resolution_photos/2013/Terrebonne Bay/Felicity Island/23May13Camera2-Card1-0886.jpg,1180.91,987.54,1205.91,1012.54,LAGU bird
high_resolution_photos/2013/Terrebonne Bay/Felicity Island/23May13Camera2-Card1-0886.jpg,1198.24,986.21,1223.24,1011.21,LAGU site
high_resolution_photos/2013/Terrebonne Bay/Felicity Island/23May13Camera2-Card1-0886.jpg,1786.28,972.21,1811.28,997.21,Bird
high_resolution_photos/2013/Terrebonne Bay/Felicity Island/23May13Camera2-Card1-0886.jpg,2842.33,1012.22,2867.33,1037.22,WHIB site
high_resolution_photos/2013/Terrebonne Bay/Felicity Island/23May13Camera2-Card1-0886.jpg,2874.33,1026.22,2899.33,1051.22,BCNH bird
high_resolution_photos/2013/Terrebonne Bay/Felicity Island/23May13Camera2-Card1-0886.jpg,1638.27,1030.21,1663.27,1055.21,LAGU bird
high_resolution_photos/2013/Terrebonne Bay/Felicity Island/23May13Camera2-Card1-0886.jpg,1640.27,1068.22,1665.27,1093.22,LAGU bird
high_resolution_photos/2013/Terrebonne Bay/Felicity Island/23May13Camera2-Card1-0886.jpg,4940.44,1030.24,4965.44,1055.24,TRHE bird
high_resolution_photos/2013/Terrebonne Bay/Felicity Island/23May13Camera2-Card1-0886.jpg,4956.45,1030.24,4981.45,1055.24,TRHE site
high_resolution_photos/2013/Terrebonne Bay/Felicity Island/23May13Camera2-Card1-0886.jpg,2098.29,1102.22,2123.29,1127.22,Bird
high_resolution_photos/2013/Terrebonne Bay/Felicity Island/23May13Camera2-Card1-0886.jpg,2842.33,1122.23,2867.33,1147.23,ROSP site
high_resolution_photos/2013/Terrebonne Bay/Felicity Island/23May13Camera2-Card1-0886.jpg,2838.33,1142.23,2863.33,1167.23,ROSP site
high_resolution_photos/2013/Terrebonne Bay/Felicity Island/23May13Camera2-Card1-0886.jpg,3066.34,1094.23,3091.34,1119.23,SNEG bird
high_resolution_photos/2013/Terrebonne Bay/Felicity Island/23May13Camera2-Card1-0886.jpg,3050.34,1114.23,3075.34,1139.23,SNEG bird
high_resolution_photos/2013/Terrebonne Bay/Felicity Island/23May13Camera2-Card1-0886.jpg,2498.31,1114.22,2523.31,1139.22,ROSP bird
high_resolution_photos/2013/Terrebonne Bay/Felicity Island/23May13Camera2-Card1-0886.jpg,2506.31,1150.23,2531.31,1175.23,ROSP bird
high_resolution_photos/2013/Terrebonne Bay/Felicity Island/23May13Camera2-Card1-0886.jpg,2710.48,1108.15,2735.48,1133.15,SNEG bird
high_resolution_photos/2013/Terrebonne Bay/Felicity Island/23May13Camera2-Card1-0886.jpg,2550.32,1130.23,2575.32,1155.23,TRHE bird
high_resolution_photos/2013/Terrebonne Bay/Felicity Island/23May13Camera2-Card1-0886.jpg,2570.32,1158.23,2595.32,1183.23,TRHE bird
high_resolution_photos/2013/Terrebonne Bay/Felicity Island/23May13Camera2-Card1-0886.jpg,2662.32,1138.23,2687.32,1163.23,BCNH bird
high_resolution_photos/2013/Terrebonne Bay/Felicity Island/23May13Camera2-Card1-0886.jpg,2658.32,1162.23,2683.32,1187.23,BCNH bird
high_resolution_photos/2013/Terrebonne Bay/Felicity Island/23May13Camera2-Card1-0886.jpg,2778.83,1153.73,2803.83,1178.73,SNEG bird
high_resolution_photos/2013/Terrebonne Bay/Felicity Island/23May13Camera2-Card1-0886.jpg,3090.34,1180.23,3115.34,1205.23,ROSP site
high_resolution_photos/2013/Terrebonne Bay/Felicity Island/23May13Camera2-Card1-0886.jpg,3102.35,1178.23,3127.35,1203.23,ROSP bird
high_resolution_photos/2013/Terrebonne Bay/Felicity Island/23May13Camera2-Card1-0886.jpg,2810.33,1182.23,2835.33,1207.23,ROSP site
high_resolution_photos/2013/Terrebonne Bay/Felicity Island/23May13Camera2-Card1-0886.jpg,2810.33,1202.23,2835.33,1227.23,ROSP bird
high_resolution_photos/2013/Terrebonne Bay/Felicity Island/23May13Camera2-Card1-0886.jpg,2466.31,1206.23,2491.31,1231.23,SNEG bird
high_resolution_photos/2013/Terrebonne Bay/Felicity Island/23May13Camera2-Card1-0886.jpg,1146.24,1210.22,1171.24,1235.22,LAGU site
high_resolution_photos/2013/Terrebonne Bay/Felicity Island/23May13Camera2-Card1-0886.jpg,2708.32,1240.23,2733.32,1265.23,ROSP site
high_resolution_photos/2013/Terrebonne Bay/Felicity Island/23May13Camera2-Card1-0886.jpg,2706.32,1262.23,2731.32,1287.23,ROSP site
high_resolution_photos/2013/Terrebonne Bay/Felicity Island/23May13Camera2-Card1-0886.jpg,2590.32,1268.23,2615.32,1293.23,BCNH bird
high_resolution_photos/2013/Terrebonne Bay/Felicity Island/23May13Camera2-Card1-0886.jpg,2586.32,1274.23,2611.32,1299.23,BCNH bird
high_resolution_photos/2013/Terrebonne Bay/Felicity Island/23May13Camera2-Card1-0886.jpg,2875.33,1255.23,2900.33,1280.23,SNEG bird
high_resolution_photos/2013/Terrebonne Bay/Felicity Island/23May13Camera2-Card1-0886.jpg,2824.33,1278.24,2849.33,1303.24,Bird
high_resolution_photos/2013/Terrebonne Bay/Felicity Island/23May13Camera2-Card1-0886.jpg,2838.33,1278.24,2863.33,1303.24,Bird
high_resolution_photos/2013/Terrebonne Bay/Felicity Island/23May13Camera2-Card1-0886.jpg,2806.33,1282.24,2831.33,1307.24,Bird
high_resolution_photos/2013/Terrebonne Bay/Felicity Island/23May13Camera2-Card1-0886.jpg,2816.33,1282.24,2841.33,1307.24,Bird
high_resolution_photos/2013/Terrebonne Bay/Felicity Island/23May13Camera2-Card1-0886.jpg,4048.39,1284.24,4073.39,1309.24,SNEG site
high_resolution_photos/2013/Terrebonne Bay/Felicity Island/23May13Camera2-Card1-0886.jpg,1100.24,1322.22,1125.24,1347.22,LAGU site
high_resolution_photos/2013/Terrebonne Bay/Felicity Island/23May13Camera2-Card1-0886.jpg,2636.32,1322.24,2661.32,1347.24,WHIB site
high_resolution_photos/2013/Terrebonne Bay/Felicity Island/23May13Camera2-Card1-0886.jpg,2634.32,1338.24,2659.32,1363.24,Bird
high_resolution_photos/2013/Terrebonne Bay/Felicity Island/23May13Camera2-Card1-0886.jpg,2638.32,1346.24,2663.32,1371.24,Bird
high_resolution_photos/2013/Terrebonne Bay/Felicity Island/23May13Camera2-Card1-0886.jpg,2636.32,1358.24,2661.32,1383.24,WHIB site
high_resolution_photos/2013/Terrebonne Bay/Felicity Island/23May13Camera2-Card1-0886.jpg,876.22,1344.22,901.22,1369.22,LAGU bird
high_resolution_photos/2013/Terrebonne Bay/Felicity Island/23May13Camera2-Card1-0886.jpg,882.23,1360.23,907.23,1385.23,LAGU site
high_resolution_photos/2013/Terrebonne Bay/Felicity Island/23May13Camera2-Card1-0886.jpg,1082.24,1350.23,1107.24,1375.23,LAGU bird
high_resolution_photos/2013/Terrebonne Bay/Felicity Island/23May13Camera2-Card1-0886.jpg,1078.24,1366.23,1103.24,1391.23,LAGU site
high_resolution_photos/2013/Terrebonne Bay/Felicity Island/23May13Camera2-Card1-0886.jpg,2756.33,1366.24,2781.33,1391.24,SNEG bird
high_resolution_photos/2013/Terrebonne Bay/Felicity Island/23May13Camera2-Card1-0886.jpg,3030.34,1358.24,3055.34,1383.24,TRHE bird
high_resolution_photos/2013/Terrebonne Bay/Felicity Island/23May13Camera2-Card1-0886.jpg,3054.34,1358.24,3079.34,1383.24,SNEG bird
high_resolution_photos/2013/Terrebonne Bay/Felicity Island/23May13Camera2-Card1-0886.jpg,768.22,1396.23,793.22,1421.23,BCNH bird
high_resolution_photos/2013/Terrebonne Bay/Felicity Island/23May13Camera2-Card1-0886.jpg,786.22,1396.23,811.22,1421.23,BCNH bird
high_resolution_photos/2013/Terrebonne Bay/Felicity Island/23May13Camera2-Card1-0886.jpg,750.22,1398.23,775.22,1423.23,BCNH site
high_resolution_photos/2013/Terrebonne Bay/Felicity Island/23May13Camera2-Card1-0886.jpg,1702.84,1402.52,1727.84,1427.52,LAGU site
high_resolution_photos/2013/Terrebonne Bay/Felicity Island/23May13Camera2-Card1-0886.jpg,2590.93,1402.24,2615.93,1427.24,SNEG bird
high_resolution_photos/2013/Terrebonne Bay/Felicity Island/23May13Camera2-Card1-0886.jpg,634.21,1436.23,659.21,1461.23,LAGU bird
high_resolution_photos/2013/Terrebonne Bay/Felicity Island/23May13Camera2-Card1-0886.jpg,628.21,1454.23,653.21,1479.23,LAGU bird
high_resolution_photos/2013/Terrebonne Bay/Felicity Island/23May13Camera2-Card1-0886.jpg,4354.41,1480.26,4379.41,1505.26,LAGU site
high_resolution_photos/2013/Terrebonne Bay/Felicity Island/23May13Camera2-Card1-0886.jpg,4354.41,1494.26,4379.41,1519.26,TRHE bird
high_resolution_photos/2013/Terrebonne Bay/Felicity Island/23May13Camera2-Card1-0886.jpg,4354.41,1506.26,4379.41,1531.26,SNEG bird
high_resolution_photos/2013/Terrebonne Bay/Felicity Island/23May13Camera2-Card1-0886.jpg,4926.44,1514.26,4951.44,1539.26,SNEG bird
high_resolution_photos/2013/Terrebonne Bay/Felicity Island/23May13Camera2-Card1-0886.jpg,4926.44,1528.26,4951.44,1553.26,SNEG bird
high_resolution_photos/2013/Terrebonne Bay/Felicity Island/23May13Camera2-Card1-0886.jpg,4926.44,1538.26,4951.44,1563.26,SNEG site
high_resolution_photos/2013/Terrebonne Bay/Felicity Island/23May13Camera2-Card1-0886.jpg,3922.39,1622.26,3947.39,1647.26,BCNH bird
high_resolution_photos/2013/Terrebonne Bay/Felicity Island/23May13Camera2-Card1-0886.jpg,4598.42,1586.26,4623.42,1611.26,SNEG site
high_resolution_photos/2013/Terrebonne Bay/Felicity Island/23May13Camera2-Card1-0886.jpg,4598.42,1596.27,4623.42,1621.27,SNEG site
high_resolution_photos/2013/Terrebonne Bay/Felicity Island/23May13Camera2-Card1-0886.jpg,4598.42,1610.27,4623.42,1635.27,SNEG bird
high_resolution_photos/2013/Terrebonne Bay/Felicity Island/23May13Camera2-Card1-0886.jpg,2540.31,1590.25,2565.31,1615.25,TRHE bird
high_resolution_photos/2013/Terrebonne Bay/Felicity Island/23May13Camera2-Card1-0886.jpg,2556.31,1590.25,2581.31,1615.25,TRHE bird
high_resolution_photos/2013/Terrebonne Bay/Felicity Island/23May13Camera2-Card1-0886.jpg,1048.23,1624.24,1073.23,1649.24,LAGU bird
high_resolution_photos/2013/Terrebonne Bay/Felicity Island/23May13Camera2-Card1-0886.jpg,1754.27,1628.25,1779.27,1653.25,LAGU bird
high_resolution_photos/2013/Terrebonne Bay/Felicity Island/23May13Camera2-Card1-0886.jpg,1734.27,1630.25,1759.27,1655.25,LAGU bird
high_resolution_photos/2013/Terrebonne Bay/Felicity Island/23May13Camera2-Card1-0886.jpg,438.2,1618.24,463.2,1643.24,LAGU bird
high_resolution_photos/2013/Terrebonne Bay/Felicity Island/23May13Camera2-Card1-0886.jpg,434.2,1634.24,459.2,1659.24,LAGU bird
high_resolution_photos/2013/Terrebonne Bay/Felicity Island/23May13Camera2-Card1-0886.jpg,438.2,1638.24,463.2,1663.24,LAGU bird
high_resolution_photos/2013/Terrebonne Bay/Felicity Island/23May13Camera2-Card1-0886.jpg,742.22,1648.24,767.22,1673.24,LAGU bird
high_resolution_photos/2013/Terrebonne Bay/Felicity Island/23May13Camera2-Card1-0886.jpg,758.22,1650.24,783.22,1675.24,LAGU site
high_resolution_photos/2013/Terrebonne Bay/Felicity Island/23May13Camera2-Card1-0886.jpg,1978.28,1642.25,2003.28,1667.25,LAGU bird
high_resolution_photos/2013/Terrebonne Bay/Felicity Island/23May13Camera2-Card1-0886.jpg,1978.28,1658.25,2003.28,1683.25,LAGU site
high_resolution_photos/2013/Terrebonne Bay/Felicity Island/23May13Camera2-Card1-0886.jpg,3432.36,1674.26,3457.36,1699.26,TRHE bird
high_resolution_photos/2013/Terrebonne Bay/Felicity Island/23May13Camera2-Card1-0886.jpg,3444.36,1674.26,3469.36,1699.26,TRHE bird
high_resolution_photos/2013/Terrebonne Bay/Felicity Island/23May13Camera2-Card1-0886.jpg,3456.36,1674.26,3481.36,1699.26,SNEG bird
high_resolution_photos/2013/Terrebonne Bay/Felicity Island/23May13Camera2-Card1-0886.jpg,3570.37,1658.26,3595.37,1683.26,ROSP bird
high_resolution_photos/2013/Terrebonne Bay/Felicity Island/23May13Camera2-Card1-0886.jpg,3538.36,1662.26,3563.36,1687.26,ROSP site
high_resolution_photos/2013/Terrebonne Bay/Felicity Island/23May13Camera2-Card1-0886.jpg,3534.36,1670.26,3559.36,1695.26,ROSP site
high_resolution_photos/2013/Terrebonne Bay/Felicity Island/23May13Camera2-Card1-0886.jpg,3518.36,1710.26,3543.36,1735.26,BCNH bird
high_resolution_photos/2013/Terrebonne Bay/Felicity Island/23May13Camera2-Card1-0886.jpg,3504.36,1714.26,3529.36,1739.26,BCNH bird
high_resolution_photos/2013/Terrebonne Bay/Felicity Island/23May13Camera2-Card1-0886.jpg,2094.29,1682.25,2119.29,1707.25,LAGU site
high_resolution_photos/2013/Terrebonne Bay/Felicity Island/23May13Camera2-Card1-0886.jpg,2114.29,1682.25,2139.29,1707.25,LAGU bird
high_resolution_photos/2013/Terrebonne Bay/Felicity Island/23May13Camera2-Card1-0886.jpg,2114.29,1702.25,2139.29,1727.25,LAGU site
high_resolution_photos/2013/Terrebonne Bay/Felicity Island/23May13Camera2-Card1-0886.jpg,3755.23,1673.12,3780.23,1698.12,SNEG bird
high_resolution_photos/2013/Terrebonne Bay/Felicity Island/23May13Camera2-Card1-0886.jpg,3752.6,1689.82,3777.6,1714.82,SNEG bird
high_resolution_photos/2013/Terrebonne Bay/Felicity Island/23May13Camera2-Card1-0886.jpg,1564.26,1718.25,1589.26,1743.25,LAGU site
high_resolution_photos/2013/Terrebonne Bay/Felicity Island/23May13Camera2-Card1-0886.jpg,306.19,1762.24,331.19,1787.24,LAGU bird
high_resolution_photos/2013/Terrebonne Bay/Felicity Island/23May13Camera2-Card1-0886.jpg,310.19,1766.24,335.19,1791.24,LAGU bird
high_resolution_photos/2013/Terrebonne Bay/Felicity Island/23May13Camera2-Card1-0886.jpg,3764.38,1780.27,3789.38,1805.27,WHIB site
high_resolution_photos/2013/Terrebonne Bay/Felicity Island/23May13Camera2-Card1-0886.jpg,3780.38,1782.27,3805.38,1807.27,WHIB site
high_resolution_photos/2013/Terrebonne Bay/Felicity Island/23May13Camera2-Card1-0886.jpg,2014.28,1804.26,2039.28,1829.26,LAGU site
high_resolution_photos/2013/Terrebonne Bay/Felicity Island/23May13Camera2-Card1-0886.jpg,2034.28,1802.26,2059.28,1827.26,LAGU bird
high_resolution_photos/2013/Terrebonne Bay/Felicity Island/23May13Camera2-Card1-0886.jpg,270.19,1852.25,295.19,1877.25,LAGU bird
high_resolution_photos/2013/Terrebonne Bay/Felicity Island/23May13Camera2-Card1-0886.jpg,308.19,1888.25,333.19,1913.25,LAGU bird
high_resolution_photos/2013/Terrebonne Bay/Felicity Island/23May13Camera2-Card1-0886.jpg,242.19,1898.25,267.19,1923.25,LAGU bird
high_resolution_photos/2013/Terrebonne Bay/Felicity Island/23May13Camera2-Card1-0886.jpg,258.19,1906.25,283.19,1931.25,LAGU bird
high_resolution_photos/2013/Terrebonne Bay/Felicity Island/23May13Camera2-Card1-0886.jpg,254.19,1930.25,279.19,1955.25,LAGU bird
high_resolution_photos/2013/Terrebonne Bay/Felicity Island/23May13Camera2-Card1-0886.jpg,263.52,1948.92,288.52,1973.92,LAGU bird
high_resolution_photos/2013/Terrebonne Bay/Felicity Island/23May13Camera2-Card1-0886.jpg,208.85,1951.59,233.85,1976.59,LAGU bird
high_resolution_photos/2013/Terrebonne Bay/Felicity Island/23May13Camera2-Card1-0886.jpg,278.19,1954.25,303.19,1979.25,LAGU bird
high_resolution_photos/2013/Terrebonne Bay/Felicity Island/23May13Camera2-Card1-0886.jpg,292.19,1954.25,317.19,1979.25,LAGU bird
high_resolution_photos/2013/Terrebonne Bay/Felicity Island/23May13Camera2-Card1-0886.jpg,218.19,1970.25,243.19,1995.25,LAGU bird
high_resolution_photos/2013/Terrebonne Bay/Felicity Island/23May13Camera2-Card1-0886.jpg,222.19,1986.25,247.19,2011.25,LAGU bird
high_resolution_photos/2013/Terrebonne Bay/Felicity Island/23May13Camera2-Card1-0886.jpg,226.19,2002.25,251.19,2027.25,LAGU bird
high_resolution_photos/2013/Terrebonne Bay/Felicity Island/23May13Camera2-Card1-0886.jpg,3846.38,1862.27,3871.38,1887.27,BRPE bird
high_resolution_photos/2013/Terrebonne Bay/Felicity Island/23May13Camera2-Card1-0886.jpg,3866.38,1862.27,3891.38,1887.27,BRPE bird
high_resolution_photos/2013/Terrebonne Bay/Felicity Island/23May13Camera2-Card1-0886.jpg,128.18,1906.25,153.18,1931.25,BRPE bird
high_resolution_photos/2013/Terrebonne Bay/Felicity Island/23May13Camera2-Card1-0886.jpg,110.18,1910.25,135.18,1935.25,BRPE bird
high_resolution_photos/2013/Terrebonne Bay/Felicity Island/23May13Camera2-Card1-0886.jpg,3742.37,1930.28,3767.37,1955.28,BRPE bird
high_resolution_photos/2013/Terrebonne Bay/Felicity Island/23May13Camera2-Card1-0886.jpg,3762.37,1930.28,3787.37,1955.28,BRPE bird
high_resolution_photos/2013/Terrebonne Bay/Felicity Island/23May13Camera2-Card1-0886.jpg,730.21,1974.26,755.21,1999.26,LAGU bird
high_resolution_photos/2013/Terrebonne Bay/Felicity Island/23May13Camera2-Card1-0886.jpg,726.21,2016.26,751.21,2041.26,LAGU bird
high_resolution_photos/2013/Terrebonne Bay/Felicity Island/23May13Camera2-Card1-0886.jpg,710.21,2018.26,735.21,2043.26,LAGU site
high_resolution_photos/2013/Terrebonne Bay/Felicity Island/23May13Camera2-Card1-0886.jpg,5118.45,2006.29,5143.45,2031.29,LAGU bird
high_resolution_photos/2013/Terrebonne Bay/Felicity Island/23May13Camera2-Card1-0886.jpg,5114.45,2020.29,5139.45,2045.29,LAGU site
high_resolution_photos/2013/Terrebonne Bay/Felicity Island/23May13Camera2-Card1-0886.jpg,250.19,2030.26,275.19,2055.26,LAGU bird
high_resolution_photos/2013/Terrebonne Bay/Felicity Island/23May13Camera2-Card1-0886.jpg,238.19,2038.26,263.19,2063.26,LAGU bird
high_resolution_photos/2013/Terrebonne Bay/Felicity Island/23May13Camera2-Card1-0886.jpg,218.18,2042.26,243.18,2067.26,LAGU bird
high_resolution_photos/2013/Terrebonne Bay/Felicity Island/23May13Camera2-Card1-0886.jpg,162.18,2046.26,187.18,2071.26,LAGU bird
high_resolution_photos/2013/Terrebonne Bay/Felicity Island/23May13Camera2-Card1-0886.jpg,206.18,2046.26,231.18,2071.26,LAGU bird
high_resolution_photos/2013/Terrebonne Bay/Felicity Island/23May13Camera2-Card1-0886.jpg,4560.42,2026.29,4585.42,2051.29,TRHE bird
high_resolution_photos/2013/Terrebonne Bay/Felicity Island/23May13Camera2-Card1-0886.jpg,4550.42,2054.29,4575.42,2079.29,SNEG bird
high_resolution_photos/2013/Terrebonne Bay/Felicity Island/23May13Camera2-Card1-0886.jpg,386.19,2038.26,411.19,2063.26,LAGU bird
high_resolution_photos/2013/Terrebonne Bay/Felicity Island/23May13Camera2-Card1-0886.jpg,390.19,2058.26,415.19,2083.26,LAGU bird
high_resolution_photos/2013/Terrebonne Bay/Felicity Island/23May13Camera2-Card1-0886.jpg,328.86,2068.93,353.86,2093.93,LAGU bird
high_resolution_photos/2013/Terrebonne Bay/Felicity Island/23May13Camera2-Card1-0886.jpg,330.19,2090.26,355.19,2115.26,LAGU bird
high_resolution_photos/2013/Terrebonne Bay/Felicity Island/23May13Camera2-Card1-0886.jpg,5134.89,2064.52,5159.89,2089.52,LAGU site
high_resolution_photos/2013/Terrebonne Bay/Felicity Island/23May13Camera2-Card1-0886.jpg,4396.41,2146.29,4421.41,2171.29,TRHE bird
high_resolution_photos/2013/Terrebonne Bay/Felicity Island/23May13Camera2-Card1-0886.jpg,4418.41,2148.29,4443.41,2173.29,TRHE bird
high_resolution_photos/2013/Terrebonne Bay/Felicity Island/23May13Camera2-Card1-0886.jpg,4408.41,2150.29,4433.41,2175.29,TRHE bird
high_resolution_photos/2013/Terrebonne Bay/Felicity Island/23May13Camera2-Card1-0886.jpg,142.18,2190.26,167.18,2215.26,LAGU bird
high_resolution_photos/2013/Terrebonne Bay/Felicity Island/23May13Camera2-Card1-0886.jpg,138.18,2198.26,163.18,2223.26,LAGU bird
high_resolution_photos/2013/Terrebonne Bay/Felicity Island/23May13Camera2-Card1-0886.jpg,127.51,2211.6,152.51,2236.6,LAGU bird
high_resolution_photos/2013/Terrebonne Bay/Felicity Island/23May13Camera2-Card1-0886.jpg,118.18,2226.27,143.18,2251.27,LAGU bird
high_resolution_photos/2013/Terrebonne Bay/Felicity Island/23May13Camera2-Card1-0886.jpg,110.18,2242.27,135.18,2267.27,LAGU bird
high_resolution_photos/2013/Terrebonne Bay/Felicity Island/23May13Camera2-Card1-0886.jpg,338.19,2206.27,363.19,2231.27,LAGU bird
high_resolution_photos/2013/Terrebonne Bay/Felicity Island/23May13Camera2-Card1-0886.jpg,346.19,2218.27,371.19,2243.27,LAGU bird
high_resolution_photos/2013/Terrebonne Bay/Felicity Island/23May13Camera2-Card1-0886.jpg,350.19,2226.27,375.19,2251.27,LAGU bird
high_resolution_photos/2013/Terrebonne Bay/Felicity Island/23May13Camera2-Card1-0886.jpg,1456.25,2208.27,1481.25,2233.27,TRHE bird
high_resolution_photos/2013/Terrebonne Bay/Felicity Island/23May13Camera2-Card1-0886.jpg,930.22,2226.27,955.22,2251.27,LAGU site
high_resolution_photos/2013/Terrebonne Bay/Felicity Island/23May13Camera2-Card1-0886.jpg,934.22,2242.27,959.22,2267.27,LAGU bird
high_resolution_photos/2013/Terrebonne Bay/Felicity Island/23May13Camera2-Card1-0886.jpg,970.22,2238.27,995.22,2263.27,LAGU site
high_resolution_photos/2013/Terrebonne Bay/Felicity Island/23May13Camera2-Card1-0886.jpg,990.22,2274.27,1015.22,2299.27,LAGU bird
high_resolution_photos/2013/Terrebonne Bay/Felicity Island/23May13Camera2-Card1-0886.jpg,0.0,2311.47,18.37,2336.47,Bird
high_resolution_photos/2013/Terrebonne Bay/Felicity Island/23May13Camera2-Card1-0886.jpg,0.0,2342.27,15.17,2367.27,Bird
high_resolution_photos/2013/Terrebonne Bay/Felicity Island/23May13Camera2-Card1-0886.jpg,0.0,2350.27,15.17,2375.27,Bird
high_resolution_photos/2013/Terrebonne Bay/Felicity Island/23May13Camera2-Card1-0886.jpg,30.17,2366.27,55.17,2391.27,LAGU bird
high_resolution_photos/2013/Terrebonne Bay/Felicity Island/23May13Camera2-Card1-0886.jpg,14.17,2374.27,39.17,2399.27,LAGU bird
high_resolution_photos/2013/Terrebonne Bay/Felicity Island/23May13Camera2-Card1-0886.jpg,26.17,2374.27,51.17,2399.27,LAGU bird
high_resolution_photos/2013/Terrebonne Bay/Felicity Island/23May13Camera2-Card1-0886.jpg,6.17,2378.27,31.17,2403.27,LAGU bird
high_resolution_photos/2013/Terrebonne Bay/Felicity Island/23May13Camera2-Card1-0886.jpg,0.0,2388.27,15.17,2413.27,LAGU bird
high_resolution_photos/2013/Terrebonne Bay/Felicity Island/23May13Camera2-Card1-0886.jpg,3810.37,2386.3,3835.37,2411.3,TRHE bird
high_resolution_photos/2013/Terrebonne Bay/Felicity Island/23May13Camera2-Card1-0886.jpg,3810.37,2400.3,3835.37,2425.3,TRHE bird
high_resolution_photos/2013/Terrebonne Bay/Felicity Island/23May13Camera2-Card1-0886.jpg,3810.37,2410.3,3835.37,2435.3,TRHE bird
high_resolution_photos/2013/Terrebonne Bay/Felicity Island/23May13Camera2-Card1-0886.jpg,894.94,2490.83,919.94,2515.83,LAGU site
high_resolution_photos/2013/Terrebonne Bay/Felicity Island/23May13Camera2-Card1-0886.jpg,2524.3,2504.3,2549.3,2529.3,ROSP site
high_resolution_photos/2013/Terrebonne Bay/Felicity Island/23May13Camera2-Card1-0886.jpg,2542.31,2502.3,2567.31,2527.3,ROSP site
high_resolution_photos/2013/Terrebonne Bay/Felicity Island/23May13Camera2-Card1-0886.jpg,3484.24,2520.07,3509.24,2545.07,Bird
high_resolution_photos/2013/Terrebonne Bay/Felicity Island/23May13Camera2-Card1-0886.jpg,3508.67,2507.99,3533.67,2532.99,Bird
high_resolution_photos/2013/Terrebonne Bay/Felicity Island/23May13Camera2-Card1-0886.jpg,3914.2,2510.85,3939.2,2535.85,Bird
high_resolution_photos/2013/Terrebonne Bay/Felicity Island/23May13Camera2-Card1-0886.jpg,2482.3,2506.3,2507.3,2531.3,SNEG bird
high_resolution_photos/2013/Terrebonne Bay/Felicity Island/23May13Camera2-Card1-0886.jpg,2466.3,2522.3,2491.3,2547.3,SNEG bird
high_resolution_photos/2013/Terrebonne Bay/Felicity Island/23May13Camera2-Card1-0886.jpg,3653.39,2521.23,3678.39,2546.23,Bird
high_resolution_photos/2013/Terrebonne Bay/Felicity Island/23May13Camera2-Card1-0886.jpg,3720.03,2520.97,3745.03,2545.97,Bird
high_resolution_photos/2013/Terrebonne Bay/Felicity Island/23May13Camera2-Card1-0886.jpg,3814.37,2506.31,3839.37,2531.31,Bird
high_resolution_photos/2013/Terrebonne Bay/Felicity Island/23May13Camera2-Card1-0886.jpg,3834.37,2526.31,3859.37,2551.31,Bird
high_resolution_photos/2013/Terrebonne Bay/Felicity Island/23May13Camera2-Card1-0886.jpg,3834.37,2546.31,3859.37,2571.31,Bird
high_resolution_photos/2013/Terrebonne Bay/Felicity Island/23May13Camera2-Card1-0886.jpg,1234.24,2514.29,1259.24,2539.29,Bird
high_resolution_photos/2013/Terrebonne Bay/Felicity Island/23May13Camera2-Card1-0886.jpg,1234.24,2526.29,1259.24,2551.29,Bird
high_resolution_photos/2013/Terrebonne Bay/Felicity Island/23May13Camera2-Card1-0886.jpg,1238.24,2534.29,1263.24,2559.29,Bird
high_resolution_photos/2013/Terrebonne Bay/Felicity Island/23May13Camera2-Card1-0886.jpg,1234.24,2540.29,1259.24,2565.29,Bird
high_resolution_photos/2013/Terrebonne Bay/Felicity Island/23May13Camera2-Card1-0886.jpg,1236.24,2550.29,1261.24,2575.29,Bird
high_resolution_photos/2013/Terrebonne Bay/Felicity Island/23May13Camera2-Card1-0886.jpg,3544.36,2516.31,3569.36,2541.31,Bird
high_resolution_photos/2013/Terrebonne Bay/Felicity Island/23May13Camera2-Card1-0886.jpg,712.75,2522.65,737.75,2547.65,LAGU site
high_resolution_photos/2013/Terrebonne Bay/Felicity Island/23May13Camera2-Card1-0886.jpg,1114.23,2542.29,1139.23,2567.29,BCNH bird
high_resolution_photos/2013/Terrebonne Bay/Felicity Island/23May13Camera2-Card1-0886.jpg,1118.23,2550.29,1143.23,2575.29,BCNH bird
high_resolution_photos/2013/Terrebonne Bay/Felicity Island/23May13Camera2-Card1-0886.jpg,1750.26,2532.29,1775.26,2557.29,WHIB site
high_resolution_photos/2013/Terrebonne Bay/Felicity Island/23May13Camera2-Card1-0886.jpg,1754.26,2546.29,1779.26,2571.29,WHIB site
high_resolution_photos/2013/Terrebonne Bay/Felicity Island/23May13Camera2-Card1-0886.jpg,2342.29,2542.3,2367.29,2567.3,BCNH bird
high_resolution_photos/2013/Terrebonne Bay/Felicity Island/23May13Camera2-Card1-0886.jpg,2726.31,2546.3,2751.31,2571.3,BCNH bird
high_resolution_photos/2013/Terrebonne Bay/Felicity Island/23May13Camera2-Card1-0886.jpg,2730.31,2566.3,2755.31,2591.3,BCNH bird
high_resolution_photos/2013/Terrebonne Bay/Felicity Island/23May13Camera2-Card1-0886.jpg,2854.32,2534.3,2879.32,2559.3,BCNH bird
high_resolution_photos/2013/Terrebonne Bay/Felicity Island/23May13Camera2-Card1-0886.jpg,2852.32,2546.3,2877.32,2571.3,BCNH bird
high_resolution_photos/2013/Terrebonne Bay/Felicity Island/23May13Camera2-Card1-0886.jpg,3538.76,2542.71,3563.76,2567.71,Bird
high_resolution_photos/2013/Terrebonne Bay/Felicity Island/23May13Camera2-Card1-0886.jpg,3734.87,2530.81,3759.87,2555.81,Bird
high_resolution_photos/2013/Terrebonne Bay/Felicity Island/23May13Camera2-Card1-0886.jpg,3572.36,2544.31,3597.36,2569.31,Bird
high_resolution_photos/2013/Terrebonne Bay/Felicity Island/23May13Camera2-Card1-0886.jpg,3894.38,2540.31,3919.38,2565.31,Bird
high_resolution_photos/2013/Terrebonne Bay/Felicity Island/23May13Camera2-Card1-0886.jpg,3922.38,2536.31,3947.38,2561.31,Bird
high_resolution_photos/2013/Terrebonne Bay/Felicity Island/23May13Camera2-Card1-0886.jpg,2661.31,2563.7,2686.31,2588.7,SNEG bird
high_resolution_photos/2013/Terrebonne Bay/Felicity Island/23May13Camera2-Card1-0886.jpg,1426.25,2602.3,1451.25,2627.3,SNEG bird
high_resolution_photos/2013/Terrebonne Bay/Felicity Island/23May13Camera2-Card1-0886.jpg,1860.27,2586.3,1885.27,2611.3,TRHE bird
high_resolution_photos/2013/Terrebonne Bay/Felicity Island/23May13Camera2-Card1-0886.jpg,1866.27,2590.3,1891.27,2615.3,TRHE site
high_resolution_photos/2013/Terrebonne Bay/Felicity Island/23May13Camera2-Card1-0886.jpg,3530.36,2586.31,3555.36,2611.31,Bird
high_resolution_photos/2013/Terrebonne Bay/Felicity Island/23May13Camera2-Card1-0886.jpg,3522.36,2590.31,3547.36,2615.31,Bird
high_resolution_photos/2013/Terrebonne Bay/Felicity Island/23May13Camera2-Card1-0886.jpg,3548.36,2570.31,3573.36,2595.31,Bird
high_resolution_photos/2013/Terrebonne Bay/Felicity Island/23May13Camera2-Card1-0886.jpg,3581.56,2575.38,3606.56,2600.38,Bird
high_resolution_photos/2013/Terrebonne Bay/Felicity Island/23May13Camera2-Card1-0886.jpg,3634.36,2572.31,3659.36,2597.31,Bird
high_resolution_photos/2013/Terrebonne Bay/Felicity Island/23May13Camera2-Card1-0886.jpg,3675.62,2579.56,3700.62,2604.56,Bird
high_resolution_photos/2013/Terrebonne Bay/Felicity Island/23May13Camera2-Card1-0886.jpg,3612.14,2589.2,3637.14,2614.2,Bird
high_resolution_photos/2013/Terrebonne Bay/Felicity Island/23May13Camera2-Card1-0886.jpg,2050.28,2590.3,2075.28,2615.3,TRHE site
high_resolution_photos/2013/Terrebonne Bay/Felicity Island/23May13Camera2-Card1-0886.jpg,2050.28,2604.3,2075.28,2629.3,TRHE site
high_resolution_photos/2013/Terrebonne Bay/Felicity Island/23May13Camera2-Card1-0886.jpg,2050.28,2614.3,2075.28,2639.3,TRHE site
high_resolution_photos/2013/Terrebonne Bay/Felicity Island/23May13Camera2-Card1-0886.jpg,2959.05,2602.31,2984.05,2627.31,SNEG bird
high_resolution_photos/2013/Terrebonne Bay/Felicity Island/23May13Camera2-Card1-0886.jpg,3587.55,2609.45,3612.55,2634.45,Bird
high_resolution_photos/2013/Terrebonne Bay/Felicity Island/23May13Camera2-Card1-0886.jpg,761.71,2610.79,786.71,2635.79,LAGU site
high_resolution_photos/2013/Terrebonne Bay/Felicity Island/23May13Camera2-Card1-0886.jpg,3544.64,2618.5,3569.64,2643.5,Bird
high_resolution_photos/2013/Terrebonne Bay/Felicity Island/23May13Camera2-Card1-0886.jpg,1998.28,2618.3,2023.28,2643.3,TRHE bird
high_resolution_photos/2013/Terrebonne Bay/Felicity Island/23May13Camera2-Card1-0886.jpg,1982.27,2646.3,2007.27,2671.3,TRHE bird
high_resolution_photos/2013/Terrebonne Bay/Felicity Island/23May13Camera2-Card1-0886.jpg,666.2,2650.29,691.2,2675.29,LAGU bird
high_resolution_photos/2013/Terrebonne Bay/Felicity Island/23May13Camera2-Card1-0886.jpg,684.21,2650.29,709.21,2675.29,LAGU bird
high_resolution_photos/2013/Terrebonne Bay/Felicity Island/23May13Camera2-Card1-0886.jpg,702.21,2654.29,727.21,2679.29,LAGU site
high_resolution_photos/2013/Terrebonne Bay/Felicity Island/23May13Camera2-Card1-0886.jpg,3610.36,2634.31,3635.36,2659.31,Bird
high_resolution_photos/2013/Terrebonne Bay/Felicity Island/23May13Camera2-Card1-0886.jpg,3570.36,2658.31,3595.36,2683.31,Bird
high_resolution_photos/2013/Terrebonne Bay/Felicity Island/23May13Camera2-Card1-0886.jpg,3574.36,2668.31,3599.36,2693.31,Bird
high_resolution_photos/2013/Terrebonne Bay/Felicity Island/23May13Camera2-Card1-0886.jpg,3006.33,2674.31,3031.33,2699.31,SNEG bird
high_resolution_photos/2013/Terrebonne Bay/Felicity Island/23May13Camera2-Card1-0886.jpg,746.21,2734.3,771.21,2759.3,LAGU bird
high_resolution_photos/2013/Terrebonne Bay/Felicity Island/23May13Camera2-Card1-0886.jpg,718.21,2738.3,743.21,2763.3,LAGU bird
high_resolution_photos/2013/Terrebonne Bay/Felicity Island/23May13Camera2-Card1-0886.jpg,550.2,2798.3,575.2,2823.3,LAGU bird
high_resolution_photos/2013/Terrebonne Bay/Felicity Island/23May13Camera2-Card1-0886.jpg,546.2,2818.3,571.2,2843.3,LAGU bird
high_resolution_photos/2013/Terrebonne Bay/Felicity Island/23May13Camera2-Card1-0886.jpg,810.21,2788.3,835.21,2813.3,LAGU site
high_resolution_photos/2013/Terrebonne Bay/Felicity Island/23May13Camera2-Card1-0886.jpg,2432.3,2794.31,2457.3,2819.31,TRHE bird
high_resolution_photos/2013/Terrebonne Bay/Felicity Island/23May13Camera2-Card1-0886.jpg,2434.3,2804.31,2459.3,2829.31,TRHE bird
high_resolution_photos/2013/Terrebonne Bay/Felicity Island/23May13Camera2-Card1-0886.jpg,2430.3,2816.31,2455.3,2841.31,TRHE bird
high_resolution_photos/2013/Terrebonne Bay/Felicity Island/23May13Camera2-Card1-0886.jpg,1154.23,2828.31,1179.23,2853.31,TRHE bird
high_resolution_photos/2013/Terrebonne Bay/Felicity Island/23May13Camera2-Card1-0886.jpg,1154.23,2844.31,1179.23,2869.31,TRHE bird
high_resolution_photos/2013/Terrebonne Bay/Felicity Island/23May13Camera2-Card1-0886.jpg,2518.3,2850.32,2543.3,2875.32,BCNH bird
high_resolution_photos/2013/Terrebonne Bay/Felicity Island/23May13Camera2-Card1-0886.jpg,2538.3,2850.32,2563.3,2875.32,SNEG bird
high_resolution_photos/2013/Terrebonne Bay/Felicity Island/23May13Camera2-Card1-0886.jpg,2405.15,2857.36,2430.15,2882.36,SNEG bird
high_resolution_photos/2013/Terrebonne Bay/Felicity Island/23May13Camera2-Card1-0886.jpg,126.17,2938.3,151.17,2963.3,LAGU bird
high_resolution_photos/2013/Terrebonne Bay/Felicity Island/23May13Camera2-Card1-0886.jpg,146.17,2938.3,171.17,2963.3,LAGU bird
high_resolution_photos/2013/Terrebonne Bay/Felicity Island/23May13Camera2-Card1-0886.jpg,3078.33,3004.33,3103.33,3029.33,TRHE bird
high_resolution_photos/2013/Terrebonne Bay/Felicity Island/23May13Camera2-Card1-0886.jpg,3078.33,3018.33,3103.33,3043.33,TRHE bird
high_resolution_photos/2013/Terrebonne Bay/Felicity Island/23May13Camera2-Card1-0886.jpg,3078.33,3030.33,3103.33,3055.33,TRHE bird
high_resolution_photos/2013/Terrebonne Bay/Felicity Island/23May13Camera2-Card1-0886.jpg,346.18,3062.31,371.18,3087.31,LAGU bird
high_resolution_photos/2013/Terrebonne Bay/Felicity Island/23May13Camera2-Card1-0886.jpg,392.19,3064.31,417.19,3089.31,LAGU bird
high_resolution_photos/2013/Terrebonne Bay/Felicity Island/23May13Camera2-Card1-0886.jpg,1354.24,3090.32,1379.24,3115.32,BRPE bird
high_resolution_photos/2013/Terrebonne Bay/Felicity Island/23May13Camera2-Card1-0886.jpg,1880.26,3314.34,1905.26,3339.34,Bird
high_resolution_photos/2013/Terrebonne Bay/Felicity Island/23May13Camera2-Card1-0886.jpg,1794.26,3318.34,1819.26,3343.34,Bird
high_resolution_photos/2013/Terrebonne Bay/Felicity Island/23May13Camera2-Card1-0886.jpg,1810.26,3320.34,1835.26,3345.34,Bird
high_resolution_photos/2013/Terrebonne Bay/Felicity Island/23May13Camera2-Card1-0886.jpg,1810.26,3340.34,1835.26,3365.34,Bird
high_resolution_photos/2013/Terrebonne Bay/Felicity Island/23May13Camera2-Card1-0886.jpg,1882.26,3338.34,1907.26,3363.34,Bird
high_resolution_photos/2013/Terrebonne Bay/Felicity Island/23May13Camera2-Card1-0886.jpg,1810.26,3350.34,1835.26,3375.34,SNEG bird
high_resolution_photos/2013/Terrebonne Bay/Felicity Island/23May13Camera2-Card1-0886.jpg,1974.27,3294.34,1999.27,3319.34,Bird
high_resolution_photos/2013/Terrebonne Bay/Felicity Island/23May13Camera2-Card1-0886.jpg,2010.27,3298.34,2035.27,3323.34,Bird
high_resolution_photos/2013/Terrebonne Bay/Felicity Island/23May13Camera2-Card1-0886.jpg,1974.27,3306.34,1999.27,3331.34,Bird
high_resolution_photos/2013/Terrebonne Bay/Felicity Island/23May13Camera2-Card1-0886.jpg,2014.27,3308.34,2039.27,3333.34,Bird
high_resolution_photos/2013/Terrebonne Bay/Felicity Island/23May13Camera2-Card1-0886.jpg,1944.27,3310.34,1969.27,3335.34,Bird
high_resolution_photos/2013/Terrebonne Bay/Felicity Island/23May13Camera2-Card1-0886.jpg,1940.27,3326.34,1965.27,3351.34,Bird
high_resolution_photos/2013/Terrebonne Bay/Felicity Island/23May13Camera2-Card1-0886.jpg,1988.27,3322.34,2013.27,3347.34,Bird
high_resolution_photos/2013/Terrebonne Bay/Felicity Island/23May13Camera2-Card1-0886.jpg,2014.27,3324.34,2039.27,3349.34,Bird
high_resolution_photos/2013/Terrebonne Bay/Felicity Island/23May13Camera2-Card1-0886.jpg,1938.27,3342.34,1963.27,3367.34,SNEG bird
high_resolution_photos/2013/Terrebonne Bay/Felicity Island/23May13Camera2-Card1-0886.jpg,1922.27,3350.34,1947.27,3375.34,SNEG bird
high_resolution_photos/2013/Terrebonne Bay/Felicity Island/23May13Camera2-Card1-0886.jpg,1934.27,3350.34,1959.27,3375.34,SNEG bird
high_resolution_photos/2015/Biloxi North/Door Point Lagoon 2/18May15Camera2-Card5-00825.jpg,4624.32,995.66,4655.32,1026.66,LAGU site
high_resolution_photos/2015/Biloxi North/Door Point Lagoon 2/18May15Camera2-Card5-00825.jpg,1707.98,1563.69,1738.98,1594.69,LAGU site
high_resolution_photos/2015/Biloxi North/Door Point Lagoon 2/18May15Camera2-Card5-00825.jpg,2157.66,1949.71,2188.66,1980.71,LAGU bird
high_resolution_photos/2015/Biloxi North/Door Point Lagoon 2/18May15Camera2-Card5-00825.jpg,2244.78,1972.32,2275.78,2003.32,LAGU bird
high_resolution_photos/2015/Biloxi North/Door Point Lagoon 2/18May15Camera2-Card5-00825.jpg,2300.64,2089.48,2331.64,2120.48,LAGU bird
high_resolution_photos/2015/Biloxi North/Door Point Lagoon 2/18May15Camera2-Card5-00825.jpg,2033.08,2124.95,2064.08,2155.95,LAGU bird
high_resolution_photos/2015/Biloxi North/Door Point Lagoon 2/18May15Camera2-Card5-00825.jpg,2637.8,2321.55,2668.8,2352.55,LAGU bird
high_resolution_photos/2015/Biloxi North/Biloxi North 12/18May15Camera2-Card5-00495.jpg,1857.75,485.65,1883.75,511.65,LAGU bird
high_resolution_photos/2015/Biloxi North/Biloxi North 12/18May15Camera2-Card5-00495.jpg,1853.75,489.65,1879.75,515.65,LAGU bird
high_resolution_photos/2015/Biloxi North/Biloxi North 12/18May15Camera2-Card5-00495.jpg,1849.75,497.65,1875.75,523.65,LAGU site
high_resolution_photos/2015/Biloxi North/Biloxi North 12/18May15Camera2-Card5-00495.jpg,637.77,497.61,663.77,523.61,LAGU site
high_resolution_photos/2015/Biloxi North/Biloxi North 12/18May15Camera2-Card5-00495.jpg,4101.7,813.72,4127.7,839.72,LAGU bird
high_resolution_photos/2015/Biloxi North/Biloxi North 12/18May15Camera2-Card5-00495.jpg,4073.7,845.72,4099.7,871.72,LAGU site
high_resolution_photos/2015/Biloxi North/Biloxi North 12/18May15Camera2-Card5-00495.jpg,4077.7,853.72,4103.7,879.72,LAGU bird
high_resolution_photos/2015/Biloxi North/Biloxi North 12/18May15Camera2-Card5-00495.jpg,593.76,869.61,619.76,895.61,LAGU site
high_resolution_photos/2015/Biloxi North/Biloxi North 12/18May15Camera2-Card5-00495.jpg,589.76,877.61,615.76,903.61,LAGU site
high_resolution_photos/2015/Biloxi North/Biloxi North 12/18May15Camera2-Card5-00495.jpg,1369.74,1097.63,1395.74,1123.63,LAGU site
high_resolution_photos/2015/Biloxi North/Biloxi North 12/18May15Camera2-Card5-00495.jpg,797.75,1151.61,823.75,1177.61,LAGU site
high_resolution_photos/2015/Biloxi North/Biloxi North 12/18May15Camera2-Card5-00495.jpg,809.74,1161.61,835.74,1187.61,LAGU site
high_resolution_photos/2015/Biloxi North/Biloxi North 12/18May15Camera2-Card5-00495.jpg,817.74,1165.61,843.74,1191.61,LAGU site
high_resolution_photos/2015/Biloxi North/Biloxi North 12/18May15Camera2-Card5-00495.jpg,701.74,1393.6,727.74,1419.6,LAGU bird
high_resolution_photos/2015/Biloxi North/Biloxi North 12/18May15Camera2-Card5-00495.jpg,705.74,1401.6,731.74,1427.6,LAGU site
high_resolution_photos/2015/Biloxi North/Biloxi North 12/18May15Camera2-Card5-00495.jpg,4721.67,1525.73,4747.67,1551.73,LAGU site
high_resolution_photos/2015/Biloxi North/Biloxi North 12/18May15Camera2-Card5-00495.jpg,4725.67,1533.73,4751.67,1559.73,LAGU bird
high_resolution_photos/2015/Biloxi North/Biloxi North 12/18May15Camera2-Card5-00495.jpg,1461.72,1587.62,1487.72,1613.62,LAGU site
high_resolution_photos/2015/Biloxi North/Biloxi North 12/18May15Camera2-Card5-00495.jpg,1445.72,1597.62,1471.72,1623.62,LAGU bird
high_resolution_photos/2015/Biloxi North/Biloxi North 12/18May15Camera2-Card5-00495.jpg,2605.7,1673.66,2631.7,1699.66,LAGU site
high_resolution_photos/2015/Biloxi North/Biloxi North 12/18May15Camera2-Card5-00495.jpg,2601.7,1677.66,2627.7,1703.66,LAGU site
high_resolution_photos/2015/Biloxi North/Biloxi North 12/18May15Camera2-Card5-00495.jpg,1085.72,1717.61,1111.72,1743.61,LAGU site
high_resolution_photos/2015/Biloxi North/Biloxi North 12/18May15Camera2-Card5-00495.jpg,1069.72,1727.61,1095.72,1753.61,LAGU site
high_resolution_photos/2015/Biloxi North/Biloxi North 12/18May15Camera2-Card5-00495.jpg,1097.72,1725.61,1123.72,1751.61,LAGU site
high_resolution_photos/2015/Biloxi North/Biloxi North 12/18May15Camera2-Card5-00495.jpg,4857.66,1769.73,4883.66,1795.73,LAGU site
high_resolution_photos/2015/Biloxi North/Biloxi North 12/18May15Camera2-Card5-00495.jpg,4853.66,1781.73,4879.66,1807.73,LAGU site
high_resolution_photos/2015/Biloxi North/Biloxi North 12/18May15Camera2-Card5-00495.jpg,1331.71,1861.61,1357.71,1887.61,LAGU site
high_resolution_photos/2015/Biloxi North/Biloxi North 12/18May15Camera2-Card5-00495.jpg,1341.71,1865.61,1367.71,1891.61,LAGU site
high_resolution_photos/2015/Biloxi North/Biloxi North 12/18May15Camera2-Card5-00495.jpg,1541.71,2009.62,1567.71,2035.62,LAGU site
high_resolution_photos/2015/Biloxi North/Biloxi North 12/18May15Camera2-Card5-00495.jpg,1545.71,2017.62,1571.71,2043.62,LAGU site
high_resolution_photos/2015/Biloxi North/Biloxi North 12/18May15Camera2-Card5-00495.jpg,1372.91,2030.41,1398.91,2056.41,LAGU site
high_resolution_photos/2015/Biloxi North/Biloxi North 12/18May15Camera2-Card5-00495.jpg,1353.71,2033.61,1379.71,2059.61,LAGU bird
high_resolution_photos/2015/Biloxi North/Biloxi North 12/18May15Camera2-Card5-00495.jpg,4671.65,2101.72,4697.65,2127.72,LAGU bird
high_resolution_photos/2015/Biloxi North/Biloxi North 12/18May15Camera2-Card5-00495.jpg,1561.7,2117.62,1587.7,2143.62,LAGU site
high_resolution_photos/2015/Biloxi North/Biloxi North 12/18May15Camera2-Card5-00495.jpg,1569.7,2125.62,1595.7,2151.62,LAGU site
high_resolution_photos/2015/Biloxi North/Biloxi North 12/18May15Camera2-Card5-00495.jpg,1425.7,2157.61,1451.7,2183.61,LAGU site
high_resolution_photos/2015/Biloxi North/Biloxi North 12/18May15Camera2-Card5-00495.jpg,1425.7,2179.61,1451.7,2205.61,LAGU bird
high_resolution_photos/2015/Biloxi North/Biloxi North 12/18May15Camera2-Card5-00495.jpg,1421.7,2193.61,1447.7,2219.61,LAGU site
high_resolution_photos/2015/Biloxi North/Biloxi North 12/18May15Camera2-Card5-00495.jpg,1825.7,2193.62,1851.7,2219.62,LAGU site
high_resolution_photos/2015/Biloxi North/Biloxi North 12/18May15Camera2-Card5-00495.jpg,1807.69,2209.62,1833.69,2235.62,LAGU bird
high_resolution_photos/2015/Biloxi North/Biloxi North 12/18May15Camera2-Card5-00495.jpg,1513.7,2237.61,1539.7,2263.61,LAGU site
high_resolution_photos/2015/Biloxi North/Biloxi North 12/18May15Camera2-Card5-00495.jpg,1549.7,2237.61,1575.7,2263.61,LAGU bird
high_resolution_photos/2015/Biloxi North/Biloxi North 12/18May15Camera2-Card5-00495.jpg,1501.7,2245.61,1527.7,2271.61,LAGU site
high_resolution_photos/2015/Mobile Bay Interior/Gaillard Island/18May15Camera1-Card6-426.jpg,7.61,0.0,61.61,29.77,WHIB site
high_resolution_photos/2015/Mobile Bay Interior/Gaillard Island/18May15Camera1-Card6-426.jpg,7.61,0.0,61.61,41.77,WHIB site
high_resolution_photos/2015/Mobile Bay Interior/Gaillard Island/18May15Camera1-Card6-426.jpg,455.63,0.0,509.63,29.76,WHIB site
high_resolution_photos/2015/Mobile Bay Interior/Gaillard Island/18May15Camera1-Card6-426.jpg,454.3,0.0,508.3,40.43,WHIB site
high_resolution_photos/2015/Mobile Bay Interior/Gaillard Island/18May15Camera1-Card6-426.jpg,467.63,0.0,521.63,45.76,WHIB site
high_resolution_photos/2015/Mobile Bay Interior/Gaillard Island/18May15Camera1-Card6-426.jpg,3507.73,69.75,3561.73,123.75,BRPE wbn
high_resolution_photos/2015/Mobile Bay Interior/Gaillard Island/18May15Camera1-Card6-426.jpg,3519.73,69.75,3573.73,123.75,BRPE ad
high_resolution_photos/2015/Mobile Bay Interior/Gaillard Island/18May15Camera1-Card6-426.jpg,4651.77,51.74,4705.77,105.74,BRPE wbn
high_resolution_photos/2015/Mobile Bay Interior/Gaillard Island/18May15Camera1-Card6-426.jpg,4643.77,59.74,4697.77,113.74,BRPE wbn
high_resolution_photos/2015/Mobile Bay Interior/Gaillard Island/18May15Camera1-Card6-426.jpg,4633.77,65.74,4687.77,119.74,BRPE ad
high_resolution_photos/2015/Mobile Bay Interior/Gaillard Island/18May15Camera1-Card6-426.jpg,1174.32,137.1,1228.32,191.1,WHIB site
high_resolution_photos/2015/Mobile Bay Interior/Gaillard Island/18May15Camera1-Card6-426.jpg,1187.65,143.76,1241.65,197.76,WHIB site
high_resolution_photos/2015/Mobile Bay Interior/Gaillard Island/18May15Camera1-Card6-426.jpg,1535.67,199.76,1589.67,253.76,WHIB site
high_resolution_photos/2015/Mobile Bay Interior/Gaillard Island/18May15Camera1-Card6-426.jpg,2627.7,179.76,2681.7,233.76,BRPE wbn
high_resolution_photos/2015/Mobile Bay Interior/Gaillard Island/18May15Camera1-Card6-426.jpg,2631.7,187.76,2685.7,241.76,BRPE wbn
high_resolution_photos/2015/Mobile Bay Interior/Gaillard Island/18May15Camera1-Card6-426.jpg,2627.7,197.76,2681.7,251.76,BRPE ad
high_resolution_photos/2015/Mobile Bay Interior/Gaillard Island/18May15Camera1-Card6-426.jpg,2631.7,207.76,2685.7,261.76,BRPE ad
high_resolution_photos/2015/Mobile Bay Interior/Gaillard Island/18May15Camera1-Card6-426.jpg,4427.77,179.74,4481.77,233.74,BRPE wbn
high_resolution_photos/2015/Mobile Bay Interior/Gaillard Island/18May15Camera1-Card6-426.jpg,4427.77,195.74,4481.77,249.74,BRPE wbn
high_resolution_photos/2015/Mobile Bay Interior/Gaillard Island/18May15Camera1-Card6-426.jpg,3679.74,211.75,3733.74,265.75,BRPE ad
high_resolution_photos/2015/Mobile Bay Interior/Gaillard Island/18May15Camera1-Card6-426.jpg,3693.74,211.75,3747.74,265.75,BRPE wbn
high_resolution_photos/2015/Mobile Bay Interior/Gaillard Island/18May15Camera1-Card6-426.jpg,3707.74,223.75,3761.74,277.75,BRPE ad
high_resolution_photos/2015/Mobile Bay Interior/Gaillard Island/18May15Camera1-Card6-426.jpg,971.65,223.77,1025.65,277.77,WHIB site
high_resolution_photos/2015/Mobile Bay Interior/Gaillard Island/18May15Camera1-Card6-426.jpg,993.65,223.77,1047.65,277.77,WHIB site
high_resolution_photos/2015/Mobile Bay Interior/Gaillard Island/18May15Camera1-Card6-426.jpg,89.62,255.78,143.62,309.78,WHIB site
high_resolution_photos/2015/Mobile Bay Interior/Gaillard Island/18May15Camera1-Card6-426.jpg,101.62,263.78,155.62,317.78,WHIB site
high_resolution_photos/2015/Mobile Bay Interior/Gaillard Island/18May15Camera1-Card6-426.jpg,1411.66,271.77,1465.66,325.77,WHIB site
high_resolution_photos/2015/Mobile Bay Interior/Gaillard Island/18May15Camera1-Card6-426.jpg,1455.66,271.77,1509.66,325.77,WHIB site
high_resolution_photos/2015/Mobile Bay Interior/Gaillard Island/18May15Camera1-Card6-426.jpg,3455.73,275.75,3509.73,329.75,BRPE wbn
high_resolution_photos/2015/Mobile Bay Interior/Gaillard Island/18May15Camera1-Card6-426.jpg,3451.73,279.75,3505.73,333.75,BRPE wbn
high_resolution_photos/2015/Mobile Bay Interior/Gaillard Island/18May15Camera1-Card6-426.jpg,2035.68,275.76,2089.68,329.76,WHIB site
high_resolution_photos/2015/Mobile Bay Interior/Gaillard Island/18May15Camera1-Card6-426.jpg,2047.69,287.76,2101.69,341.76,WHIB site
high_resolution_photos/2015/Mobile Bay Interior/Gaillard Island/18May15Camera1-Card6-426.jpg,831.64,287.77,885.64,341.77,WHIB site
high_resolution_photos/2015/Mobile Bay Interior/Gaillard Island/18May15Camera1-Card6-426.jpg,821.64,291.77,875.64,345.77,WHIB site
high_resolution_photos/2015/Mobile Bay Interior/Gaillard Island/18May15Camera1-Card6-426.jpg,847.64,295.77,901.64,349.77,WHIB site
high_resolution_photos/2015/Mobile Bay Interior/Gaillard Island/18May15Camera1-Card6-426.jpg,1375.66,287.77,1429.66,341.77,WHIB site
high_resolution_photos/2015/Mobile Bay Interior/Gaillard Island/18May15Camera1-Card6-426.jpg,1379.66,291.77,1433.66,345.77,WHIB site
high_resolution_photos/2015/Mobile Bay Interior/Gaillard Island/18May15Camera1-Card6-426.jpg,1363.66,295.77,1417.66,349.77,WHIB site
high_resolution_photos/2015/Mobile Bay Interior/Gaillard Island/18May15Camera1-Card6-426.jpg,1383.66,295.77,1437.66,349.77,WHIB site
high_resolution_photos/2015/Mobile Bay Interior/Gaillard Island/18May15Camera1-Card6-426.jpg,1387.66,303.77,1441.66,357.77,WHIB site
high_resolution_photos/2015/Mobile Bay Interior/Gaillard Island/18May15Camera1-Card6-426.jpg,963.65,287.77,1017.65,341.77,WHIB site
high_resolution_photos/2015/Mobile Bay Interior/Gaillard Island/18May15Camera1-Card6-426.jpg,962.32,298.44,1016.32,352.44,WHIB site
high_resolution_photos/2015/Mobile Bay Interior/Gaillard Island/18May15Camera1-Card6-426.jpg,975.65,303.77,1029.65,357.77,WHIB site
high_resolution_photos/2015/Mobile Bay Interior/Gaillard Island/18May15Camera1-Card6-426.jpg,5035.79,307.74,5089.79,361.74,BRPE wbn
high_resolution_photos/2015/Mobile Bay Interior/Gaillard Island/18May15Camera1-Card6-426.jpg,5043.79,315.74,5097.79,369.74,BRPE wbn
high_resolution_photos/2015/Mobile Bay Interior/Gaillard Island/18May15Camera1-Card6-426.jpg,5019.79,321.74,5073.79,375.74,BRPE ad
high_resolution_photos/2015/Mobile Bay Interior/Gaillard Island/18May15Camera1-Card6-426.jpg,567.64,335.77,621.64,389.77,WHIB site
high_resolution_photos/2015/Mobile Bay Interior/Gaillard Island/18May15Camera1-Card6-426.jpg,571.64,339.78,625.64,393.78,WHIB site
high_resolution_photos/2015/Mobile Bay Interior/Gaillard Island/18May15Camera1-Card6-426.jpg,583.64,351.78,637.64,405.78,WHIB site
high_resolution_photos/2015/Mobile Bay Interior/Gaillard Island/18May15Camera1-Card6-426.jpg,1535.67,375.77,1589.67,429.77,WHIB site
high_resolution_photos/2015/Mobile Bay Interior/Gaillard Island/18May15Camera1-Card6-426.jpg,1671.67,363.77,1725.67,417.77,WHIB site
high_resolution_photos/2015/Mobile Bay Interior/Gaillard Island/18May15Camera1-Card6-426.jpg,115.62,375.78,169.62,429.78,WHIB site
high_resolution_photos/2015/Mobile Bay Interior/Gaillard Island/18May15Camera1-Card6-426.jpg,131.62,383.78,185.62,437.78,WHIB site
high_resolution_photos/2015/Mobile Bay Interior/Gaillard Island/18May15Camera1-Card6-426.jpg,163.62,377.78,217.62,431.78,WHIB site
high_resolution_photos/2015/Mobile Bay Interior/Gaillard Island/18May15Camera1-Card6-426.jpg,165.62,391.78,219.62,445.78,WHIB site
high_resolution_photos/2015/Mobile Bay Interior/Gaillard Island/18May15Camera1-Card6-426.jpg,103.62,419.78,157.62,473.78,WHIB site
high_resolution_photos/2015/Mobile Bay Interior/Gaillard Island/18May15Camera1-Card6-426.jpg,101.62,439.78,155.62,493.78,WHIB site
high_resolution_photos/2015/Mobile Bay Interior/Gaillard Island/18May15Camera1-Card6-426.jpg,119.62,439.78,173.62,493.78,WHIB site
high_resolution_photos/2015/Mobile Bay Interior/Gaillard Island/18May15Camera1-Card6-426.jpg,2499.7,459.77,2553.7,513.77,BRPE wbn
high_resolution_photos/2015/Mobile Bay Interior/Gaillard Island/18May15Camera1-Card6-426.jpg,2507.7,471.77,2561.7,525.77,BRPE ad
high_resolution_photos/2015/Mobile Bay Interior/Gaillard Island/18May15Camera1-Card6-426.jpg,173.62,499.78,227.62,553.78,WHIB site
high_resolution_photos/2015/Mobile Bay Interior/Gaillard Island/18May15Camera1-Card6-426.jpg,183.62,503.78,237.62,557.78,WHIB site
high_resolution_photos/2015/Mobile Bay Interior/Gaillard Island/18May15Camera1-Card6-426.jpg,159.62,523.78,213.62,577.78,WHIB site
high_resolution_photos/2015/Mobile Bay Interior/Gaillard Island/18May15Camera1-Card6-426.jpg,259.63,519.78,313.63,573.78,WHIB site
high_resolution_photos/2015/Mobile Bay Interior/Gaillard Island/18May15Camera1-Card6-426.jpg,263.63,523.78,317.63,577.78,WHIB site
high_resolution_photos/2015/Mobile Bay Interior/Gaillard Island/18May15Camera1-Card6-426.jpg,183.62,583.79,237.62,637.79,WHIB site
high_resolution_photos/2015/Mobile Bay Interior/Gaillard Island/18May15Camera1-Card6-426.jpg,203.62,583.79,257.62,637.79,WHIB site
high_resolution_photos/2015/Mobile Bay Interior/Gaillard Island/18May15Camera1-Card6-426.jpg,2595.71,575.77,2649.71,629.77,BRPE wbn
high_resolution_photos/2015/Mobile Bay Interior/Gaillard Island/18May15Camera1-Card6-426.jpg,2591.71,579.77,2645.71,633.77,BRPE wbn
high_resolution_photos/2015/Mobile Bay Interior/Gaillard Island/18May15Camera1-Card6-426.jpg,3855.75,583.76,3909.75,637.76,BRPE ad
high_resolution_photos/2015/Mobile Bay Interior/Gaillard Island/18May15Camera1-Card6-426.jpg,3851.75,589.76,3905.75,643.76,BRPE wbn
high_resolution_photos/2015/Mobile Bay Interior/Gaillard Island/18May15Camera1-Card6-426.jpg,535.64,591.78,589.64,645.78,WHIB site
high_resolution_photos/2015/Mobile Bay Interior/Gaillard Island/18May15Camera1-Card6-426.jpg,571.64,599.78,625.64,653.78,WHIB site
high_resolution_photos/2015/Mobile Bay Interior/Gaillard Island/18May15Camera1-Card6-426.jpg,891.65,623.78,945.65,677.78,WHIB site
high_resolution_photos/2015/Mobile Bay Interior/Gaillard Island/18May15Camera1-Card6-426.jpg,935.65,639.78,989.65,693.78,WHIB site
high_resolution_photos/2015/Mobile Bay Interior/Gaillard Island/18May15Camera1-Card6-426.jpg,3579.74,623.76,3633.74,677.76,BRPE wbn
high_resolution_photos/2015/Mobile Bay Interior/Gaillard Island/18May15Camera1-Card6-426.jpg,3583.74,639.76,3637.74,693.76,BRPE ad
high_resolution_photos/2015/Mobile Bay Interior/Gaillard Island/18May15Camera1-Card6-426.jpg,3585.74,653.76,3639.74,707.76,BRPE ad
high_resolution_photos/2015/Mobile Bay Interior/Gaillard Island/18May15Camera1-Card6-426.jpg,886.32,697.12,940.32,751.12,WHIB site
high_resolution_photos/2015/Mobile Bay Interior/Gaillard Island/18May15Camera1-Card6-426.jpg,1087.66,723.78,1141.66,777.78,WHIB bird
high_resolution_photos/2015/Mobile Bay Interior/Gaillard Island/18May15Camera1-Card6-426.jpg,1091.66,727.78,1145.66,781.78,WHIB bird
high_resolution_photos/2015/Mobile Bay Interior/Gaillard Island/18May15Camera1-Card6-426.jpg,5155.79,713.76,5183.0,767.76,BRPE wbn
high_resolution_photos/2015/Mobile Bay Interior/Gaillard Island/18May15Camera1-Card6-426.jpg,5139.79,715.76,5183.0,769.76,BRPE ad
high_resolution_photos/2015/Mobile Bay Interior/Gaillard Island/18May15Camera1-Card6-426.jpg,4647.78,723.76,4701.78,777.76,BRPE wbn
high_resolution_photos/2015/Mobile Bay Interior/Gaillard Island/18May15Camera1-Card6-426.jpg,4637.78,727.76,4691.78,781.76,BRPE ad
high_resolution_photos/2015/Mobile Bay Interior/Gaillard Island/18May15Camera1-Card6-426.jpg,4665.78,731.76,4719.78,785.76,BRPE wbn
high_resolution_photos/2015/Mobile Bay Interior/Gaillard Island/18May15Camera1-Card6-426.jpg,883.65,747.79,937.65,801.79,WHIB site
high_resolution_photos/2015/Mobile Bay Interior/Gaillard Island/18May15Camera1-Card6-426.jpg,887.65,751.79,941.65,805.79,WHIB site
high_resolution_photos/2015/Mobile Bay Interior/Gaillard Island/18May15Camera1-Card6-426.jpg,127.62,755.79,181.62,809.79,WHIB site
high_resolution_photos/2015/Mobile Bay Interior/Gaillard Island/18May15Camera1-Card6-426.jpg,123.62,763.79,177.62,817.79,WHIB site
high_resolution_photos/2015/Mobile Bay Interior/Gaillard Island/18May15Camera1-Card6-426.jpg,1135.66,799.79,1189.66,853.79,WHIB site
high_resolution_photos/2015/Mobile Bay Interior/Gaillard Island/18May15Camera1-Card6-426.jpg,1131.66,803.79,1185.66,857.79,WHIB site
high_resolution_photos/2015/Mobile Bay Interior/Gaillard Island/18May15Camera1-Card6-426.jpg,1149.66,807.79,1203.66,861.79,WHIB site
high_resolution_photos/2015/Mobile Bay Interior/Gaillard Island/18May15Camera1-Card6-426.jpg,65.62,819.79,119.62,873.79,WHIB site
high_resolution_photos/2015/Mobile Bay Interior/Gaillard Island/18May15Camera1-Card6-426.jpg,91.62,831.8,145.62,885.8,WHIB site
high_resolution_photos/2015/Mobile Bay Interior/Gaillard Island/18May15Camera1-Card6-426.jpg,95.62,847.8,149.62,901.8,WHIB site
high_resolution_photos/2015/Mobile Bay Interior/Gaillard Island/18May15Camera1-Card6-426.jpg,3379.73,811.77,3433.73,865.77,BRPE wbn
high_resolution_photos/2015/Mobile Bay Interior/Gaillard Island/18May15Camera1-Card6-426.jpg,3379.73,827.77,3433.73,881.77,BRPE ad
high_resolution_photos/2015/Mobile Bay Interior/Gaillard Island/18May15Camera1-Card6-426.jpg,967.65,857.79,1021.65,911.79,WHIB site
high_resolution_photos/2015/Mobile Bay Interior/Gaillard Island/18May15Camera1-Card6-426.jpg,955.65,863.79,1009.65,917.79,WHIB site
high_resolution_photos/2015/Mobile Bay Interior/Gaillard Island/18May15Camera1-Card6-426.jpg,975.65,863.79,1029.65,917.79,WHIB site
high_resolution_photos/2015/Mobile Bay Interior/Gaillard Island/18May15Camera1-Card6-426.jpg,3543.74,859.77,3597.74,913.77,BRPE wbn
high_resolution_photos/2015/Mobile Bay Interior/Gaillard Island/18May15Camera1-Card6-426.jpg,3547.74,863.77,3601.74,917.77,BRPE wbn
high_resolution_photos/2015/Mobile Bay Interior/Gaillard Island/18May15Camera1-Card6-426.jpg,735.64,875.79,789.64,929.79,WHIB site
high_resolution_photos/2015/Mobile Bay Interior/Gaillard Island/18May15Camera1-Card6-426.jpg,735.65,915.79,789.65,969.79,WHIB site
high_resolution_photos/2015/Mobile Bay Interior/Gaillard Island/18May15Camera1-Card6-426.jpg,3103.73,875.78,3157.73,929.78,BRPE wbn
high_resolution_photos/2015/Mobile Bay Interior/Gaillard Island/18May15Camera1-Card6-426.jpg,3107.73,879.78,3161.73,933.78,BRPE ad
high_resolution_photos/2015/Mobile Bay Interior/Gaillard Island/18May15Camera1-Card6-426.jpg,153.63,903.8,207.63,957.8,WHIB site
high_resolution_photos/2015/Mobile Bay Interior/Gaillard Island/18May15Camera1-Card6-426.jpg,175.63,903.8,229.63,957.8,WHIB site
high_resolution_photos/2015/Mobile Bay Interior/Gaillard Island/18May15Camera1-Card6-426.jpg,1001.65,923.79,1055.65,977.79,WHIB site
high_resolution_photos/2015/Mobile Bay Interior/Gaillard Island/18May15Camera1-Card6-426.jpg,1015.65,927.79,1069.65,981.79,WHIB site
high_resolution_photos/2015/Mobile Bay Interior/Gaillard Island/18May15Camera1-Card6-426.jpg,1023.66,933.79,1077.66,987.79,WHIB site
high_resolution_photos/2015/Mobile Bay Interior/Gaillard Island/18May15Camera1-Card6-426.jpg,927.65,923.79,981.65,977.79,WHIB site
high_resolution_photos/2015/Mobile Bay Interior/Gaillard Island/18May15Camera1-Card6-426.jpg,923.65,927.79,977.65,981.79,WHIB site
high_resolution_photos/2015/Mobile Bay Interior/Gaillard Island/18May15Camera1-Card6-426.jpg,1051.66,919.79,1105.66,973.79,WHIB site
high_resolution_photos/2015/Mobile Bay Interior/Gaillard Island/18May15Camera1-Card6-426.jpg,1047.66,929.79,1101.66,983.79,WHIB site
high_resolution_photos/2015/Mobile Bay Interior/Gaillard Island/18May15Camera1-Card6-426.jpg,1063.66,935.79,1117.66,989.79,WHIB site
high_resolution_photos/2015/Mobile Bay Interior/Gaillard Island/18May15Camera1-Card6-426.jpg,1035.66,941.79,1089.66,995.79,WHIB site
high_resolution_photos/2015/Mobile Bay Interior/Gaillard Island/18May15Camera1-Card6-426.jpg,1539.67,947.79,1593.67,1001.79,WHIB site
high_resolution_photos/2015/Mobile Bay Interior/Gaillard Island/18May15Camera1-Card6-426.jpg,1537.67,967.79,1591.67,1021.79,WHIB site
high_resolution_photos/2015/Mobile Bay Interior/Gaillard Island/18May15Camera1-Card6-426.jpg,4378.44,1038.44,4432.44,1092.44,BRPE wbn
high_resolution_photos/2015/Mobile Bay Interior/Gaillard Island/18May15Camera1-Card6-426.jpg,4391.77,1043.77,4445.77,1097.77,BRPE ad
high_resolution_photos/2015/Mobile Bay Interior/Gaillard Island/18May15Camera1-Card6-426.jpg,3011.72,1271.79,3065.72,1325.79,BRPE ad
high_resolution_photos/2015/Mobile Bay Interior/Gaillard Island/18May15Camera1-Card6-426.jpg,3033.73,1271.79,3087.73,1325.79,BRPE ad
high_resolution_photos/2015/Mobile Bay Interior/Gaillard Island/18May15Camera1-Card6-426.jpg,2157.7,1307.8,2211.7,1361.8,BRPE wbn
high_resolution_photos/2015/Mobile Bay Interior/Gaillard Island/18May15Camera1-Card6-426.jpg,2171.7,1311.8,2225.7,1365.8,BRPE ad
high_resolution_photos/2015/Mobile Bay Interior/Gaillard Island/18May15Camera1-Card6-426.jpg,31.62,1375.81,85.62,1429.81,WHIB site
high_resolution_photos/2015/Mobile Bay Interior/Gaillard Island/18May15Camera1-Card6-426.jpg,4527.78,1365.78,4581.78,1419.78,BRPE wbn
high_resolution_photos/2015/Mobile Bay Interior/Gaillard Island/18May15Camera1-Card6-426.jpg,4523.78,1381.78,4577.78,1435.78,BRPE wbn
high_resolution_photos/2015/Mobile Bay Interior/Gaillard Island/18May15Camera1-Card6-426.jpg,4521.78,1397.78,4575.78,1451.78,BRPE ad
high_resolution_photos/2015/Mobile Bay Interior/Gaillard Island/18May15Camera1-Card6-426.jpg,3565.74,1431.79,3619.74,1485.79,BRPE wbn
high_resolution_photos/2015/Mobile Bay Interior/Gaillard Island/18May15Camera1-Card6-426.jpg,3583.75,1431.79,3637.75,1485.79,BRPE ad
high_resolution_photos/2015/Mobile Bay Interior/Gaillard Island/18May15Camera1-Card6-426.jpg,4243.77,1443.79,4297.77,1497.79,BRPE wbn
high_resolution_photos/2015/Mobile Bay Interior/Gaillard Island/18May15Camera1-Card6-426.jpg,4247.77,1447.79,4301.77,1501.79,BRPE ad
high_resolution_photos/2015/Mobile Bay Interior/Gaillard Island/18May15Camera1-Card6-426.jpg,3431.74,1447.79,3485.74,1501.79,BRPE ad
high_resolution_photos/2015/Mobile Bay Interior/Gaillard Island/18May15Camera1-Card6-426.jpg,3431.74,1459.79,3485.74,1513.79,BRPE ad
high_resolution_photos/2015/Mobile Bay Interior/Gaillard Island/18May15Camera1-Card6-426.jpg,4051.76,1459.79,4105.76,1513.79,BRPE ad
high_resolution_photos/2015/Mobile Bay Interior/Gaillard Island/18May15Camera1-Card6-426.jpg,4047.76,1471.79,4101.76,1525.79,BRPE wbn
high_resolution_photos/2015/Mobile Bay Interior/Gaillard Island/18May15Camera1-Card6-426.jpg,3239.73,1495.8,3293.73,1549.8,BRPE wbn
high_resolution_photos/2015/Mobile Bay Interior/Gaillard Island/18May15Camera1-Card6-426.jpg,3235.73,1499.8,3289.73,1553.8,BRPE wbn
high_resolution_photos/2015/Mobile Bay Interior/Gaillard Island/18May15Camera1-Card6-426.jpg,3255.73,1503.8,3309.73,1557.8,BRPE wbn
high_resolution_photos/2015/Mobile Bay Interior/Gaillard Island/18May15Camera1-Card6-426.jpg,4855.79,1515.78,4909.79,1569.78,BRPE wbn
high_resolution_photos/2015/Mobile Bay Interior/Gaillard Island/18May15Camera1-Card6-426.jpg,4843.79,1519.78,4897.79,1573.78,BRPE ad
high_resolution_photos/2015/Mobile Bay Interior/Gaillard Island/18May15Camera1-Card6-426.jpg,823.65,1551.81,877.65,1605.81,WHIB site
high_resolution_photos/2015/Mobile Bay Interior/Gaillard Island/18May15Camera1-Card6-426.jpg,843.65,1551.81,897.65,1605.81,WHIB site
high_resolution_photos/2015/Mobile Bay Interior/Gaillard Island/18May15Camera1-Card6-426.jpg,1242.33,1553.14,1296.33,1607.14,BRPE wbn
high_resolution_photos/2015/Mobile Bay Interior/Gaillard Island/18May15Camera1-Card6-426.jpg,1235.67,1555.81,1289.67,1609.81,BRPE wbn
high_resolution_photos/2015/Mobile Bay Interior/Gaillard Island/18May15Camera1-Card6-426.jpg,1251.67,1561.81,1305.67,1615.81,BRPE ad
high_resolution_photos/2015/Mobile Bay Interior/Gaillard Island/18May15Camera1-Card6-426.jpg,3319.74,1557.8,3373.74,1611.8,BRPE wbn
high_resolution_photos/2015/Mobile Bay Interior/Gaillard Island/18May15Camera1-Card6-426.jpg,3319.74,1573.8,3373.74,1627.8,BRPE wbn
high_resolution_photos/2015/Mobile Bay Interior/Gaillard Island/18May15Camera1-Card6-426.jpg,3661.08,1633.13,3715.08,1687.13,BRPE ad
high_resolution_photos/2015/Mobile Bay Interior/Gaillard Island/18May15Camera1-Card6-426.jpg,3699.75,1643.8,3753.75,1697.8,BRPE ad
high_resolution_photos/2015/Mobile Bay Interior/Gaillard Island/18May15Camera1-Card6-426.jpg,4787.79,1639.79,4841.79,1693.79,BRPE ad
high_resolution_photos/2015/Mobile Bay Interior/Gaillard Island/18May15Camera1-Card6-426.jpg,4801.79,1641.79,4855.79,1695.79,BRPE wbn
high_resolution_photos/2015/Mobile Bay Interior/Gaillard Island/18May15Camera1-Card6-426.jpg,1309.67,1719.82,1363.67,1773.82,WHIB site
high_resolution_photos/2015/Mobile Bay Interior/Gaillard Island/18May15Camera1-Card6-426.jpg,1327.67,1719.82,1381.67,1773.82,WHIB site
high_resolution_photos/2015/Mobile Bay Interior/Gaillard Island/18May15Camera1-Card6-426.jpg,2745.72,1695.81,2799.72,1749.81,BRPE wbn
high_resolution_photos/2015/Mobile Bay Interior/Gaillard Island/18May15Camera1-Card6-426.jpg,2743.72,1707.81,2797.72,1761.81,BRPE ad
high_resolution_photos/2015/Mobile Bay Interior/Gaillard Island/18May15Camera1-Card6-426.jpg,3887.76,1709.8,3941.76,1763.8,BRPE wbn
high_resolution_photos/2015/Mobile Bay Interior/Gaillard Island/18May15Camera1-Card6-426.jpg,3871.76,1731.8,3925.76,1785.8,BRPE wbn
high_resolution_photos/2015/Mobile Bay Interior/Gaillard Island/18May15Camera1-Card6-426.jpg,3867.76,1743.8,3921.76,1797.8,BRPE ad
high_resolution_photos/2015/Mobile Bay Interior/Gaillard Island/18May15Camera1-Card6-426.jpg,3869.76,1751.8,3923.76,1805.8,BRPE ad
high_resolution_photos/2015/Mobile Bay Interior/Gaillard Island/18May15Camera1-Card6-426.jpg,4485.78,1755.8,4539.78,1809.8,BRPE wbn
high_resolution_photos/2015/Mobile Bay Interior/Gaillard Island/18May15Camera1-Card6-426.jpg,4503.78,1759.8,4557.78,1813.8,BRPE wbn
high_resolution_photos/2015/Mobile Bay Interior/Gaillard Island/18May15Camera1-Card6-426.jpg,3407.74,1791.8,3461.74,1845.8,BRPE ad
high_resolution_photos/2015/Mobile Bay Interior/Gaillard Island/18May15Camera1-Card6-426.jpg,3407.74,1805.8,3461.74,1859.8,BRPE ad
high_resolution_photos/2015/Mobile Bay Interior/Gaillard Island/18May15Camera1-Card6-426.jpg,1415.67,1819.82,1469.67,1873.82,WHIB site
high_resolution_photos/2015/Mobile Bay Interior/Gaillard Island/18May15Camera1-Card6-426.jpg,23.63,1879.83,77.63,1933.83,WHIB site
high_resolution_photos/2015/Mobile Bay Interior/Gaillard Island/18May15Camera1-Card6-426.jpg,43.63,1879.83,97.63,1933.83,WHIB site
high_resolution_photos/2015/Mobile Bay Interior/Gaillard Island/18May15Camera1-Card6-426.jpg,3595.75,1939.81,3649.75,1993.81,BRPE bird
high_resolution_photos/2015/Mobile Bay Interior/Gaillard Island/18May15Camera1-Card6-426.jpg,3603.75,1943.81,3657.75,1997.81,BRPE wbn
high_resolution_photos/2015/Mobile Bay Interior/Gaillard Island/18May15Camera1-Card6-426.jpg,891.66,1971.83,945.66,2025.83,WHIB site
high_resolution_photos/2015/Mobile Bay Interior/Gaillard Island/18May15Camera1-Card6-426.jpg,1815.69,1983.82,1869.69,2037.82,WHIB site
high_resolution_photos/2015/Mobile Bay Interior/Gaillard Island/18May15Camera1-Card6-426.jpg,1811.69,1987.82,1865.69,2041.82,WHIB site
high_resolution_photos/2015/Mobile Bay Interior/Gaillard Island/18May15Camera1-Card6-426.jpg,931.66,2003.83,985.66,2057.83,WHIB site
high_resolution_photos/2015/Mobile Bay Interior/Gaillard Island/18May15Camera1-Card6-426.jpg,947.66,2003.83,1001.66,2057.83,WHIB site
high_resolution_photos/2015/Mobile Bay Interior/Gaillard Island/18May15Camera1-Card6-426.jpg,951.66,2007.83,1005.66,2061.83,WHIB site
high_resolution_photos/2015/Mobile Bay Interior/Gaillard Island/18May15Camera1-Card6-426.jpg,731.65,2019.83,785.65,2073.83,WHIB site
high_resolution_photos/2015/Mobile Bay Interior/Gaillard Island/18May15Camera1-Card6-426.jpg,727.65,2027.83,781.65,2081.83,WHIB site
high_resolution_photos/2015/Mobile Bay Interior/Gaillard Island/18May15Camera1-Card6-426.jpg,1499.68,2081.83,1553.68,2135.83,WHIB site
high_resolution_photos/2015/Mobile Bay Interior/Gaillard Island/18May15Camera1-Card6-426.jpg,1487.68,2087.83,1541.68,2141.83,WHIB site
high_resolution_photos/2015/Mobile Bay Interior/Gaillard Island/18May15Camera1-Card6-426.jpg,925.66,2099.83,979.66,2153.83,WHIB site
high_resolution_photos/2015/Mobile Bay Interior/Gaillard Island/18May15Camera1-Card6-426.jpg,911.66,2103.83,965.66,2157.83,WHIB site
high_resolution_photos/2015/Mobile Bay Interior/Gaillard Island/18May15Camera1-Card6-426.jpg,641.65,2131.84,695.65,2185.84,WHIB site
high_resolution_photos/2015/Mobile Bay Interior/Gaillard Island/18May15Camera1-Card6-426.jpg,629.65,2135.84,683.65,2189.84,WHIB site
high_resolution_photos/2015/Mobile Bay Interior/Gaillard Island/18May15Camera1-Card6-426.jpg,659.65,2139.84,713.65,2193.84,WHIB site
high_resolution_photos/2015/Mobile Bay Interior/Gaillard Island/18May15Camera1-Card6-426.jpg,999.66,2135.83,1053.66,2189.83,WHIB site
high_resolution_photos/2015/Mobile Bay Interior/Gaillard Island/18May15Camera1-Card6-426.jpg,3359.74,2139.82,3413.74,2193.82,BRPE wbn
high_resolution_photos/2015/Mobile Bay Interior/Gaillard Island/18May15Camera1-Card6-426.jpg,3355.74,2143.82,3409.74,2197.82,BRPE ad
high_resolution_photos/2015/Mobile Bay Interior/Gaillard Island/18May15Camera1-Card6-426.jpg,0.0,2419.85,41.63,2473.85,WHIB site
high_resolution_photos/2015/Mobile Bay Interior/Gaillard Island/18May15Camera1-Card6-426.jpg,0.0,2427.85,53.63,2481.85,WHIB site
high_resolution_photos/2015/Mobile Bay Interior/Gaillard Island/18May15Camera1-Card6-426.jpg,91.64,2679.86,145.64,2733.86,WHIB site
high_resolution_photos/2015/Mobile Bay Interior/Gaillard Island/18May15Camera1-Card6-426.jpg,107.64,2687.86,161.64,2741.86,WHIB site
high_resolution_photos/2015/Mobile Bay Interior/Gaillard Island/18May15Camera1-Card6-426.jpg,0.0,2860.21,48.95,2914.21,WHIB site
high_resolution_photos/2015/Mobile Bay Interior/Gaillard Island/18May15Camera1-Card6-426.jpg,0.0,3319.88,41.64,3373.88,WHIB site
high_resolution_photos/2015/Mobile Bay Interior/Gaillard Island/18May15Camera1-Card6-426.jpg,0.0,3327.88,49.64,3381.88,WHIB site
high_resolution_photos/2015/Biloxi North/Door Point Lagoon 2/18May15Camera2-Card5-00762.jpg,3390.65,126.7,3414.65,150.7,Bird
high_resolution_photos/2015/Biloxi North/Door Point Lagoon 2/18May15Camera2-Card5-00762.jpg,3374.65,142.7,3398.65,166.7,Bird
high_resolution_photos/2015/Biloxi North/Door Point Lagoon 2/18May15Camera2-Card5-00762.jpg,3424.65,326.7,3448.65,350.7,Bird
high_resolution_photos/2015/Biloxi North/Door Point Lagoon 2/18May15Camera2-Card5-00762.jpg,3424.65,346.7,3448.65,370.7,Bird
high_resolution_photos/2015/Biloxi North/Door Point Lagoon 2/18May15Camera2-Card5-00762.jpg,3406.65,350.7,3430.65,374.7,Bird
high_resolution_photos/2015/Biloxi North/Door Point Lagoon 2/18May15Camera2-Card5-00762.jpg,3438.65,350.7,3462.65,374.7,Bird
high_resolution_photos/2015/Biloxi North/Door Point Lagoon 2/18May15Camera2-Card5-00762.jpg,3318.65,710.7,3342.65,734.7,Bird
high_resolution_photos/2015/Biloxi North/Door Point Lagoon 2/18May15Camera2-Card5-00762.jpg,4306.65,1106.69,4330.65,1130.69,LAGU bird
high_resolution_photos/2015/Biloxi North/Door Point Lagoon 2/18May15Camera2-Card5-00762.jpg,4314.65,1112.69,4338.65,1136.69,LAGU bird
high_resolution_photos/2015/Biloxi North/Door Point Lagoon 2/18May15Camera2-Card5-00762.jpg,4286.65,1120.69,4310.65,1144.69,LAGU site
high_resolution_photos/2015/Biloxi North/Door Point Lagoon 2/18May15Camera2-Card5-00762.jpg,3610.65,1150.69,3634.65,1174.69,Bird
high_resolution_photos/2015/Biloxi North/Door Point Lagoon 2/18May15Camera2-Card5-00762.jpg,3598.65,1158.69,3622.65,1182.69,BRPE OtherBirds’
high_resolution_photos/2015/Biloxi North/Door Point Lagoon 2/18May15Camera2-Card5-00762.jpg,3234.66,1254.7,3258.66,1278.7,Bird
high_resolution_photos/2015/Biloxi North/Door Point Lagoon 2/18May15Camera2-Card5-00762.jpg,3238.66,1266.69,3262.66,1290.69,Bird
high_resolution_photos/2015/Biloxi North/Door Point Lagoon 2/18May15Camera2-Card5-00762.jpg,3722.65,1414.69,3746.65,1438.69,Bird
high_resolution_photos/2015/Biloxi North/Door Point Lagoon 2/18May15Camera2-Card5-00762.jpg,3742.65,1432.69,3766.65,1456.69,Bird
high_resolution_photos/2015/Biloxi North/Door Point Lagoon 2/18May15Camera2-Card5-00762.jpg,3458.66,1514.69,3482.66,1538.69,Bird
high_resolution_photos/2015/Biloxi North/Door Point Lagoon 2/18May15Camera2-Card5-00762.jpg,3470.66,1524.69,3494.66,1548.69,Bird
high_resolution_photos/2015/Biloxi North/Door Point Lagoon 2/18May15Camera2-Card5-00762.jpg,3450.66,1526.69,3474.66,1550.69,BRPE OtherBirds’
high_resolution_photos/2015/Biloxi North/Door Point Lagoon 2/18May15Camera2-Card5-00762.jpg,3446.66,1530.69,3470.66,1554.69,Bird
high_resolution_photos/2015/Biloxi North/Door Point Lagoon 2/18May15Camera2-Card5-00762.jpg,3650.66,1522.69,3674.66,1546.69,Bird
high_resolution_photos/2015/Biloxi North/Door Point Lagoon 2/18May15Camera2-Card5-00762.jpg,3648.66,1546.69,3672.66,1570.69,BRPE OtherBirds’
high_resolution_photos/2015/Biloxi North/Door Point Lagoon 2/18May15Camera2-Card5-00762.jpg,3626.66,1846.69,3650.66,1870.69,Bird
high_resolution_photos/2015/Biloxi North/Door Point Lagoon 2/18May15Camera2-Card5-00762.jpg,3630.66,1850.69,3654.66,1874.69,Bird
high_resolution_photos/2015/Biloxi North/Door Point Lagoon 2/18May15Camera2-Card5-00762.jpg,4002.66,2062.68,4026.66,2086.68,Bird
high_resolution_photos/2015/Biloxi North/Door Point Lagoon 2/18May15Camera2-Card5-00762.jpg,4010.66,2074.68,4034.66,2098.68,Bird
high_resolution_photos/2015/Biloxi North/Door Point Lagoon 2/18May15Camera2-Card5-00762.jpg,4750.65,2062.68,4774.65,2086.68,Bird
high_resolution_photos/2015/Biloxi North/Door Point Lagoon 2/18May15Camera2-Card5-00762.jpg,4770.65,2068.68,4794.65,2092.68,Bird
high_resolution_photos/2015/Biloxi North/Door Point Lagoon 2/18May15Camera2-Card5-00762.jpg,4732.65,2082.68,4756.65,2106.68,Bird
high_resolution_photos/2015/Biloxi North/Door Point Lagoon 2/18May15Camera2-Card5-00762.jpg,4526.66,2070.68,4550.66,2094.68,Bird
high_resolution_photos/2015/Biloxi North/Door Point Lagoon 2/18May15Camera2-Card5-00762.jpg,4522.66,2082.68,4546.66,2106.68,Bird
high_resolution_photos/2015/Biloxi North/Door Point Lagoon 2/18May15Camera2-Card5-00762.jpg,5144.66,2478.67,5168.66,2502.67,LAGU site
high_resolution_photos/2015/Biloxi North/Door Point Lagoon 2/18May15Camera2-Card5-00762.jpg,2806.67,2518.69,2830.67,2542.69,Bird
high_resolution_photos/2015/Biloxi North/Door Point Lagoon 2/18May15Camera2-Card5-00762.jpg,2810.67,2530.69,2834.67,2554.69,Bird
high_resolution_photos/2015/Biloxi North/Door Point Lagoon 2/18May15Camera2-Card5-00762.jpg,2834.67,2716.69,2858.67,2740.69,LAGU bird
high_resolution_photos/2015/Biloxi North/Door Point Lagoon 2/18May15Camera2-Card5-00762.jpg,2798.67,2726.69,2822.67,2750.69,LAGU bird
high_resolution_photos/2015/Biloxi North/Door Point Lagoon 2/18May15Camera2-Card5-00762.jpg,2794.67,2738.69,2818.67,2762.69,LAGU site
high_resolution_photos/2015/Biloxi North/Door Point Lagoon 2/18May15Camera2-Card5-00762.jpg,778.68,2786.71,802.68,2810.71,Bird
high_resolution_photos/2015/Biloxi North/Door Point Lagoon 2/18May15Camera2-Card5-00762.jpg,788.01,2793.37,812.01,2817.37,Bird
high_resolution_photos/2015/Biloxi North/Door Point Lagoon 2/18May15Camera2-Card5-00762.jpg,800.68,2790.71,824.68,2814.71,Bird
high_resolution_photos/2015/Biloxi North/Door Point Lagoon 2/18May15Camera2-Card5-00762.jpg,766.68,2794.71,790.68,2818.71,Bird
high_resolution_photos/2015/Biloxi North/Door Point Lagoon 2/18May15Camera2-Card5-00762.jpg,758.68,2802.71,782.68,2826.71,Bird
high_resolution_photos/2015/Biloxi North/Door Point Lagoon 2/18May15Camera2-Card5-00762.jpg,436.68,2870.71,460.68,2894.71,Bird
high_resolution_photos/2015/Biloxi North/Door Point Lagoon 2/18May15Camera2-Card5-00762.jpg,420.68,2878.71,444.68,2902.71,Bird
high_resolution_photos/2015/Biloxi North/Door Point Lagoon 2/18May15Camera2-Card5-00762.jpg,114.69,2950.71,138.69,2974.71,Bird
high_resolution_photos/2015/Biloxi North/Door Point Lagoon 2/18May15Camera2-Card5-00762.jpg,96.69,2958.71,120.69,2982.71,Bird
high_resolution_photos/2015/Biloxi North/Door Point Lagoon 2/18May15Camera2-Card5-00762.jpg,1134.18,2955.2,1158.18,2979.2,Bird
high_resolution_photos/2015/Biloxi North/Door Point Lagoon 2/18May15Camera2-Card5-00762.jpg,718.68,2994.71,742.68,3018.71,Bird
high_resolution_photos/2015/Biloxi North/Door Point Lagoon 2/18May15Camera2-Card5-00762.jpg,718.68,3022.71,742.68,3046.71,Bird
high_resolution_photos/2015/Biloxi North/Door Point Lagoon 2/18May15Camera2-Card5-00762.jpg,278.69,3050.71,302.69,3074.71,Bird
high_resolution_photos/2015/Biloxi North/Door Point Lagoon 2/18May15Camera2-Card5-00762.jpg,286.69,3062.71,310.69,3086.71,Bird
high_resolution_photos/2015/Biloxi North/Door Point Lagoon 2/18May15Camera2-Card5-00762.jpg,2826.67,3154.69,2850.67,3178.69,LAGU site
high_resolution_photos/2015/Biloxi North/Door Point Lagoon 2/18May15Camera2-Card5-00762.jpg,2818.67,3160.69,2842.67,3184.69,LAGU site
high_resolution_photos/2015/Biloxi North/Door Point Lagoon 2/18May15Camera2-Card5-00762.jpg,1742.68,3206.7,1766.68,3230.7,Bird
high_resolution_photos/2015/Biloxi North/Door Point Lagoon 2/18May15Camera2-Card5-00762.jpg,1746.68,3214.7,1770.68,3238.7,Bird
high_resolution_photos/2015/Biloxi North/Door Point Lagoon 2/18May15Camera2-Card5-00762.jpg,856.68,3278.7,880.68,3302.7,Bird
high_resolution_photos/2015/Biloxi North/Door Point Lagoon 2/18May15Camera2-Card5-00762.jpg,846.68,3286.7,870.68,3310.7,BRPE OtherBirds’
high_resolution_photos/2015/Biloxi North/Door Point Lagoon 2/18May15Camera2-Card5-00762.jpg,1194.68,3338.7,1218.68,3362.7,Bird
high_resolution_photos/2015/Biloxi North/Door Point Lagoon 2/18May15Camera2-Card5-00762.jpg,1186.68,3342.7,1210.68,3366.7,Bird
high_resolution_photos/2015/Biloxi North/Door Point Lagoon 2/18May15Camera2-Card5-00762.jpg,1174.68,3354.7,1198.68,3378.7,Bird
high_resolution_photos/2015/Biloxi North/Door Point Lagoon 2/18May15Camera2-Card5-00762.jpg,1212.68,3354.7,1236.68,3378.7,Bird
high_resolution_photos/2015/Mobile Bay Interior/Battery McIntosh/18May15Camera1-Card6-197.jpg,3162.69,0.0,3210.69,30.41,GREG site
high_resolution_photos/2015/Mobile Bay Interior/Battery McIntosh/18May15Camera1-Card6-197.jpg,3166.69,0.0,3214.69,40.41,GREG site
high_resolution_photos/2015/Mobile Bay Interior/Battery McIntosh/18May15Camera1-Card6-197.jpg,3170.69,4.41,3218.69,52.41,GREG site
high_resolution_photos/2015/Mobile Bay Interior/Battery McIntosh/18May15Camera1-Card6-197.jpg,3174.69,20.41,3222.69,68.41,GREG bird
high_resolution_photos/2015/Mobile Bay Interior/Battery McIntosh/18May15Camera1-Card6-197.jpg,3182.69,46.41,3230.69,94.41,GREG bird
high_resolution_photos/2015/Mobile Bay Interior/Battery McIntosh/18May15Camera1-Card6-197.jpg,3194.69,98.42,3242.69,146.42,GREG site
high_resolution_photos/2015/Mobile Bay Interior/Battery McIntosh/18May15Camera1-Card6-197.jpg,3206.69,140.42,3254.69,188.42,GREG bird
high_resolution_photos/2015/Mobile Bay Interior/Battery McIntosh/18May15Camera1-Card6-197.jpg,3210.69,150.42,3258.69,198.42,GREG bird
high_resolution_photos/2015/Mobile Bay Interior/Battery McIntosh/18May15Camera1-Card6-197.jpg,3214.69,158.42,3262.69,206.42,GREG bird
high_resolution_photos/2015/Mobile Bay Interior/Battery McIntosh/18May15Camera1-Card6-197.jpg,3238.7,248.42,3286.7,296.42,GREG bird
high_resolution_photos/2015/Mobile Bay Interior/Battery McIntosh/18May15Camera1-Card6-197.jpg,3242.7,272.42,3290.7,320.42,GREG bird
high_resolution_photos/2015/Mobile Bay Interior/Battery McIntosh/18May15Camera1-Card6-197.jpg,3246.7,282.43,3294.7,330.43,GREG bird
high_resolution_photos/2015/Mobile Bay Interior/Battery McIntosh/18May15Camera1-Card6-197.jpg,3258.7,328.43,3306.7,376.43,GREG site
high_resolution_photos/2015/Mobile Bay Interior/Battery McIntosh/18May15Camera1-Card6-197.jpg,3310.7,510.44,3358.7,558.44,Bird
high_resolution_photos/2015/Mobile Bay Interior/Battery McIntosh/18May15Camera1-Card6-197.jpg,2958.68,374.43,3006.68,422.43,CAEG bird
high_resolution_photos/2015/Mobile Bay Interior/Battery McIntosh/18May15Camera1-Card6-197.jpg,2974.68,388.43,3022.68,436.43,CAEG bird
high_resolution_photos/2015/Mobile Bay Interior/Battery McIntosh/18May15Camera1-Card6-197.jpg,2774.67,394.43,2822.67,442.43,CAEG bird
high_resolution_photos/2015/Mobile Bay Interior/Battery McIntosh/18May15Camera1-Card6-197.jpg,2798.68,394.43,2846.68,442.43,CAEG bird
high_resolution_photos/2015/Mobile Bay Interior/Battery McIntosh/18May15Camera1-Card6-197.jpg,2810.68,394.43,2858.68,442.43,CAEG bird
high_resolution_photos/2015/Mobile Bay Interior/Battery McIntosh/18May15Camera1-Card6-197.jpg,2862.68,392.43,2910.68,440.43,CAEG site
high_resolution_photos/2015/Mobile Bay Interior/Battery McIntosh/18May15Camera1-Card6-197.jpg,2865.35,407.77,2913.35,455.77,CAEG bird
high_resolution_photos/2015/Mobile Bay Interior/Battery McIntosh/18May15Camera1-Card6-197.jpg,2854.68,410.43,2902.68,458.43,CAEG bird
high_resolution_photos/2015/Mobile Bay Interior/Battery McIntosh/18May15Camera1-Card6-197.jpg,2870.68,414.43,2918.68,462.43,CAEG bird
high_resolution_photos/2015/Mobile Bay Interior/Battery McIntosh/18May15Camera1-Card6-197.jpg,3062.69,438.43,3110.69,486.43,CAEG bird
high_resolution_photos/2015/Mobile Bay Interior/Battery McIntosh/18May15Camera1-Card6-197.jpg,3058.69,446.43,3106.69,494.43,CAEG bird
high_resolution_photos/2015/Mobile Bay Interior/Battery McIntosh/18May15Camera1-Card6-197.jpg,2466.66,442.44,2514.66,490.44,CAEG bird
high_resolution_photos/2015/Mobile Bay Interior/Battery McIntosh/18May15Camera1-Card6-197.jpg,2454.66,450.44,2502.66,498.44,CAEG bird
high_resolution_photos/2015/Mobile Bay Interior/Battery McIntosh/18May15Camera1-Card6-197.jpg,2666.67,470.44,2714.67,518.44,CAEG bird
high_resolution_photos/2015/Mobile Bay Interior/Battery McIntosh/18May15Camera1-Card6-197.jpg,2678.67,470.44,2726.67,518.44,CAEG bird
high_resolution_photos/2015/Mobile Bay Interior/Battery McIntosh/18May15Camera1-Card6-197.jpg,2369.32,815.79,2417.32,863.79,CAEG bird
high_resolution_photos/2015/Mobile Bay Interior/Battery McIntosh/18May15Camera1-Card6-197.jpg,2378.66,826.46,2426.66,874.46,CAEG bird
high_resolution_photos/2015/Mobile Bay Interior/Battery McIntosh/18May15Camera1-Card6-197.jpg,3412.71,886.45,3460.71,934.45,Bird
high_resolution_photos/2015/Mobile Bay Interior/Battery McIntosh/18May15Camera1-Card6-197.jpg,3960.74,938.45,4008.74,986.45,Bird
high_resolution_photos/2015/Mobile Bay Interior/Battery McIntosh/18May15Camera1-Card6-197.jpg,3950.74,942.45,3998.74,990.45,GREG site
high_resolution_photos/2015/Mobile Bay Interior/Battery McIntosh/18May15Camera1-Card6-197.jpg,3754.73,974.46,3802.73,1022.46,GREG bird
high_resolution_photos/2015/Mobile Bay Interior/Battery McIntosh/18May15Camera1-Card6-197.jpg,3452.71,1022.46,3500.71,1070.46,GLIB bird
high_resolution_photos/2015/Mobile Bay Interior/Battery McIntosh/18May15Camera1-Card6-197.jpg,3398.71,1034.46,3446.71,1082.46,GREG bird
high_resolution_photos/2015/Mobile Bay Interior/Battery McIntosh/18May15Camera1-Card6-197.jpg,2926.69,1114.47,2974.69,1162.47,Bird
high_resolution_photos/2015/Mobile Bay Interior/Battery McIntosh/18May15Camera1-Card6-197.jpg,2922.69,1120.47,2970.69,1168.47,Bird
high_resolution_photos/2015/Mobile Bay Interior/Battery McIntosh/18May15Camera1-Card6-197.jpg,2478.66,858.46,2526.66,906.46,CAEG bird
high_resolution_photos/2015/Mobile Bay Interior/Battery McIntosh/18May15Camera1-Card6-197.jpg,2466.66,862.46,2514.66,910.46,CAEG bird
high_resolution_photos/2015/Mobile Bay Interior/Battery McIntosh/18May15Camera1-Card6-197.jpg,2782.68,950.46,2830.68,998.46,GREG site
high_resolution_photos/2015/Mobile Bay Interior/Battery McIntosh/18May15Camera1-Card6-197.jpg,2798.68,958.46,2846.68,1006.46,GREG bird
high_resolution_photos/2015/Mobile Bay Interior/Battery McIntosh/18May15Camera1-Card6-197.jpg,1784.63,1190.48,1832.63,1238.48,CAEG bird
high_resolution_photos/2015/Mobile Bay Interior/Battery McIntosh/18May15Camera1-Card6-197.jpg,1798.63,1198.48,1846.63,1246.48,CAEG bird
high_resolution_photos/2015/Mobile Bay Interior/Battery McIntosh/18May15Camera1-Card6-197.jpg,1768.63,1206.48,1816.63,1254.48,CAEG bird
high_resolution_photos/2015/Mobile Bay Interior/Battery McIntosh/18May15Camera1-Card6-197.jpg,1842.64,1270.48,1890.64,1318.48,CAEG site
high_resolution_photos/2015/Mobile Bay Interior/Battery McIntosh/18May15Camera1-Card6-197.jpg,1826.63,1294.49,1874.63,1342.49,CAEG bird
high_resolution_photos/2015/Mobile Bay Interior/Battery McIntosh/18May15Camera1-Card6-197.jpg,2142.65,1358.49,2190.65,1406.49,CAEG bird
high_resolution_photos/2015/Mobile Bay Interior/Battery McIntosh/18May15Camera1-Card6-197.jpg,2156.65,1358.49,2204.65,1406.49,CAEG bird
high_resolution_photos/2015/Mobile Bay Interior/Battery McIntosh/18May15Camera1-Card6-197.jpg,2870.69,1334.48,2918.69,1382.48,GREG bird
high_resolution_photos/2015/Mobile Bay Interior/Battery McIntosh/18May15Camera1-Card6-197.jpg,2858.69,1338.48,2906.69,1386.48,GREG bird
high_resolution_photos/2015/Mobile Bay Interior/Battery McIntosh/18May15Camera1-Card6-197.jpg,2546.67,1350.48,2594.67,1398.48,GREG site
high_resolution_photos/2015/Mobile Bay Interior/Battery McIntosh/18May15Camera1-Card6-197.jpg,2554.67,1354.48,2602.67,1402.48,GREG bird
high_resolution_photos/2015/Mobile Bay Interior/Battery McIntosh/18May15Camera1-Card6-197.jpg,2390.66,1482.49,2438.66,1530.49,Bird
high_resolution_photos/2015/Mobile Bay Interior/Battery McIntosh/18May15Camera1-Card6-197.jpg,2378.66,1510.49,2426.66,1558.49,Bird
high_resolution_photos/2015/Mobile Bay Interior/Battery McIntosh/18May15Camera1-Card6-197.jpg,2710.68,1502.49,2758.68,1550.49,GREG bird
high_resolution_photos/2015/Mobile Bay Interior/Battery McIntosh/18May15Camera1-Card6-197.jpg,2702.68,1506.49,2750.68,1554.49,GREG bird
high_resolution_photos/2015/Mobile Bay Interior/Battery McIntosh/18May15Camera1-Card6-197.jpg,2698.68,1514.49,2746.68,1562.49,GREG bird
high_resolution_photos/2015/Mobile Bay Interior/Battery McIntosh/18May15Camera1-Card6-197.jpg,2694.68,1522.49,2742.68,1570.49,GREG ad
high_resolution_photos/2015/Mobile Bay Interior/Battery McIntosh/18May15Camera1-Card6-197.jpg,2690.68,1526.49,2738.68,1574.49,GREG ad
high_resolution_photos/2015/Mobile Bay Interior/Battery McIntosh/18May15Camera1-Card6-197.jpg,2698.68,1534.49,2746.68,1582.49,GREG site
high_resolution_photos/2015/Mobile Bay Interior/Battery McIntosh/18May15Camera1-Card6-197.jpg,2670.68,1542.49,2718.68,1590.49,GREG ad
high_resolution_photos/2015/Mobile Bay Interior/Battery McIntosh/18May15Camera1-Card6-197.jpg,2110.65,1522.49,2158.65,1570.49,GREG bird
high_resolution_photos/2015/Mobile Bay Interior/Battery McIntosh/18May15Camera1-Card6-197.jpg,2130.65,1526.49,2178.65,1574.49,GREG bird
high_resolution_photos/2015/Mobile Bay Interior/Battery McIntosh/18May15Camera1-Card6-197.jpg,1746.63,1646.5,1794.63,1694.5,GBHE bird
high_resolution_photos/2015/Mobile Bay Interior/Battery McIntosh/18May15Camera1-Card6-197.jpg,1758.63,1654.5,1806.63,1702.5,GBHE site
high_resolution_photos/2015/Mobile Bay Interior/Battery McIntosh/18May15Camera1-Card6-197.jpg,2296.66,1682.5,2344.66,1730.5,GREG bird
high_resolution_photos/2015/Mobile Bay Interior/Battery McIntosh/18May15Camera1-Card6-197.jpg,2310.66,1698.5,2358.66,1746.5,GREG bird
high_resolution_photos/2015/Mobile Bay Interior/Battery McIntosh/18May15Camera1-Card6-197.jpg,2348.66,1748.5,2396.66,1796.5,Bird
high_resolution_photos/2015/Mobile Bay Interior/Battery McIntosh/18May15Camera1-Card6-197.jpg,2356.66,1778.5,2404.66,1826.5,Bird
high_resolution_photos/2015/Mobile Bay Interior/Battery McIntosh/18May15Camera1-Card6-197.jpg,1426.62,1974.52,1474.62,2022.52,CAEG bird
high_resolution_photos/2015/Mobile Bay Interior/Battery McIntosh/18May15Camera1-Card6-197.jpg,1414.62,1978.52,1462.62,2026.52,CAEG bird
high_resolution_photos/2015/Mobile Bay Interior/Battery McIntosh/18May15Camera1-Card6-197.jpg,1190.61,2062.53,1238.61,2110.53,CAEG bird
high_resolution_photos/2015/Mobile Bay Interior/Battery McIntosh/18May15Camera1-Card6-197.jpg,1182.61,2066.53,1230.61,2114.53,CAEG bird
high_resolution_photos/2015/Mobile Bay Interior/Battery McIntosh/18May15Camera1-Card6-197.jpg,1194.61,2066.53,1242.61,2114.53,CAEG bird
high_resolution_photos/2015/Mobile Bay Interior/Battery McIntosh/18May15Camera1-Card6-197.jpg,857.79,2137.73,905.79,2185.73,CAEG bird
high_resolution_photos/2015/Mobile Bay Interior/Battery McIntosh/18May15Camera1-Card6-197.jpg,874.59,2138.53,922.59,2186.53,CAEG bird
high_resolution_photos/2015/Mobile Bay Interior/Battery McIntosh/18May15Camera1-Card6-197.jpg,2946.7,2142.52,2994.7,2190.52,GBHE site
high_resolution_photos/2015/Mobile Bay Interior/Battery McIntosh/18May15Camera1-Card6-197.jpg,2954.7,2142.52,3002.7,2190.52,GBHE site
high_resolution_photos/2015/Mobile Bay Interior/Battery McIntosh/18May15Camera1-Card6-197.jpg,1110.61,2262.54,1158.61,2310.54,CAEG site
high_resolution_photos/2015/Mobile Bay Interior/Battery McIntosh/18May15Camera1-Card6-197.jpg,1110.61,2278.54,1158.61,2326.54,CAEG bird
high_resolution_photos/2015/Mobile Bay Interior/Battery McIntosh/18May15Camera1-Card6-197.jpg,1098.61,2288.54,1146.61,2336.54,CAEG bird
high_resolution_photos/2015/Mobile Bay Interior/Battery McIntosh/18May15Camera1-Card6-197.jpg,2432.67,2312.53,2480.67,2360.53,GREG ad
high_resolution_photos/2015/Mobile Bay Interior/Battery McIntosh/18May15Camera1-Card6-197.jpg,2446.67,2322.53,2494.67,2370.53,GREG bird
high_resolution_photos/2015/Mobile Bay Interior/Battery McIntosh/18May15Camera1-Card6-197.jpg,894.6,2342.54,942.6,2390.54,CAEG bird
high_resolution_photos/2015/Mobile Bay Interior/Battery McIntosh/18May15Camera1-Card6-197.jpg,910.6,2350.54,958.6,2398.54,CAEG bird
high_resolution_photos/2015/Mobile Bay Interior/Battery McIntosh/18May15Camera1-Card6-197.jpg,3002.7,2410.53,3050.7,2458.53,Bird
high_resolution_photos/2015/Mobile Bay Interior/Battery McIntosh/18May15Camera1-Card6-197.jpg,3038.7,2410.53,3086.7,2458.53,Bird
high_resolution_photos/2015/Mobile Bay Interior/Battery McIntosh/18May15Camera1-Card6-197.jpg,3038.7,2436.53,3086.7,2484.53,GREG bird
high_resolution_photos/2015/Mobile Bay Interior/Battery McIntosh/18May15Camera1-Card6-197.jpg,1022.6,2468.55,1070.6,2516.55,CAEG site
high_resolution_photos/2015/Mobile Bay Interior/Battery McIntosh/18May15Camera1-Card6-197.jpg,1024.6,2482.55,1072.6,2530.55,CAEG bird
high_resolution_photos/2015/Mobile Bay Interior/Battery McIntosh/18May15Camera1-Card6-197.jpg,306.57,2594.56,354.57,2642.56,CAEG bird
high_resolution_photos/2015/Mobile Bay Interior/Battery McIntosh/18May15Camera1-Card6-197.jpg,310.57,2602.56,358.57,2650.56,CAEG bird
high_resolution_photos/2015/Mobile Bay Interior/Battery McIntosh/18May15Camera1-Card6-197.jpg,2470.68,2646.55,2518.68,2694.55,GREG site
high_resolution_photos/2015/Mobile Bay Interior/Battery McIntosh/18May15Camera1-Card6-197.jpg,2450.68,2662.55,2498.68,2710.55,GREG bird
high_resolution_photos/2015/Mobile Bay Interior/Battery McIntosh/18May15Camera1-Card6-197.jpg,2462.68,2662.55,2510.68,2710.55,GREG ad
high_resolution_photos/2015/Mobile Bay Interior/Battery McIntosh/18May15Camera1-Card6-197.jpg,2694.69,2642.54,2742.69,2690.54,Bird
high_resolution_photos/2015/Mobile Bay Interior/Battery McIntosh/18May15Camera1-Card6-197.jpg,2718.69,2642.54,2766.69,2690.54,Bird
high_resolution_photos/2015/Mobile Bay Interior/Battery McIntosh/18May15Camera1-Card6-197.jpg,2698.69,2678.55,2746.69,2726.55,Bird
high_resolution_photos/2015/Mobile Bay Interior/Battery McIntosh/18May15Camera1-Card6-197.jpg,2718.69,2678.55,2766.69,2726.55,Bird
high_resolution_photos/2015/Mobile Bay Interior/Battery McIntosh/18May15Camera1-Card6-197.jpg,158.56,2682.57,206.56,2730.57,CAEG bird
high_resolution_photos/2015/Mobile Bay Interior/Battery McIntosh/18May15Camera1-Card6-197.jpg,142.56,2686.57,190.56,2734.57,CAEG bird
high_resolution_photos/2015/Mobile Bay Interior/Battery McIntosh/18May15Camera1-Card6-197.jpg,138.56,2690.57,186.56,2738.57,CAEG bird
high_resolution_photos/2015/Mobile Bay Interior/Battery McIntosh/18May15Camera1-Card6-197.jpg,162.56,2690.57,210.56,2738.57,CAEG bird
high_resolution_photos/2015/Mobile Bay Interior/Battery McIntosh/18May15Camera1-Card6-197.jpg,1671.84,2701.76,1719.84,2749.76,Bird
high_resolution_photos/2015/Mobile Bay Interior/Battery McIntosh/18May15Camera1-Card6-197.jpg,1690.64,2700.55,1738.64,2748.55,Bird
high_resolution_photos/2015/Mobile Bay Interior/Battery McIntosh/18May15Camera1-Card6-197.jpg,1878.65,2710.55,1926.65,2758.55,Bird
high_resolution_photos/2015/Mobile Bay Interior/Battery McIntosh/18May15Camera1-Card6-197.jpg,2116.66,2738.55,2164.66,2786.55,GREG ad
high_resolution_photos/2015/Mobile Bay Interior/Battery McIntosh/18May15Camera1-Card6-197.jpg,2135.99,2743.89,2183.99,2791.89,GREG bird
high_resolution_photos/2015/Mobile Bay Interior/Battery McIntosh/18May15Camera1-Card6-197.jpg,2130.66,2762.55,2178.66,2810.55,GREG bird
high_resolution_photos/2015/Mobile Bay Interior/Battery McIntosh/18May15Camera1-Card6-197.jpg,1875.15,2738.06,1923.15,2786.06,Bird
high_resolution_photos/2015/Mobile Bay Interior/Battery McIntosh/18May15Camera1-Card6-197.jpg,590.59,2818.57,638.59,2866.57,CAEG site
high_resolution_photos/2015/Mobile Bay Interior/Battery McIntosh/18May15Camera1-Card6-197.jpg,590.59,2838.57,638.59,2886.57,CAEG bird
high_resolution_photos/2015/Mobile Bay Interior/Battery McIntosh/18May15Camera1-Card6-197.jpg,606.59,2838.57,654.59,2886.57,CAEG bird
high_resolution_photos/2015/Mobile Bay Interior/Battery McIntosh/18May15Camera1-Card6-197.jpg,996.61,2858.57,1044.61,2906.57,CAEG site
high_resolution_photos/2015/Mobile Bay Interior/Battery McIntosh/18May15Camera1-Card6-197.jpg,990.61,2862.57,1038.61,2910.57,CAEG bird
high_resolution_photos/2015/Mobile Bay Interior/Battery McIntosh/18May15Camera1-Card6-197.jpg,1805.31,2873.23,1853.31,2921.23,GREG site
high_resolution_photos/2015/Mobile Bay Interior/Battery McIntosh/18May15Camera1-Card6-197.jpg,1822.65,2878.56,1870.65,2926.56,Bird
high_resolution_photos/2015/Mobile Bay Interior/Battery McIntosh/18May15Camera1-Card6-197.jpg,1792.65,2886.56,1840.65,2934.56,GREG bird
high_resolution_photos/2015/Mobile Bay Interior/Battery McIntosh/18May15Camera1-Card6-197.jpg,406.58,2890.57,454.58,2938.57,CAEG site
high_resolution_photos/2015/Mobile Bay Interior/Battery McIntosh/18May15Camera1-Card6-197.jpg,404.58,2910.57,452.58,2958.57,CAEG bird
high_resolution_photos/2015/Mobile Bay Interior/Battery McIntosh/18May15Camera1-Card6-197.jpg,178.57,2952.58,226.57,3000.58,CAEG site
high_resolution_photos/2015/Mobile Bay Interior/Battery McIntosh/18May15Camera1-Card6-197.jpg,178.57,2966.58,226.57,3014.58,CAEG bird
high_resolution_photos/2015/Mobile Bay Interior/Battery McIntosh/18May15Camera1-Card6-197.jpg,614.59,2998.58,662.59,3046.58,CAEG bird
high_resolution_photos/2015/Mobile Bay Interior/Battery McIntosh/18May15Camera1-Card6-197.jpg,606.59,3002.58,654.59,3050.58,CAEG bird
high_resolution_photos/2015/Mobile Bay Interior/Battery McIntosh/18May15Camera1-Card6-197.jpg,622.59,3010.58,670.59,3058.58,CAEG bird
high_resolution_photos/2015/Mobile Bay Interior/Battery McIntosh/18May15Camera1-Card6-197.jpg,866.6,3082.58,914.6,3130.58,CAEG bird
high_resolution_photos/2015/Mobile Bay Interior/Battery McIntosh/18May15Camera1-Card6-197.jpg,862.6,3090.58,910.6,3138.58,CAEG bird
high_resolution_photos/2015/Mobile Bay Interior/Battery McIntosh/18May15Camera1-Card6-197.jpg,410.58,3206.59,458.58,3254.59,CAEG bird
high_resolution_photos/2015/Mobile Bay Interior/Battery McIntosh/18May15Camera1-Card6-197.jpg,430.58,3206.59,478.58,3254.59,CAEG bird
high_resolution_photos/2015/Mobile Bay Interior/Battery McIntosh/18May15Camera1-Card6-197.jpg,1097.84,3238.59,1145.84,3286.59,Bird
high_resolution_photos/2015/Mobile Bay Interior/Battery McIntosh/18May15Camera1-Card6-197.jpg,654.59,3346.59,702.59,3394.59,CAEG bird
high_resolution_photos/2015/Mobile Bay Interior/Battery McIntosh/18May15Camera1-Card6-197.jpg,670.59,3360.59,718.59,3408.59,CAEG bird
high_resolution_photos/2015/Biloxi South/Belle Isle/17May15Camera2-Card3-00019.jpg,1235.25,0.0,1273.25,33.82,LAGU site
high_resolution_photos/2015/Biloxi South/Belle Isle/17May15Camera2-Card3-00019.jpg,308.53,18.73,346.53,56.73,LAGU site
high_resolution_photos/2015/Biloxi South/Belle Isle/17May15Camera2-Card3-00019.jpg,491.79,20.03,529.79,58.03,LAGU site
high_resolution_photos/2015/Biloxi South/Belle Isle/17May15Camera2-Card3-00019.jpg,935.34,45.97,973.34,83.97,LAGU site
high_resolution_photos/2015/Biloxi South/Belle Isle/17May15Camera2-Card3-00019.jpg,665.74,51.7,703.74,89.7,LAGU site
high_resolution_photos/2015/Biloxi South/Belle Isle/17May15Camera2-Card3-00019.jpg,810.29,74.2,848.29,112.2,LAGU bird
high_resolution_photos/2015/Biloxi South/Belle Isle/17May15Camera2-Card3-00019.jpg,867.44,72.35,905.44,110.35,LAGU site
high_resolution_photos/2015/Biloxi South/Belle Isle/17May15Camera2-Card3-00019.jpg,17.75,91.7,55.75,129.7,LAGU site
high_resolution_photos/2015/Biloxi South/Belle Isle/17May15Camera2-Card3-00019.jpg,23.75,95.7,61.75,133.7,LAGU site
high_resolution_photos/2015/Biloxi South/Belle Isle/17May15Camera2-Card3-00019.jpg,671.74,111.7,709.74,149.7,LAGU site
high_resolution_photos/2015/Biloxi South/Belle Isle/17May15Camera2-Card3-00019.jpg,1107.94,143.69,1145.94,181.69,LAGU site
high_resolution_photos/2015/Biloxi South/Belle Isle/17May15Camera2-Card3-00019.jpg,1157.07,145.03,1195.07,183.03,LAGU bird
high_resolution_photos/2015/Biloxi South/Belle Isle/17May15Camera2-Card3-00019.jpg,1153.74,223.69,1191.74,261.69,LAGU bird
high_resolution_photos/2015/Biloxi South/Belle Isle/17May15Camera2-Card3-00019.jpg,87.75,155.7,125.75,193.7,LAGU site
high_resolution_photos/2015/Biloxi South/Belle Isle/17May15Camera2-Card3-00019.jpg,739.74,183.69,777.74,221.69,LAGU bird
high_resolution_photos/2015/Biloxi South/Belle Isle/17May15Camera2-Card3-00019.jpg,735.74,187.69,773.74,225.69,LAGU bird
high_resolution_photos/2015/Biloxi South/Belle Isle/17May15Camera2-Card3-00019.jpg,844.09,200.45,882.09,238.45,LAGU site
high_resolution_photos/2015/Biloxi South/Belle Isle/17May15Camera2-Card3-00019.jpg,9.67,207.55,47.67,245.55,LAGU site
high_resolution_photos/2015/Biloxi South/Belle Isle/17May15Camera2-Card3-00019.jpg,1038.5,229.69,1076.5,267.69,LAGU site
high_resolution_photos/2015/Biloxi South/Belle Isle/17May15Camera2-Card3-00019.jpg,979.29,262.44,1017.29,300.44,LAGU site
high_resolution_photos/2015/Biloxi South/Belle Isle/17May15Camera2-Card3-00019.jpg,0.0,267.69,33.75,305.69,LAGU bird
high_resolution_photos/2015/Biloxi South/Belle Isle/17May15Camera2-Card3-00019.jpg,883.64,269.51,921.64,307.51,LAGU site
high_resolution_photos/2015/Biloxi South/Belle Isle/17May15Camera2-Card3-00019.jpg,1443.74,269.82,1481.74,307.82,LAGU site
high_resolution_photos/2015/Biloxi South/Belle Isle/17May15Camera2-Card3-00019.jpg,215.75,315.69,253.75,353.69,LAGU bird
high_resolution_photos/2015/Biloxi South/Belle Isle/17May15Camera2-Card3-00019.jpg,211.75,327.69,249.75,365.69,LAGU bird
high_resolution_photos/2015/Biloxi South/Belle Isle/17May15Camera2-Card3-00019.jpg,195.75,331.69,233.75,369.69,LAGU site
high_resolution_photos/2015/Biloxi South/Belle Isle/17May15Camera2-Card3-00019.jpg,931.68,305.31,969.68,343.31,LAGU site
high_resolution_photos/2015/Biloxi South/Belle Isle/17May15Camera2-Card3-00019.jpg,1319.91,320.43,1357.91,358.43,LAGU site
high_resolution_photos/2015/Biloxi South/Belle Isle/17May15Camera2-Card3-00019.jpg,322.29,326.69,360.29,364.69,LAGU site
high_resolution_photos/2015/Biloxi South/Belle Isle/17May15Camera2-Card3-00019.jpg,519.06,335.41,557.06,373.41,LAGU site
high_resolution_photos/2015/Biloxi South/Belle Isle/17May15Camera2-Card3-00019.jpg,715.74,319.69,753.74,357.69,LAGU site
high_resolution_photos/2015/Biloxi South/Belle Isle/17May15Camera2-Card3-00019.jpg,731.74,369.69,769.74,407.69,LAGU bird
high_resolution_photos/2015/Biloxi South/Belle Isle/17May15Camera2-Card3-00019.jpg,282.47,344.97,320.47,382.97,LAGU site
high_resolution_photos/2015/Biloxi South/Belle Isle/17May15Camera2-Card3-00019.jpg,954.41,377.03,992.41,415.03,LAGU bird
high_resolution_photos/2015/Biloxi South/Belle Isle/17May15Camera2-Card3-00019.jpg,1896.72,356.26,1934.72,394.26,SNEG site
high_resolution_photos/2015/Biloxi South/Belle Isle/17May15Camera2-Card3-00019.jpg,627.1,374.23,665.1,412.23,LAGU site
high_resolution_photos/2015/Biloxi South/Belle Isle/17May15Camera2-Card3-00019.jpg,166.53,381.62,204.53,419.62,LAGU site
high_resolution_photos/2015/Biloxi South/Belle Isle/17May15Camera2-Card3-00019.jpg,1244.19,380.31,1282.19,418.31,LAGU site
high_resolution_photos/2015/Biloxi South/Belle Isle/17May15Camera2-Card3-00019.jpg,1395.74,375.69,1433.74,413.69,LAGU site
high_resolution_photos/2015/Biloxi South/Belle Isle/17May15Camera2-Card3-00019.jpg,403.08,386.66,441.08,424.66,LAGU site
high_resolution_photos/2015/Biloxi South/Belle Isle/17May15Camera2-Card3-00019.jpg,103.87,403.02,141.87,441.02,LAGU site
high_resolution_photos/2015/Biloxi South/Belle Isle/17May15Camera2-Card3-00019.jpg,1139.85,408.58,1177.85,446.58,LAGU site
high_resolution_photos/2015/Biloxi South/Belle Isle/17May15Camera2-Card3-00019.jpg,312.65,408.37,350.65,446.37,LAGU site
high_resolution_photos/2015/Biloxi South/Belle Isle/17May15Camera2-Card3-00019.jpg,1596.2,406.67,1634.2,444.67,LAGU bird
high_resolution_photos/2015/Biloxi South/Belle Isle/17May15Camera2-Card3-00019.jpg,679.74,423.69,717.74,461.69,LAGU site
high_resolution_photos/2015/Biloxi South/Belle Isle/17May15Camera2-Card3-00019.jpg,1017.76,420.73,1055.76,458.73,LAGU bird
high_resolution_photos/2015/Biloxi South/Belle Isle/17May15Camera2-Card3-00019.jpg,1425.84,413.39,1463.84,451.39,LAGU site
high_resolution_photos/2015/Biloxi South/Belle Isle/17May15Camera2-Card3-00019.jpg,222.75,434.05,260.75,472.05,LAGU site
high_resolution_photos/2015/Biloxi South/Belle Isle/17May15Camera2-Card3-00019.jpg,849.05,446.42,887.05,484.42,LAGU bird
high_resolution_photos/2015/Biloxi South/Belle Isle/17May15Camera2-Card3-00019.jpg,489.08,446.36,527.08,484.36,LAGU site
high_resolution_photos/2015/Biloxi South/Belle Isle/17May15Camera2-Card3-00019.jpg,519.75,479.69,557.75,517.69,LAGU site
high_resolution_photos/2015/Biloxi South/Belle Isle/17May15Camera2-Card3-00019.jpg,1075.26,440.36,1113.26,478.36,LAGU site
high_resolution_photos/2015/Biloxi South/Belle Isle/17May15Camera2-Card3-00019.jpg,1199.74,441.69,1237.74,479.69,LAGU bird
high_resolution_photos/2015/Biloxi South/Belle Isle/17May15Camera2-Card3-00019.jpg,1195.74,491.69,1233.74,529.69,LAGU bird
high_resolution_photos/2015/Biloxi South/Belle Isle/17May15Camera2-Card3-00019.jpg,915.68,449.0,953.68,487.0,LAGU site
high_resolution_photos/2015/Biloxi South/Belle Isle/17May15Camera2-Card3-00019.jpg,1137.31,454.12,1175.31,492.12,LAGU bird
high_resolution_photos/2015/Biloxi South/Belle Isle/17May15Camera2-Card3-00019.jpg,985.67,475.88,1023.67,513.88,LAGU bird
high_resolution_photos/2015/Biloxi South/Belle Isle/17May15Camera2-Card3-00019.jpg,428.75,480.16,466.75,518.16,LAGU site
high_resolution_photos/2015/Biloxi South/Belle Isle/17May15Camera2-Card3-00019.jpg,1078.34,484.67,1116.34,522.67,LAGU site
high_resolution_photos/2015/Biloxi South/Belle Isle/17May15Camera2-Card3-00019.jpg,635.75,495.69,673.75,533.69,LAGU site
high_resolution_photos/2015/Biloxi South/Belle Isle/17May15Camera2-Card3-00019.jpg,663.74,511.69,701.74,549.69,LAGU site
high_resolution_photos/2015/Biloxi South/Belle Isle/17May15Camera2-Card3-00019.jpg,667.74,523.69,705.74,561.69,LAGU bird
high_resolution_photos/2015/Biloxi South/Belle Isle/17May15Camera2-Card3-00019.jpg,752.68,500.3,790.68,538.3,LAGU site
high_resolution_photos/2015/Biloxi South/Belle Isle/17May15Camera2-Card3-00019.jpg,866.7,517.32,904.7,555.32,LAGU site
high_resolution_photos/2015/Biloxi South/Belle Isle/17May15Camera2-Card3-00019.jpg,1717.96,509.17,1755.96,547.17,SNEG site
high_resolution_photos/2015/Biloxi South/Belle Isle/17May15Camera2-Card3-00019.jpg,551.34,532.1,589.34,570.1,LAGU site
high_resolution_photos/2015/Biloxi South/Belle Isle/17May15Camera2-Card3-00019.jpg,916.29,532.79,954.29,570.79,LAGU site
high_resolution_photos/2015/Biloxi South/Belle Isle/17May15Camera2-Card3-00019.jpg,1255.99,542.23,1293.99,580.23,LAGU site
high_resolution_photos/2015/Biloxi South/Belle Isle/17May15Camera2-Card3-00019.jpg,47.75,595.69,85.75,633.69,LAGU site
high_resolution_photos/2015/Biloxi South/Belle Isle/17May15Camera2-Card3-00019.jpg,157.75,559.69,195.75,597.69,LAGU site
high_resolution_photos/2015/Biloxi South/Belle Isle/17May15Camera2-Card3-00019.jpg,1143.14,564.89,1181.14,602.89,LAGU site
high_resolution_photos/2015/Biloxi South/Belle Isle/17May15Camera2-Card3-00019.jpg,1933.8,568.35,1971.8,606.35,LAGU site
high_resolution_photos/2015/Biloxi South/Belle Isle/17May15Camera2-Card3-00019.jpg,483.75,567.69,521.75,605.69,LAGU site
high_resolution_photos/2015/Biloxi South/Belle Isle/17May15Camera2-Card3-00019.jpg,453.75,575.69,491.75,613.69,LAGU bird
high_resolution_photos/2015/Biloxi South/Belle Isle/17May15Camera2-Card3-00019.jpg,1567.74,579.69,1605.74,617.69,LAGU bird
high_resolution_photos/2015/Biloxi South/Belle Isle/17May15Camera2-Card3-00019.jpg,1563.74,583.69,1601.74,621.69,LAGU bird
high_resolution_photos/2015/Biloxi South/Belle Isle/17May15Camera2-Card3-00019.jpg,1558.41,598.36,1596.41,636.36,LAGU bird
high_resolution_photos/2015/Biloxi South/Belle Isle/17May15Camera2-Card3-00019.jpg,2137.74,571.69,2175.74,609.69,LAGU site
high_resolution_photos/2015/Biloxi South/Belle Isle/17May15Camera2-Card3-00019.jpg,713.85,580.35,751.85,618.35,LAGU site
high_resolution_photos/2015/Biloxi South/Belle Isle/17May15Camera2-Card3-00019.jpg,939.74,583.69,977.74,621.69,LAGU bird
high_resolution_photos/2015/Biloxi South/Belle Isle/17May15Camera2-Card3-00019.jpg,915.74,611.69,953.74,649.69,LAGU bird
high_resolution_photos/2015/Biloxi South/Belle Isle/17May15Camera2-Card3-00019.jpg,1333.96,581.07,1371.96,619.07,LAGU bird
high_resolution_photos/2015/Biloxi South/Belle Isle/17May15Camera2-Card3-00019.jpg,1830.92,590.67,1868.92,628.67,LAGU site
high_resolution_photos/2015/Biloxi South/Belle Isle/17May15Camera2-Card3-00019.jpg,787.74,603.69,825.74,641.69,LAGU bird
high_resolution_photos/2015/Biloxi South/Belle Isle/17May15Camera2-Card3-00019.jpg,823.74,651.69,861.74,689.69,LAGU bird
high_resolution_photos/2015/Biloxi South/Belle Isle/17May15Camera2-Card3-00019.jpg,1070.81,601.39,1108.81,639.39,LAGU bird
high_resolution_photos/2015/Biloxi South/Belle Isle/17May15Camera2-Card3-00019.jpg,2618.48,599.16,2656.48,637.16,LAGU bird
high_resolution_photos/2015/Biloxi South/Belle Isle/17May15Camera2-Card3-00019.jpg,660.25,613.53,698.25,651.53,LAGU site
high_resolution_photos/2015/Biloxi South/Belle Isle/17May15Camera2-Card3-00019.jpg,1012.36,617.64,1050.36,655.64,LAGU site
high_resolution_photos/2015/Biloxi South/Belle Isle/17May15Camera2-Card3-00019.jpg,558.52,618.95,596.52,656.95,LAGU site
high_resolution_photos/2015/Biloxi South/Belle Isle/17May15Camera2-Card3-00019.jpg,1695.74,623.69,1733.74,661.69,Bird
high_resolution_photos/2015/Biloxi South/Belle Isle/17May15Camera2-Card3-00019.jpg,1683.74,627.69,1721.74,665.69,Bird
high_resolution_photos/2015/Biloxi South/Belle Isle/17May15Camera2-Card3-00019.jpg,1679.74,643.69,1717.74,681.69,Bird
high_resolution_photos/2015/Biloxi South/Belle Isle/17May15Camera2-Card3-00019.jpg,2181.07,637.02,2219.07,675.02,LAGU site
high_resolution_photos/2015/Biloxi South/Belle Isle/17May15Camera2-Card3-00019.jpg,2165.74,651.69,2203.74,689.69,LAGU bird
high_resolution_photos/2015/Biloxi South/Belle Isle/17May15Camera2-Card3-00019.jpg,454.6,640.48,492.6,678.48,LAGU site
high_resolution_photos/2015/Biloxi South/Belle Isle/17May15Camera2-Card3-00019.jpg,11.75,651.69,49.75,689.69,LAGU site
high_resolution_photos/2015/Biloxi South/Belle Isle/17May15Camera2-Card3-00019.jpg,378.0,645.0,416.0,683.0,LAGU site
high_resolution_photos/2015/Biloxi South/Belle Isle/17May15Camera2-Card3-00019.jpg,62.34,670.88,100.34,708.88,LAGU bird
high_resolution_photos/2015/Biloxi South/Belle Isle/17May15Camera2-Card3-00019.jpg,287.75,667.69,325.75,705.69,LAGU site
high_resolution_photos/2015/Biloxi South/Belle Isle/17May15Camera2-Card3-00019.jpg,303.75,675.69,341.75,713.69,LAGU bird
high_resolution_photos/2015/Biloxi South/Belle Isle/17May15Camera2-Card3-00019.jpg,1230.03,678.18,1268.03,716.18,LAGU site
high_resolution_photos/2015/Biloxi South/Belle Isle/17May15Camera2-Card3-00019.jpg,2563.73,670.07,2601.73,708.07,LAGU site
high_resolution_photos/2015/Biloxi South/Belle Isle/17May15Camera2-Card3-00019.jpg,410.18,680.48,448.18,718.48,LAGU site
high_resolution_photos/2015/Biloxi South/Belle Isle/17May15Camera2-Card3-00019.jpg,545.78,682.47,583.78,720.47,LAGU bird
high_resolution_photos/2015/Biloxi South/Belle Isle/17May15Camera2-Card3-00019.jpg,762.18,687.13,800.18,725.13,LAGU bird
high_resolution_photos/2015/Biloxi South/Belle Isle/17May15Camera2-Card3-00019.jpg,2286.4,690.36,2324.4,728.36,LAGU bird
high_resolution_photos/2015/Biloxi South/Belle Isle/17May15Camera2-Card3-00019.jpg,2281.73,727.69,2319.73,765.69,LAGU bird
high_resolution_photos/2015/Biloxi South/Belle Isle/17May15Camera2-Card3-00019.jpg,1289.23,693.27,1327.23,731.27,LAGU bird
high_resolution_photos/2015/Biloxi South/Belle Isle/17May15Camera2-Card3-00019.jpg,1596.07,699.29,1634.07,737.29,LAGU site
high_resolution_photos/2015/Biloxi South/Belle Isle/17May15Camera2-Card3-00019.jpg,2639.25,696.17,2677.25,734.17,LAGU site
high_resolution_photos/2015/Biloxi South/Belle Isle/17May15Camera2-Card3-00019.jpg,151.75,685.69,189.75,723.69,LAGU site
high_resolution_photos/2015/Biloxi South/Belle Isle/17May15Camera2-Card3-00019.jpg,177.75,747.69,215.75,785.69,LAGU site
high_resolution_photos/2015/Biloxi South/Belle Isle/17May15Camera2-Card3-00019.jpg,1394.86,704.3,1432.86,742.3,LAGU site
high_resolution_photos/2015/Biloxi South/Belle Isle/17May15Camera2-Card3-00019.jpg,2420.35,709.44,2458.35,747.44,LAGU site
high_resolution_photos/2015/Biloxi South/Belle Isle/17May15Camera2-Card3-00019.jpg,2472.06,717.06,2510.06,755.06,LAGU site
high_resolution_photos/2015/Biloxi South/Belle Isle/17May15Camera2-Card3-00019.jpg,1827.74,727.69,1865.74,765.69,LAGU bird
high_resolution_photos/2015/Biloxi South/Belle Isle/17May15Camera2-Card3-00019.jpg,1823.74,731.69,1861.74,769.69,LAGU bird
high_resolution_photos/2015/Biloxi South/Belle Isle/17May15Camera2-Card3-00019.jpg,1815.74,749.69,1853.74,787.69,LAGU bird
high_resolution_photos/2015/Biloxi South/Belle Isle/17May15Camera2-Card3-00019.jpg,2775.73,719.69,2813.73,757.69,LAGU site
high_resolution_photos/2015/Biloxi South/Belle Isle/17May15Camera2-Card3-00019.jpg,2803.73,731.69,2841.73,769.69,LAGU bird
high_resolution_photos/2015/Biloxi South/Belle Isle/17May15Camera2-Card3-00019.jpg,460.6,727.23,498.6,765.23,LAGU site
high_resolution_photos/2015/Biloxi South/Belle Isle/17May15Camera2-Card3-00019.jpg,2376.51,734.19,2414.51,772.19,LAGU site
high_resolution_photos/2015/Biloxi South/Belle Isle/17May15Camera2-Card3-00019.jpg,1061.28,735.65,1099.28,773.65,LAGU bird
high_resolution_photos/2015/Biloxi South/Belle Isle/17May15Camera2-Card3-00019.jpg,411.25,760.19,449.25,798.19,LAGU site
high_resolution_photos/2015/Biloxi South/Belle Isle/17May15Camera2-Card3-00019.jpg,1190.68,751.28,1228.68,789.28,LAGU site
high_resolution_photos/2015/Biloxi South/Belle Isle/17May15Camera2-Card3-00019.jpg,2219.1,753.02,2257.1,791.02,LAGU site
high_resolution_photos/2015/Biloxi South/Belle Isle/17May15Camera2-Card3-00019.jpg,2599.79,757.94,2637.79,795.94,LAGU site
high_resolution_photos/2015/Biloxi South/Belle Isle/17May15Camera2-Card3-00019.jpg,360.8,757.25,398.8,795.25,LAGU bird
high_resolution_photos/2015/Biloxi South/Belle Isle/17May15Camera2-Card3-00019.jpg,975.74,767.69,1013.74,805.69,LAGU site
high_resolution_photos/2015/Biloxi South/Belle Isle/17May15Camera2-Card3-00019.jpg,963.74,815.69,1001.74,853.69,LAGU site
high_resolution_photos/2015/Biloxi South/Belle Isle/17May15Camera2-Card3-00019.jpg,3.75,773.69,41.75,811.69,LAGU site
high_resolution_photos/2015/Biloxi South/Belle Isle/17May15Camera2-Card3-00019.jpg,19.75,771.69,57.75,809.69,LAGU site
high_resolution_photos/2015/Biloxi South/Belle Isle/17May15Camera2-Card3-00019.jpg,913.15,775.84,951.15,813.84,LAGU bird
high_resolution_photos/2015/Biloxi South/Belle Isle/17May15Camera2-Card3-00019.jpg,1955.42,773.99,1993.42,811.99,LAGU site
high_resolution_photos/2015/Biloxi South/Belle Isle/17May15Camera2-Card3-00019.jpg,2287.21,768.53,2325.21,806.53,LAGU site
high_resolution_photos/2015/Biloxi South/Belle Isle/17May15Camera2-Card3-00019.jpg,2917.06,769.07,2955.06,807.07,LAGU bird
high_resolution_photos/2015/Biloxi South/Belle Isle/17May15Camera2-Card3-00019.jpg,1227.74,779.69,1265.74,817.69,LAGU site
high_resolution_photos/2015/Biloxi South/Belle Isle/17May15Camera2-Card3-00019.jpg,1211.74,791.69,1249.74,829.69,LAGU site
high_resolution_photos/2015/Biloxi South/Belle Isle/17May15Camera2-Card3-00019.jpg,1243.74,791.69,1281.74,829.69,LAGU bird
high_resolution_photos/2015/Biloxi South/Belle Isle/17May15Camera2-Card3-00019.jpg,303.75,797.69,341.75,835.69,LAGU bird
high_resolution_photos/2015/Biloxi South/Belle Isle/17May15Camera2-Card3-00019.jpg,501.37,796.4,539.37,834.4,LAGU bird
high_resolution_photos/2015/Biloxi South/Belle Isle/17May15Camera2-Card3-00019.jpg,2391.73,799.69,2429.73,837.69,LAGU bird
high_resolution_photos/2015/Biloxi South/Belle Isle/17May15Camera2-Card3-00019.jpg,2387.73,803.69,2425.73,841.69,LAGU bird
high_resolution_photos/2015/Biloxi South/Belle Isle/17May15Camera2-Card3-00019.jpg,808.1,812.92,846.1,850.92,LAGU site
high_resolution_photos/2015/Biloxi South/Belle Isle/17May15Camera2-Card3-00019.jpg,90.6,819.49,128.6,857.49,LAGU site
high_resolution_photos/2015/Biloxi South/Belle Isle/17May15Camera2-Card3-00019.jpg,751.74,847.69,789.74,885.69,LAGU site
high_resolution_photos/2015/Biloxi South/Belle Isle/17May15Camera2-Card3-00019.jpg,253.6,821.2,291.6,859.2,LAGU bird
high_resolution_photos/2015/Biloxi South/Belle Isle/17May15Camera2-Card3-00019.jpg,1122.3,829.77,1160.3,867.77,LAGU site
high_resolution_photos/2015/Biloxi South/Belle Isle/17May15Camera2-Card3-00019.jpg,3057.88,822.35,3095.88,860.35,LAGU bird
high_resolution_photos/2015/Biloxi South/Belle Isle/17May15Camera2-Card3-00019.jpg,2438.51,837.58,2476.51,875.58,LAGU site
high_resolution_photos/2015/Biloxi South/Belle Isle/17May15Camera2-Card3-00019.jpg,691.75,823.69,729.75,861.69,LAGU site
high_resolution_photos/2015/Biloxi South/Belle Isle/17May15Camera2-Card3-00019.jpg,691.75,847.69,729.75,885.69,LAGU site
high_resolution_photos/2015/Biloxi South/Belle Isle/17May15Camera2-Card3-00019.jpg,2096.23,842.79,2134.23,880.79,LAGU bird
high_resolution_photos/2015/Biloxi South/Belle Isle/17May15Camera2-Card3-00019.jpg,431.75,843.69,469.75,881.69,LAGU site
high_resolution_photos/2015/Biloxi South/Belle Isle/17May15Camera2-Card3-00019.jpg,614.45,847.93,652.45,885.93,LAGU site
high_resolution_photos/2015/Biloxi South/Belle Isle/17May15Camera2-Card3-00019.jpg,923.18,848.0,961.18,886.0,LAGU site
high_resolution_photos/2015/Biloxi South/Belle Isle/17May15Camera2-Card3-00019.jpg,201.02,856.69,239.02,894.69,LAGU bird
high_resolution_photos/2015/Biloxi South/Belle Isle/17May15Camera2-Card3-00019.jpg,44.09,863.58,82.09,901.58,LAGU site
high_resolution_photos/2015/Biloxi South/Belle Isle/17May15Camera2-Card3-00019.jpg,495.38,863.62,533.38,901.62,LAGU site
high_resolution_photos/2015/Biloxi South/Belle Isle/17May15Camera2-Card3-00019.jpg,119.75,875.69,157.75,913.69,LAGU site
high_resolution_photos/2015/Biloxi South/Belle Isle/17May15Camera2-Card3-00019.jpg,119.75,915.69,157.75,953.69,LAGU site
high_resolution_photos/2015/Biloxi South/Belle Isle/17May15Camera2-Card3-00019.jpg,1055.38,873.05,1093.38,911.05,LAGU bird
high_resolution_photos/2015/Biloxi South/Belle Isle/17May15Camera2-Card3-00019.jpg,2383.52,881.16,2421.52,919.16,LAGU site
high_resolution_photos/2015/Biloxi South/Belle Isle/17May15Camera2-Card3-00019.jpg,710.8,889.24,748.8,927.24,LAGU bird
high_resolution_photos/2015/Biloxi South/Belle Isle/17May15Camera2-Card3-00019.jpg,2307.98,893.32,2345.98,931.32,LAGU site
high_resolution_photos/2015/Biloxi South/Belle Isle/17May15Camera2-Card3-00019.jpg,1007.74,891.69,1045.74,929.69,LAGU site
high_resolution_photos/2015/Biloxi South/Belle Isle/17May15Camera2-Card3-00019.jpg,991.74,895.69,1029.74,933.69,LAGU site
high_resolution_photos/2015/Biloxi South/Belle Isle/17May15Camera2-Card3-00019.jpg,2633.07,904.02,2671.07,942.02,LAGU site
high_resolution_photos/2015/Biloxi South/Belle Isle/17May15Camera2-Card3-00019.jpg,2863.73,903.69,2901.73,941.69,LAGU site
high_resolution_photos/2015/Biloxi South/Belle Isle/17May15Camera2-Card3-00019.jpg,1131.74,915.69,1169.74,953.69,LAGU site
high_resolution_photos/2015/Biloxi South/Belle Isle/17May15Camera2-Card3-00019.jpg,1127.74,919.69,1165.74,957.69,LAGU site
high_resolution_photos/2015/Biloxi South/Belle Isle/17May15Camera2-Card3-00019.jpg,1912.16,913.95,1950.16,951.95,Bird
high_resolution_photos/2015/Biloxi South/Belle Isle/17May15Camera2-Card3-00019.jpg,2757.94,909.05,2795.94,947.05,LAGU bird
high_resolution_photos/2015/Biloxi South/Belle Isle/17May15Camera2-Card3-00019.jpg,2924.28,911.63,2962.28,949.63,LAGU site
high_resolution_photos/2015/Biloxi South/Belle Isle/17May15Camera2-Card3-00019.jpg,2015.74,903.69,2053.74,941.69,LAGU site
high_resolution_photos/2015/Biloxi South/Belle Isle/17May15Camera2-Card3-00019.jpg,2011.74,919.69,2049.74,957.69,LAGU site
high_resolution_photos/2015/Biloxi South/Belle Isle/17May15Camera2-Card3-00019.jpg,219.22,933.12,257.22,971.12,LAGU site
high_resolution_photos/2015/Biloxi South/Belle Isle/17May15Camera2-Card3-00019.jpg,923.82,924.24,961.82,962.24,LAGU site
high_resolution_photos/2015/Biloxi South/Belle Isle/17May15Camera2-Card3-00019.jpg,2401.65,930.34,2439.65,968.34,LAGU bird
high_resolution_photos/2015/Biloxi South/Belle Isle/17May15Camera2-Card3-00019.jpg,841.25,933.66,879.25,971.66,LAGU site
high_resolution_photos/2015/Biloxi South/Belle Isle/17May15Camera2-Card3-00019.jpg,2131.29,941.42,2169.29,979.42,LAGU site
high_resolution_photos/2015/Biloxi South/Belle Isle/17May15Camera2-Card3-00019.jpg,1034.13,944.33,1072.13,982.33,LAGU site
high_resolution_photos/2015/Biloxi South/Belle Isle/17May15Camera2-Card3-00019.jpg,1219.81,944.21,1257.81,982.21,LAGU site
high_resolution_photos/2015/Biloxi South/Belle Isle/17May15Camera2-Card3-00019.jpg,608.65,948.29,646.65,986.29,LAGU site
high_resolution_photos/2015/Biloxi South/Belle Isle/17May15Camera2-Card3-00019.jpg,675.39,946.19,713.39,984.19,LAGU site
high_resolution_photos/2015/Biloxi South/Belle Isle/17May15Camera2-Card3-00019.jpg,1759.48,959.06,1797.48,997.06,LAGU site
high_resolution_photos/2015/Biloxi South/Belle Isle/17May15Camera2-Card3-00019.jpg,2799.73,959.69,2837.73,997.69,LAGU bird
high_resolution_photos/2015/Biloxi South/Belle Isle/17May15Camera2-Card3-00019.jpg,2795.73,963.69,2833.73,1001.69,LAGU bird
high_resolution_photos/2015/Biloxi South/Belle Isle/17May15Camera2-Card3-00019.jpg,2783.73,1011.69,2821.73,1049.69,LAGU bird
high_resolution_photos/2015/Biloxi South/Belle Isle/17May15Camera2-Card3-00019.jpg,2514.13,969.15,2552.13,1007.15,LAGU bird
high_resolution_photos/2015/Biloxi South/Belle Isle/17May15Camera2-Card3-00019.jpg,2931.73,967.69,2969.73,1005.69,LAGU site
high_resolution_photos/2015/Biloxi South/Belle Isle/17May15Camera2-Card3-00019.jpg,2885.06,978.35,2923.06,1016.35,LAGU bird
high_resolution_photos/2015/Biloxi South/Belle Isle/17May15Camera2-Card3-00019.jpg,87.75,979.69,125.75,1017.69,LAGU site
high_resolution_photos/2015/Biloxi South/Belle Isle/17May15Camera2-Card3-00019.jpg,2463.73,987.69,2501.73,1025.69,LAGU site
high_resolution_photos/2015/Biloxi South/Belle Isle/17May15Camera2-Card3-00019.jpg,2467.73,991.69,2505.73,1029.69,LAGU site
high_resolution_photos/2015/Biloxi South/Belle Isle/17May15Camera2-Card3-00019.jpg,2471.73,1003.69,2509.73,1041.69,LAGU bird
high_resolution_photos/2015/Biloxi South/Belle Isle/17May15Camera2-Card3-00019.jpg,3200.36,993.21,3238.36,1031.21,LAGU site
high_resolution_photos/2015/Biloxi South/Belle Isle/17May15Camera2-Card3-00019.jpg,967.74,999.69,1005.74,1037.69,LAGU site
high_resolution_photos/2015/Biloxi South/Belle Isle/17May15Camera2-Card3-00019.jpg,949.74,1015.69,987.74,1053.69,LAGU site
high_resolution_photos/2015/Biloxi South/Belle Isle/17May15Camera2-Card3-00019.jpg,1072.51,1000.81,1110.51,1038.81,LAGU site
high_resolution_photos/2015/Biloxi South/Belle Isle/17May15Camera2-Card3-00019.jpg,2239.35,1004.69,2277.35,1042.69,LAGU site
high_resolution_photos/2015/Biloxi South/Belle Isle/17May15Camera2-Card3-00019.jpg,2415.42,1013.35,2453.42,1051.35,LAGU site
high_resolution_photos/2015/Biloxi South/Belle Isle/17May15Camera2-Card3-00019.jpg,723.75,1015.69,761.75,1053.69,LAGU site
high_resolution_photos/2015/Biloxi South/Belle Isle/17May15Camera2-Card3-00019.jpg,757.74,1043.69,795.74,1081.69,LAGU bird
high_resolution_photos/2015/Biloxi South/Belle Isle/17May15Camera2-Card3-00019.jpg,3103.67,1013.72,3141.67,1051.72,LAGU site
high_resolution_photos/2015/Biloxi South/Belle Isle/17May15Camera2-Card3-00019.jpg,2855.79,1023.75,2893.79,1061.75,LAGU site
high_resolution_photos/2015/Biloxi South/Belle Isle/17May15Camera2-Card3-00019.jpg,2175.74,1039.69,2213.74,1077.69,LAGU site
high_resolution_photos/2015/Biloxi South/Belle Isle/17May15Camera2-Card3-00019.jpg,3257.7,1033.02,3295.7,1071.02,LAGU bird
high_resolution_photos/2015/Biloxi South/Belle Isle/17May15Camera2-Card3-00019.jpg,130.98,1037.79,168.98,1075.79,LAGU site
high_resolution_photos/2015/Biloxi South/Belle Isle/17May15Camera2-Card3-00019.jpg,2517.25,1039.99,2555.25,1077.99,LAGU site
high_resolution_photos/2015/Biloxi South/Belle Isle/17May15Camera2-Card3-00019.jpg,2811.73,1043.69,2849.73,1081.69,LAGU site
high_resolution_photos/2015/Biloxi South/Belle Isle/17May15Camera2-Card3-00019.jpg,2795.73,1059.69,2833.73,1097.69,LAGU site
high_resolution_photos/2015/Biloxi South/Belle Isle/17May15Camera2-Card3-00019.jpg,17.75,1051.69,55.75,1089.69,LAGU site
high_resolution_photos/2015/Biloxi South/Belle Isle/17May15Camera2-Card3-00019.jpg,1257.6,1044.62,1295.6,1082.62,LAGU site
high_resolution_photos/2015/Biloxi South/Belle Isle/17May15Camera2-Card3-00019.jpg,2460.18,1054.39,2498.18,1092.39,LAGU site
high_resolution_photos/2015/Biloxi South/Belle Isle/17May15Camera2-Card3-00019.jpg,2314.4,1054.35,2352.4,1092.35,LAGU bird
high_resolution_photos/2015/Biloxi South/Belle Isle/17May15Camera2-Card3-00019.jpg,2651.73,1055.69,2689.73,1093.69,LAGU site
high_resolution_photos/2015/Biloxi South/Belle Isle/17May15Camera2-Card3-00019.jpg,3078.71,1056.45,3116.71,1094.45,LAGU site
high_resolution_photos/2015/Biloxi South/Belle Isle/17May15Camera2-Card3-00019.jpg,3307.73,1056.61,3345.73,1094.61,LAGU site
high_resolution_photos/2015/Biloxi South/Belle Isle/17May15Camera2-Card3-00019.jpg,2387.19,1072.02,2425.19,1110.02,LAGU site
high_resolution_photos/2015/Biloxi South/Belle Isle/17May15Camera2-Card3-00019.jpg,1871.74,1063.69,1909.74,1101.69,LAGU site
high_resolution_photos/2015/Biloxi South/Belle Isle/17May15Camera2-Card3-00019.jpg,1873.74,1079.69,1911.74,1117.69,LAGU site
high_resolution_photos/2015/Biloxi South/Belle Isle/17May15Camera2-Card3-00019.jpg,1678.41,1086.35,1716.41,1124.35,LAGU site
high_resolution_photos/2015/Biloxi South/Belle Isle/17May15Camera2-Card3-00019.jpg,1655.74,1107.69,1693.74,1145.69,LAGU site
high_resolution_photos/2015/Biloxi South/Belle Isle/17May15Camera2-Card3-00019.jpg,2750.2,1093.69,2788.2,1131.69,LAGU site
high_resolution_photos/2015/Biloxi South/Belle Isle/17May15Camera2-Card3-00019.jpg,2995.12,1093.56,3033.12,1131.56,LAGU site
high_resolution_photos/2015/Biloxi South/Belle Isle/17May15Camera2-Card3-00019.jpg,1424.48,1100.34,1462.48,1138.34,LAGU site
high_resolution_photos/2015/Biloxi South/Belle Isle/17May15Camera2-Card3-00019.jpg,1472.51,1108.33,1510.51,1146.33,LAGU site
high_resolution_photos/2015/Biloxi South/Belle Isle/17May15Camera2-Card3-00019.jpg,1804.95,1104.69,1842.95,1142.69,LAGU site
high_resolution_photos/2015/Biloxi South/Belle Isle/17May15Camera2-Card3-00019.jpg,2556.16,1102.78,2594.16,1140.78,LAGU site
high_resolution_photos/2015/Biloxi South/Belle Isle/17May15Camera2-Card3-00019.jpg,2837.73,1107.69,2875.73,1145.69,LAGU site
high_resolution_photos/2015/Biloxi South/Belle Isle/17May15Camera2-Card3-00019.jpg,2855.73,1119.69,2893.73,1157.69,LAGU bird
high_resolution_photos/2015/Biloxi South/Belle Isle/17May15Camera2-Card3-00019.jpg,2060.57,1110.52,2098.57,1148.52,Bird
high_resolution_photos/2015/Biloxi South/Belle Isle/17May15Camera2-Card3-00019.jpg,2173.86,1112.98,2211.86,1150.98,LAGU bird
high_resolution_photos/2015/Biloxi South/Belle Isle/17May15Camera2-Card3-00019.jpg,3340.7,1112.49,3378.7,1150.49,LAGU site
high_resolution_photos/2015/Biloxi South/Belle Isle/17May15Camera2-Card3-00019.jpg,301.27,1124.7,339.27,1162.7,LAGU site
high_resolution_photos/2015/Biloxi South/Belle Isle/17May15Camera2-Card3-00019.jpg,1350.03,1116.16,1388.03,1154.16,LAGU site
high_resolution_photos/2015/Biloxi South/Belle Isle/17May15Camera2-Card3-00019.jpg,1735.74,1125.69,1773.74,1163.69,LAGU site
high_resolution_photos/2015/Biloxi South/Belle Isle/17May15Camera2-Card3-00019.jpg,1747.74,1139.69,1785.74,1177.69,LAGU bird
high_resolution_photos/2015/Biloxi South/Belle Isle/17May15Camera2-Card3-00019.jpg,3031.73,1135.69,3069.73,1173.69,LAGU site
high_resolution_photos/2015/Biloxi South/Belle Isle/17May15Camera2-Card3-00019.jpg,3209.78,1136.56,3247.78,1174.56,LAGU bird
high_resolution_photos/2015/Biloxi South/Belle Isle/17May15Camera2-Card3-00019.jpg,4630.36,1140.72,4668.36,1178.72,LAGU bird
high_resolution_photos/2015/Biloxi South/Belle Isle/17May15Camera2-Card3-00019.jpg,3369.81,1153.26,3407.81,1191.26,LAGU bird
high_resolution_photos/2015/Biloxi South/Belle Isle/17May15Camera2-Card3-00019.jpg,3077.73,1163.69,3115.73,1201.69,LAGU site
high_resolution_photos/2015/Biloxi South/Belle Isle/17May15Camera2-Card3-00019.jpg,3123.73,1159.69,3161.73,1197.69,LAGU site
high_resolution_photos/2015/Biloxi South/Belle Isle/17May15Camera2-Card3-00019.jpg,2112.92,1168.81,2150.92,1206.81,LAGU site
high_resolution_photos/2015/Biloxi South/Belle Isle/17May15Camera2-Card3-00019.jpg,2955.73,1175.69,2993.73,1213.69,LAGU site
high_resolution_photos/2015/Biloxi South/Belle Isle/17May15Camera2-Card3-00019.jpg,1438.72,1188.25,1476.72,1226.25,LAGU site
high_resolution_photos/2015/Biloxi South/Belle Isle/17May15Camera2-Card3-00019.jpg,2885.92,1190.2,2923.92,1228.2,LAGU bird
high_resolution_photos/2015/Biloxi South/Belle Isle/17May15Camera2-Card3-00019.jpg,634.96,1205.83,672.96,1243.83,LAGU site
high_resolution_photos/2015/Biloxi South/Belle Isle/17May15Camera2-Card3-00019.jpg,1172.7,1204.04,1210.7,1242.04,LAGU site
high_resolution_photos/2015/Biloxi South/Belle Isle/17May15Camera2-Card3-00019.jpg,1978.31,1216.31,2016.31,1254.31,LAGU site
high_resolution_photos/2015/Biloxi South/Belle Isle/17May15Camera2-Card3-00019.jpg,2179.34,1221.69,2217.34,1259.69,LAGU site
high_resolution_photos/2015/Biloxi South/Belle Isle/17May15Camera2-Card3-00019.jpg,2479.23,1214.85,2517.23,1252.85,LAGU site
high_resolution_photos/2015/Biloxi South/Belle Isle/17May15Camera2-Card3-00019.jpg,3410.73,1219.08,3448.73,1257.08,LAGU site
high_resolution_photos/2015/Biloxi South/Belle Isle/17May15Camera2-Card3-00019.jpg,3003.49,1223.33,3041.49,1261.33,LAGU site
high_resolution_photos/2015/Biloxi South/Belle Isle/17May15Camera2-Card3-00019.jpg,2911.73,1239.68,2949.73,1277.68,LAGU site
high_resolution_photos/2015/Biloxi South/Belle Isle/17May15Camera2-Card3-00019.jpg,2927.73,1247.68,2965.73,1285.68,LAGU bird
high_resolution_photos/2015/Biloxi South/Belle Isle/17May15Camera2-Card3-00019.jpg,2371.73,1243.69,2409.73,1281.69,LAGU site
high_resolution_photos/2015/Biloxi South/Belle Isle/17May15Camera2-Card3-00019.jpg,2355.73,1259.69,2393.73,1297.69,LAGU site
high_resolution_photos/2015/Biloxi South/Belle Isle/17May15Camera2-Card3-00019.jpg,2595.6,1249.09,2633.6,1287.09,LAGU site
high_resolution_photos/2015/Biloxi South/Belle Isle/17May15Camera2-Card3-00019.jpg,1979.74,1255.69,2017.74,1293.69,LAGU site
high_resolution_photos/2015/Biloxi South/Belle Isle/17May15Camera2-Card3-00019.jpg,1963.74,1259.69,2001.74,1297.69,LAGU site
high_resolution_photos/2015/Biloxi South/Belle Isle/17May15Camera2-Card3-00019.jpg,2715.47,1269.46,2753.47,1307.46,LAGU site
high_resolution_photos/2015/Biloxi South/Belle Isle/17May15Camera2-Card3-00019.jpg,1519.15,1273.09,1557.15,1311.09,LAGU site
high_resolution_photos/2015/Biloxi South/Belle Isle/17May15Camera2-Card3-00019.jpg,2493.07,1274.35,2531.07,1312.35,LAGU site
high_resolution_photos/2015/Biloxi South/Belle Isle/17May15Camera2-Card3-00019.jpg,2507.73,1295.68,2545.73,1333.68,LAGU bird
high_resolution_photos/2015/Biloxi South/Belle Isle/17May15Camera2-Card3-00019.jpg,3640.19,1272.45,3678.19,1310.45,LAGU site
high_resolution_photos/2015/Biloxi South/Belle Isle/17May15Camera2-Card3-00019.jpg,2963.53,1283.41,3001.53,1321.41,LAGU site
high_resolution_photos/2015/Biloxi South/Belle Isle/17May15Camera2-Card3-00019.jpg,2408.62,1286.2,2446.62,1324.2,LAGU site
high_resolution_photos/2015/Biloxi South/Belle Isle/17May15Camera2-Card3-00019.jpg,2903.3,1291.26,2941.3,1329.26,LAGU site
high_resolution_photos/2015/Biloxi South/Belle Isle/17May15Camera2-Card3-00019.jpg,3198.13,1293.95,3236.13,1331.95,LAGU bird
high_resolution_photos/2015/Biloxi South/Belle Isle/17May15Camera2-Card3-00019.jpg,2114.0,1303.63,2152.0,1341.63,LAGU site
high_resolution_photos/2015/Biloxi South/Belle Isle/17May15Camera2-Card3-00019.jpg,2643.73,1307.68,2681.73,1345.68,LAGU site
high_resolution_photos/2015/Biloxi South/Belle Isle/17May15Camera2-Card3-00019.jpg,2647.73,1311.68,2685.73,1349.68,LAGU site
high_resolution_photos/2015/Biloxi South/Belle Isle/17May15Camera2-Card3-00019.jpg,2817.77,1305.65,2855.77,1343.65,LAGU site
high_resolution_photos/2015/Biloxi South/Belle Isle/17May15Camera2-Card3-00019.jpg,1664.05,1313.53,1702.05,1351.53,LAGU site
high_resolution_photos/2015/Biloxi South/Belle Isle/17May15Camera2-Card3-00019.jpg,1329.62,1316.16,1367.62,1354.16,LAGU site
high_resolution_photos/2015/Biloxi South/Belle Isle/17May15Camera2-Card3-00019.jpg,1990.89,1328.47,2028.89,1366.47,LAGU site
high_resolution_photos/2015/Biloxi South/Belle Isle/17May15Camera2-Card3-00019.jpg,2755.03,1329.63,2793.03,1367.63,LAGU site
high_resolution_photos/2015/Biloxi South/Belle Isle/17May15Camera2-Card3-00019.jpg,1791.32,1336.79,1829.32,1374.79,LAGU site
high_resolution_photos/2015/Biloxi South/Belle Isle/17May15Camera2-Card3-00019.jpg,3057.42,1339.33,3095.42,1377.33,LAGU site
high_resolution_photos/2015/Biloxi South/Belle Isle/17May15Camera2-Card3-00019.jpg,3146.86,1341.65,3184.86,1379.65,LAGU site
high_resolution_photos/2015/Biloxi South/Belle Isle/17May15Camera2-Card3-00019.jpg,1434.74,1353.19,1472.74,1391.19,LAGU site
high_resolution_photos/2015/Biloxi South/Belle Isle/17May15Camera2-Card3-00019.jpg,2710.68,1349.02,2748.68,1387.02,LAGU site
high_resolution_photos/2015/Biloxi South/Belle Isle/17May15Camera2-Card3-00019.jpg,2046.98,1364.28,2084.98,1402.28,LAGU site
high_resolution_photos/2015/Biloxi South/Belle Isle/17May15Camera2-Card3-00019.jpg,806.8,1367.28,844.8,1405.28,LAGU site
high_resolution_photos/2015/Biloxi South/Belle Isle/17May15Camera2-Card3-00019.jpg,2888.8,1365.11,2926.8,1403.11,LAGU site
high_resolution_photos/2015/Biloxi South/Belle Isle/17May15Camera2-Card3-00019.jpg,3765.73,1379.68,3803.73,1417.68,LAGU site
high_resolution_photos/2015/Biloxi South/Belle Isle/17May15Camera2-Card3-00019.jpg,2822.22,1379.68,2860.22,1417.68,LAGU site
high_resolution_photos/2015/Biloxi South/Belle Isle/17May15Camera2-Card3-00019.jpg,1481.44,1393.05,1519.44,1431.05,LAGU site
high_resolution_photos/2015/Biloxi South/Belle Isle/17May15Camera2-Card3-00019.jpg,1863.74,1395.69,1901.74,1433.69,LAGU site
high_resolution_photos/2015/Biloxi South/Belle Isle/17May15Camera2-Card3-00019.jpg,1879.74,1403.68,1917.74,1441.68,LAGU bird
high_resolution_photos/2015/Biloxi South/Belle Isle/17May15Camera2-Card3-00019.jpg,2087.03,1398.15,2125.03,1436.15,LAGU site
high_resolution_photos/2015/Biloxi South/Belle Isle/17May15Camera2-Card3-00019.jpg,103.75,1407.34,141.75,1445.34,LAGU site
high_resolution_photos/2015/Biloxi South/Belle Isle/17May15Camera2-Card3-00019.jpg,2184.38,1407.51,2222.38,1445.51,LAGU site
high_resolution_photos/2015/Biloxi South/Belle Isle/17May15Camera2-Card3-00019.jpg,2595.85,1412.94,2633.85,1450.94,LAGU site
high_resolution_photos/2015/Biloxi South/Belle Isle/17May15Camera2-Card3-00019.jpg,3810.43,1408.36,3848.43,1446.36,LAGU site
high_resolution_photos/2015/Biloxi South/Belle Isle/17May15Camera2-Card3-00019.jpg,1615.19,1414.23,1653.19,1452.23,LAGU site
high_resolution_photos/2015/Biloxi South/Belle Isle/17May15Camera2-Card3-00019.jpg,20.92,1432.58,58.92,1470.58,LAGU site
high_resolution_photos/2015/Biloxi South/Belle Isle/17May15Camera2-Card3-00019.jpg,1010.23,1432.79,1048.23,1470.79,LAGU site
high_resolution_photos/2015/Biloxi South/Belle Isle/17May15Camera2-Card3-00019.jpg,1415.24,1440.26,1453.24,1478.26,LAGU site
high_resolution_photos/2015/Biloxi South/Belle Isle/17May15Camera2-Card3-00019.jpg,1699.38,1440.9,1737.38,1478.9,LAGU site
high_resolution_photos/2015/Biloxi South/Belle Isle/17May15Camera2-Card3-00019.jpg,2351.73,1443.68,2389.73,1481.68,LAGU site
high_resolution_photos/2015/Biloxi South/Belle Isle/17May15Camera2-Card3-00019.jpg,2333.73,1459.68,2371.73,1497.68,LAGU site
high_resolution_photos/2015/Biloxi South/Belle Isle/17May15Camera2-Card3-00019.jpg,3273.42,1437.61,3311.42,1475.61,LAGU bird
high_resolution_photos/2015/Biloxi South/Belle Isle/17May15Camera2-Card3-00019.jpg,891.33,1448.24,929.33,1486.24,LAGU site
high_resolution_photos/2015/Biloxi South/Belle Isle/17May15Camera2-Card3-00019.jpg,3731.73,1447.68,3769.73,1485.68,LAGU site
high_resolution_photos/2015/Biloxi South/Belle Isle/17May15Camera2-Card3-00019.jpg,3735.73,1493.68,3773.73,1531.68,LAGU bird
high_resolution_photos/2015/Biloxi South/Belle Isle/17May15Camera2-Card3-00019.jpg,1517.1,1457.54,1555.1,1495.54,LAGU site
high_resolution_photos/2015/Biloxi South/Belle Isle/17May15Camera2-Card3-00019.jpg,2205.93,1460.73,2243.93,1498.73,LAGU bird
high_resolution_photos/2015/Biloxi South/Belle Isle/17May15Camera2-Card3-00019.jpg,2539.73,1455.68,2577.73,1493.68,LAGU site
high_resolution_photos/2015/Biloxi South/Belle Isle/17May15Camera2-Card3-00019.jpg,2523.73,1467.68,2561.73,1505.68,LAGU site
high_resolution_photos/2015/Biloxi South/Belle Isle/17May15Camera2-Card3-00019.jpg,2279.85,1469.42,2317.85,1507.42,LAGU site
high_resolution_photos/2015/Biloxi South/Belle Isle/17May15Camera2-Card3-00019.jpg,2586.53,1465.32,2624.53,1503.32,LAGU site
high_resolution_photos/2015/Biloxi South/Belle Isle/17May15Camera2-Card3-00019.jpg,3519.33,1463.88,3557.33,1501.88,LAGU site
high_resolution_photos/2015/Biloxi South/Belle Isle/17May15Camera2-Card3-00019.jpg,4063.44,1471.29,4101.44,1509.29,LAGU site
high_resolution_photos/2015/Biloxi South/Belle Isle/17May15Camera2-Card3-00019.jpg,3079.73,1483.68,3117.73,1521.68,LAGU site
high_resolution_photos/2015/Biloxi South/Belle Isle/17May15Camera2-Card3-00019.jpg,3083.73,1487.68,3121.73,1525.68,LAGU site
high_resolution_photos/2015/Biloxi South/Belle Isle/17May15Camera2-Card3-00019.jpg,3087.73,1491.68,3125.73,1529.68,LAGU bird
high_resolution_photos/2015/Biloxi South/Belle Isle/17May15Camera2-Card3-00019.jpg,1653.17,1494.02,1691.17,1532.02,LAGU site
high_resolution_photos/2015/Biloxi South/Belle Isle/17May15Camera2-Card3-00019.jpg,2544.09,1502.85,2582.09,1540.85,LAGU site
high_resolution_photos/2015/Biloxi South/Belle Isle/17May15Camera2-Card3-00019.jpg,866.23,1517.38,904.23,1555.38,LAGU site
high_resolution_photos/2015/Biloxi South/Belle Isle/17May15Camera2-Card3-00019.jpg,1247.66,1520.7,1285.66,1558.7,LAGU site
high_resolution_photos/2015/Biloxi South/Belle Isle/17May15Camera2-Card3-00019.jpg,3245.06,1565.02,3283.06,1603.02,LAGU site
high_resolution_photos/2015/Biloxi South/Belle Isle/17May15Camera2-Card3-00019.jpg,3275.73,1575.68,3313.73,1613.68,LAGU bird
high_resolution_photos/2015/Biloxi South/Belle Isle/17May15Camera2-Card3-00019.jpg,1076.4,1526.19,1114.4,1564.19,LAGU site
high_resolution_photos/2015/Biloxi South/Belle Isle/17May15Camera2-Card3-00019.jpg,3535.12,1527.02,3573.12,1565.02,LAGU site
high_resolution_photos/2015/Biloxi South/Belle Isle/17May15Camera2-Card3-00019.jpg,1765.87,1538.06,1803.87,1576.06,LAGU site
high_resolution_photos/2015/Biloxi South/Belle Isle/17May15Camera2-Card3-00019.jpg,2729.73,1530.48,2767.73,1568.48,LAGU site
high_resolution_photos/2015/Biloxi South/Belle Isle/17May15Camera2-Card3-00019.jpg,53.63,1547.49,91.63,1585.49,LAGU bird
high_resolution_photos/2015/Biloxi South/Belle Isle/17May15Camera2-Card3-00019.jpg,907.68,1543.15,945.68,1581.15,LAGU site
high_resolution_photos/2015/Biloxi South/Belle Isle/17May15Camera2-Card3-00019.jpg,3447.73,1539.68,3485.73,1577.68,LAGU site
high_resolution_photos/2015/Biloxi South/Belle Isle/17May15Camera2-Card3-00019.jpg,3447.73,1557.68,3485.73,1595.68,LAGU bird
high_resolution_photos/2015/Biloxi South/Belle Isle/17May15Camera2-Card3-00019.jpg,3585.73,1559.68,3623.73,1597.68,LAGU site
high_resolution_photos/2015/Biloxi South/Belle Isle/17May15Camera2-Card3-00019.jpg,3571.73,1563.68,3609.73,1601.68,LAGU site
high_resolution_photos/2015/Biloxi South/Belle Isle/17May15Camera2-Card3-00019.jpg,3591.73,1563.68,3629.73,1601.68,LAGU site
high_resolution_photos/2015/Biloxi South/Belle Isle/17May15Camera2-Card3-00019.jpg,2232.0,1573.65,2270.0,1611.65,LAGU site
high_resolution_photos/2015/Biloxi South/Belle Isle/17May15Camera2-Card3-00019.jpg,3859.66,1576.1,3897.66,1614.1,LAGU site
high_resolution_photos/2015/Biloxi South/Belle Isle/17May15Camera2-Card3-00019.jpg,279.75,1625.69,317.75,1663.69,LAGU site
high_resolution_photos/2015/Biloxi South/Belle Isle/17May15Camera2-Card3-00019.jpg,417.19,1581.35,455.19,1619.35,LAGU bird
high_resolution_photos/2015/Biloxi South/Belle Isle/17May15Camera2-Card3-00019.jpg,1696.77,1584.78,1734.77,1622.78,LAGU site
high_resolution_photos/2015/Biloxi South/Belle Isle/17May15Camera2-Card3-00019.jpg,3107.96,1589.34,3145.96,1627.34,LAGU site
high_resolution_photos/2015/Biloxi South/Belle Isle/17May15Camera2-Card3-00019.jpg,3179.99,1585.06,3217.99,1623.06,LAGU site
high_resolution_photos/2015/Biloxi South/Belle Isle/17May15Camera2-Card3-00019.jpg,462.91,1592.98,500.91,1630.98,LAGU site
high_resolution_photos/2015/Biloxi South/Belle Isle/17May15Camera2-Card3-00019.jpg,1959.74,1607.68,1997.74,1645.68,LAGU site
high_resolution_photos/2015/Biloxi South/Belle Isle/17May15Camera2-Card3-00019.jpg,2374.07,1600.49,2412.07,1638.49,LAGU site
high_resolution_photos/2015/Biloxi South/Belle Isle/17May15Camera2-Card3-00019.jpg,3007.24,1604.31,3045.24,1642.31,LAGU site
high_resolution_photos/2015/Biloxi South/Belle Isle/17May15Camera2-Card3-00019.jpg,1404.22,1619.27,1442.22,1657.27,LAGU site
high_resolution_photos/2015/Biloxi South/Belle Isle/17May15Camera2-Card3-00019.jpg,4240.01,1613.57,4278.01,1651.57,LAGU site
high_resolution_photos/2015/Biloxi South/Belle Isle/17May15Camera2-Card3-00019.jpg,1598.9,1621.37,1636.9,1659.37,LAGU site
high_resolution_photos/2015/Biloxi South/Belle Isle/17May15Camera2-Card3-00019.jpg,2067.74,1631.68,2105.74,1669.68,LAGU site
high_resolution_photos/2015/Biloxi South/Belle Isle/17May15Camera2-Card3-00019.jpg,2057.07,1666.35,2095.07,1704.35,LAGU bird
high_resolution_photos/2015/Biloxi South/Belle Isle/17May15Camera2-Card3-00019.jpg,4151.5,1632.51,4189.5,1670.51,LAGU site
high_resolution_photos/2015/Biloxi South/Belle Isle/17May15Camera2-Card3-00019.jpg,3703.8,1640.3,3741.8,1678.3,LAGU site
high_resolution_photos/2015/Biloxi South/Belle Isle/17May15Camera2-Card3-00019.jpg,3798.41,1643.06,3836.41,1681.06,LAGU site
high_resolution_photos/2015/Biloxi South/Belle Isle/17May15Camera2-Card3-00019.jpg,3947.18,1635.0,3985.18,1673.0,LAGU bird
high_resolution_photos/2015/Biloxi South/Belle Isle/17May15Camera2-Card3-00019.jpg,1027.53,1645.72,1065.53,1683.72,LAGU site
high_resolution_photos/2015/Biloxi South/Belle Isle/17May15Camera2-Card3-00019.jpg,3444.52,1653.2,3482.52,1691.2,LAGU site
high_resolution_photos/2015/Biloxi South/Belle Isle/17May15Camera2-Card3-00019.jpg,921.85,1660.87,959.85,1698.87,LAGU bird
high_resolution_photos/2015/Biloxi South/Belle Isle/17May15Camera2-Card3-00019.jpg,2267.74,1639.68,2305.74,1677.68,LAGU site
high_resolution_photos/2015/Biloxi South/Belle Isle/17May15Camera2-Card3-00019.jpg,2265.74,1655.68,2303.74,1693.68,LAGU site
high_resolution_photos/2015/Biloxi South/Belle Isle/17May15Camera2-Card3-00019.jpg,3353.14,1657.82,3391.14,1695.82,LAGU site
high_resolution_photos/2015/Biloxi South/Belle Isle/17May15Camera2-Card3-00019.jpg,4543.79,1659.89,4581.79,1697.89,LAGU site
high_resolution_photos/2015/Biloxi South/Belle Isle/17May15Camera2-Card3-00019.jpg,2688.16,1670.14,2726.16,1708.14,LAGU site
high_resolution_photos/2015/Biloxi South/Belle Isle/17May15Camera2-Card3-00019.jpg,2959.22,1662.2,2997.22,1700.2,LAGU site
high_resolution_photos/2015/Biloxi South/Belle Isle/17May15Camera2-Card3-00019.jpg,4000.11,1661.44,4038.11,1699.44,LAGU bird
high_resolution_photos/2015/Biloxi South/Belle Isle/17May15Camera2-Card3-00019.jpg,1959.91,1673.57,1997.91,1711.57,LAGU site
high_resolution_photos/2015/Biloxi South/Belle Isle/17May15Camera2-Card3-00019.jpg,2359.87,1669.55,2397.87,1707.55,LAGU site
high_resolution_photos/2015/Biloxi South/Belle Isle/17May15Camera2-Card3-00019.jpg,1579.66,1689.64,1617.66,1727.64,LAGU site
high_resolution_photos/2015/Biloxi South/Belle Isle/17May15Camera2-Card3-00019.jpg,3413.66,1689.27,3451.66,1727.27,LAGU site
high_resolution_photos/2015/Biloxi South/Belle Isle/17May15Camera2-Card3-00019.jpg,3537.06,1688.61,3575.06,1726.61,LAGU site
high_resolution_photos/2015/Biloxi South/Belle Isle/17May15Camera2-Card3-00019.jpg,4498.39,1710.35,4536.39,1748.35,LAGU site
high_resolution_photos/2015/Biloxi South/Belle Isle/17May15Camera2-Card3-00019.jpg,4491.72,1723.68,4529.72,1761.68,LAGU site
high_resolution_photos/2015/Biloxi South/Belle Isle/17May15Camera2-Card3-00019.jpg,1695.74,1713.75,1733.74,1751.75,LAGU site
high_resolution_photos/2015/Biloxi South/Belle Isle/17May15Camera2-Card3-00019.jpg,2779.79,1715.52,2817.79,1753.52,LAGU site
high_resolution_photos/2015/Biloxi South/Belle Isle/17May15Camera2-Card3-00019.jpg,3336.11,1720.96,3374.11,1758.96,LAGU site
high_resolution_photos/2015/Biloxi South/Belle Isle/17May15Camera2-Card3-00019.jpg,1273.74,1723.68,1311.74,1761.68,LAGU site
high_resolution_photos/2015/Biloxi South/Belle Isle/17May15Camera2-Card3-00019.jpg,1259.74,1727.68,1297.74,1765.68,LAGU site
high_resolution_photos/2015/Biloxi South/Belle Isle/17May15Camera2-Card3-00019.jpg,2187.74,1727.68,2225.74,1765.68,LAGU site
high_resolution_photos/2015/Biloxi South/Belle Isle/17May15Camera2-Card3-00019.jpg,2177.74,1759.68,2215.74,1797.68,LAGU bird
high_resolution_photos/2015/Biloxi South/Belle Isle/17May15Camera2-Card3-00019.jpg,2515.32,1727.32,2553.32,1765.32,LAGU site
high_resolution_photos/2015/Biloxi South/Belle Isle/17May15Camera2-Card3-00019.jpg,2703.73,1755.68,2741.73,1793.68,LAGU site
high_resolution_photos/2015/Biloxi South/Belle Isle/17May15Camera2-Card3-00019.jpg,1472.63,1740.29,1510.63,1778.29,LAGU site
high_resolution_photos/2015/Biloxi South/Belle Isle/17May15Camera2-Card3-00019.jpg,3044.81,1739.3,3082.81,1777.3,LAGU bird
high_resolution_photos/2015/Biloxi South/Belle Isle/17May15Camera2-Card3-00019.jpg,3108.3,1730.05,3146.3,1768.05,LAGU site
high_resolution_photos/2015/Biloxi South/Belle Isle/17May15Camera2-Card3-00019.jpg,4883.72,1779.68,4921.72,1817.68,LAGU site
high_resolution_photos/2015/Biloxi South/Belle Isle/17May15Camera2-Card3-00019.jpg,4566.87,1743.61,4604.87,1781.61,LAGU site
high_resolution_photos/2015/Biloxi South/Belle Isle/17May15Camera2-Card3-00019.jpg,889.74,1751.68,927.74,1789.68,LAGU site
high_resolution_photos/2015/Biloxi South/Belle Isle/17May15Camera2-Card3-00019.jpg,875.75,1755.68,913.75,1793.68,LAGU site
high_resolution_photos/2015/Biloxi South/Belle Isle/17May15Camera2-Card3-00019.jpg,1831.74,1731.68,1869.74,1769.68,LAGU site
high_resolution_photos/2015/Biloxi South/Belle Isle/17May15Camera2-Card3-00019.jpg,1835.74,1751.68,1873.74,1789.68,LAGU bird
high_resolution_photos/2015/Biloxi South/Belle Isle/17May15Camera2-Card3-00019.jpg,1871.74,1779.68,1909.74,1817.68,LAGU site
high_resolution_photos/2015/Biloxi South/Belle Isle/17May15Camera2-Card3-00019.jpg,971.95,1757.44,1009.95,1795.44,LAGU site
high_resolution_photos/2015/Biloxi South/Belle Isle/17May15Camera2-Card3-00019.jpg,1999.74,1739.68,2037.74,1777.68,LAGU site
high_resolution_photos/2015/Biloxi South/Belle Isle/17May15Camera2-Card3-00019.jpg,2001.74,1755.68,2039.74,1793.68,LAGU site
high_resolution_photos/2015/Biloxi South/Belle Isle/17May15Camera2-Card3-00019.jpg,2614.99,1761.28,2652.99,1799.28,LAGU site
high_resolution_photos/2015/Biloxi South/Belle Isle/17May15Camera2-Card3-00019.jpg,4455.54,1768.93,4493.54,1806.93,LAGU site
high_resolution_photos/2015/Biloxi South/Belle Isle/17May15Camera2-Card3-00019.jpg,1411.26,1781.28,1449.26,1819.28,LAGU site
high_resolution_photos/2015/Biloxi South/Belle Isle/17May15Camera2-Card3-00019.jpg,1586.21,1774.15,1624.21,1812.15,LAGU bird
high_resolution_photos/2015/Biloxi South/Belle Isle/17May15Camera2-Card3-00019.jpg,2111.74,1779.68,2149.74,1817.68,LAGU bird
high_resolution_photos/2015/Biloxi South/Belle Isle/17May15Camera2-Card3-00019.jpg,3379.73,1777.98,3417.73,1815.98,LAGU site
high_resolution_photos/2015/Biloxi South/Belle Isle/17May15Camera2-Card3-00019.jpg,4507.72,1787.68,4545.72,1825.68,LAGU site
high_resolution_photos/2015/Biloxi South/Belle Isle/17May15Camera2-Card3-00019.jpg,4493.72,1803.68,4531.72,1841.68,LAGU site
high_resolution_photos/2015/Biloxi South/Belle Isle/17May15Camera2-Card3-00019.jpg,2316.45,1789.82,2354.45,1827.82,LAGU bird
high_resolution_photos/2015/Biloxi South/Belle Isle/17May15Camera2-Card3-00019.jpg,573.63,1805.45,611.63,1843.45,LAGU site
high_resolution_photos/2015/Biloxi South/Belle Isle/17May15Camera2-Card3-00019.jpg,2015.74,1807.68,2053.74,1845.68,LAGU site
high_resolution_photos/2015/Biloxi South/Belle Isle/17May15Camera2-Card3-00019.jpg,1969.74,1819.68,2007.74,1857.68,LAGU site
high_resolution_photos/2015/Biloxi South/Belle Isle/17May15Camera2-Card3-00019.jpg,2614.3,1805.07,2652.3,1843.07,LAGU bird
high_resolution_photos/2015/Biloxi South/Belle Isle/17May15Camera2-Card3-00019.jpg,3063.73,1791.68,3101.73,1829.68,LAGU site
high_resolution_photos/2015/Biloxi South/Belle Isle/17May15Camera2-Card3-00019.jpg,3063.73,1807.68,3101.73,1845.68,LAGU site
high_resolution_photos/2015/Biloxi South/Belle Isle/17May15Camera2-Card3-00019.jpg,3569.06,1799.15,3607.06,1837.15,LAGU site
high_resolution_photos/2015/Biloxi South/Belle Isle/17May15Camera2-Card3-00019.jpg,3476.6,1819.39,3514.6,1857.39,LAGU site
high_resolution_photos/2015/Biloxi South/Belle Isle/17May15Camera2-Card3-00019.jpg,2207.74,1831.68,2245.74,1869.68,LAGU site
high_resolution_photos/2015/Biloxi South/Belle Isle/17May15Camera2-Card3-00019.jpg,2491.73,1831.68,2529.73,1869.68,LAGU bird
high_resolution_photos/2015/Biloxi South/Belle Isle/17May15Camera2-Card3-00019.jpg,4075.72,1819.68,4113.72,1857.68,LAGU site
high_resolution_photos/2015/Biloxi South/Belle Isle/17May15Camera2-Card3-00019.jpg,4107.72,1835.68,4145.72,1873.68,LAGU bird
high_resolution_photos/2015/Biloxi South/Belle Isle/17May15Camera2-Card3-00019.jpg,1587.74,1819.68,1625.74,1857.68,LAGU site
high_resolution_photos/2015/Biloxi South/Belle Isle/17May15Camera2-Card3-00019.jpg,1585.74,1835.68,1623.74,1873.68,LAGU site
high_resolution_photos/2015/Biloxi South/Belle Isle/17May15Camera2-Card3-00019.jpg,1601.74,1851.68,1639.74,1889.68,LAGU bird
high_resolution_photos/2015/Biloxi South/Belle Isle/17May15Camera2-Card3-00019.jpg,2101.74,1871.68,2139.74,1909.68,LAGU site
high_resolution_photos/2015/Biloxi South/Belle Isle/17May15Camera2-Card3-00019.jpg,2039.74,1915.68,2077.74,1953.68,LAGU bird
high_resolution_photos/2015/Biloxi South/Belle Isle/17May15Camera2-Card3-00019.jpg,3098.04,1826.53,3136.04,1864.53,LAGU site
high_resolution_photos/2015/Biloxi South/Belle Isle/17May15Camera2-Card3-00019.jpg,3169.99,1832.74,3207.99,1870.74,LAGU site
high_resolution_photos/2015/Biloxi South/Belle Isle/17May15Camera2-Card3-00019.jpg,4635.72,1832.81,4673.72,1870.81,LAGU site
high_resolution_photos/2015/Biloxi South/Belle Isle/17May15Camera2-Card3-00019.jpg,776.73,1848.74,814.73,1886.74,LAGU site
high_resolution_photos/2015/Biloxi South/Belle Isle/17May15Camera2-Card3-00019.jpg,2789.82,1850.38,2827.82,1888.38,LAGU site
high_resolution_photos/2015/Biloxi South/Belle Isle/17May15Camera2-Card3-00019.jpg,4691.87,1848.21,4729.87,1886.21,LAGU site
high_resolution_photos/2015/Biloxi South/Belle Isle/17May15Camera2-Card3-00019.jpg,2254.82,1861.84,2292.82,1899.84,LAGU site
high_resolution_photos/2015/Biloxi South/Belle Isle/17May15Camera2-Card3-00019.jpg,2668.56,1860.77,2706.56,1898.77,LAGU site
high_resolution_photos/2015/Biloxi South/Belle Isle/17May15Camera2-Card3-00019.jpg,2876.61,1861.32,2914.61,1899.32,LAGU site
high_resolution_photos/2015/Biloxi South/Belle Isle/17May15Camera2-Card3-00019.jpg,3426.62,1860.24,3464.62,1898.24,LAGU bird
high_resolution_photos/2015/Biloxi South/Belle Isle/17May15Camera2-Card3-00019.jpg,3856.28,1846.47,3894.28,1884.47,LAGU site
high_resolution_photos/2015/Biloxi South/Belle Isle/17May15Camera2-Card3-00019.jpg,4347.49,1855.34,4385.49,1893.34,LAGU site
high_resolution_photos/2015/Biloxi South/Belle Isle/17May15Camera2-Card3-00019.jpg,4414.98,1856.05,4452.98,1894.05,LAGU site
high_resolution_photos/2015/Biloxi South/Belle Isle/17May15Camera2-Card3-00019.jpg,1482.13,1863.36,1520.13,1901.36,LAGU site
high_resolution_photos/2015/Biloxi South/Belle Isle/17May15Camera2-Card3-00019.jpg,2451.5,1865.23,2489.5,1903.23,LAGU site
high_resolution_photos/2015/Biloxi South/Belle Isle/17May15Camera2-Card3-00019.jpg,2999.73,1869.68,3037.73,1907.68,LAGU site
high_resolution_photos/2015/Biloxi South/Belle Isle/17May15Camera2-Card3-00019.jpg,3011.73,1883.68,3049.73,1921.68,LAGU bird
high_resolution_photos/2015/Biloxi South/Belle Isle/17May15Camera2-Card3-00019.jpg,3955.72,1863.68,3993.72,1901.68,LAGU site
high_resolution_photos/2015/Biloxi South/Belle Isle/17May15Camera2-Card3-00019.jpg,3969.72,1863.68,4007.72,1901.68,LAGU site
high_resolution_photos/2015/Biloxi South/Belle Isle/17May15Camera2-Card3-00019.jpg,4015.72,1871.68,4053.72,1909.68,LAGU bird
high_resolution_photos/2015/Biloxi South/Belle Isle/17May15Camera2-Card3-00019.jpg,4591.72,1861.68,4629.72,1899.68,LAGU site
high_resolution_photos/2015/Biloxi South/Belle Isle/17May15Camera2-Card3-00019.jpg,4623.72,1899.68,4661.72,1937.68,LAGU site
high_resolution_photos/2015/Biloxi South/Belle Isle/17May15Camera2-Card3-00019.jpg,4959.96,1895.2,4997.96,1933.2,LAGU site
high_resolution_photos/2015/Biloxi South/Belle Isle/17May15Camera2-Card3-00019.jpg,2183.74,1903.68,2221.74,1941.68,LAGU site
high_resolution_photos/2015/Biloxi South/Belle Isle/17May15Camera2-Card3-00019.jpg,2179.74,1907.68,2217.74,1945.68,LAGU site
high_resolution_photos/2015/Biloxi South/Belle Isle/17May15Camera2-Card3-00019.jpg,2567.06,1896.73,2605.06,1934.73,LAGU site
high_resolution_photos/2015/Biloxi South/Belle Isle/17May15Camera2-Card3-00019.jpg,3535.73,1895.68,3573.73,1933.68,LAGU site
high_resolution_photos/2015/Biloxi South/Belle Isle/17May15Camera2-Card3-00019.jpg,3574.39,1918.35,3612.39,1956.35,LAGU site
high_resolution_photos/2015/Biloxi South/Belle Isle/17May15Camera2-Card3-00019.jpg,4107.06,1895.41,4145.06,1933.41,LAGU site
high_resolution_photos/2015/Biloxi South/Belle Isle/17May15Camera2-Card3-00019.jpg,4540.59,1902.52,4578.59,1940.52,LAGU site
high_resolution_photos/2015/Biloxi South/Belle Isle/17May15Camera2-Card3-00019.jpg,4673.72,1899.68,4711.72,1937.68,LAGU site
high_resolution_photos/2015/Biloxi South/Belle Isle/17May15Camera2-Card3-00019.jpg,1918.4,1906.35,1956.4,1944.35,LAGU bird
high_resolution_photos/2015/Biloxi South/Belle Isle/17May15Camera2-Card3-00019.jpg,1921.74,1951.68,1959.74,1989.68,LAGU site
high_resolution_photos/2015/Biloxi South/Belle Isle/17May15Camera2-Card3-00019.jpg,4047.84,1905.35,4085.84,1943.35,LAGU site
high_resolution_photos/2015/Biloxi South/Belle Isle/17May15Camera2-Card3-00019.jpg,4428.94,1909.88,4466.94,1947.88,LAGU site
high_resolution_photos/2015/Biloxi South/Belle Isle/17May15Camera2-Card3-00019.jpg,1423.68,1911.62,1461.68,1949.62,LAGU site
high_resolution_photos/2015/Biloxi South/Belle Isle/17May15Camera2-Card3-00019.jpg,1769.06,1909.4,1807.06,1947.4,LAGU bird
high_resolution_photos/2015/Biloxi South/Belle Isle/17May15Camera2-Card3-00019.jpg,3071.73,1907.68,3109.73,1945.68,LAGU bird
high_resolution_photos/2015/Biloxi South/Belle Isle/17May15Camera2-Card3-00019.jpg,3228.53,1907.28,3266.53,1945.28,LAGU site
high_resolution_photos/2015/Biloxi South/Belle Isle/17May15Camera2-Card3-00019.jpg,4727.34,1912.63,4765.34,1950.63,LAGU site
high_resolution_photos/2015/Biloxi South/Belle Isle/17May15Camera2-Card3-00019.jpg,771.75,1923.68,809.75,1961.68,LAGU site
high_resolution_photos/2015/Biloxi South/Belle Isle/17May15Camera2-Card3-00019.jpg,4319.72,1919.68,4357.72,1957.68,LAGU site
high_resolution_photos/2015/Biloxi South/Belle Isle/17May15Camera2-Card3-00019.jpg,4337.72,1923.68,4375.72,1961.68,LAGU bird
high_resolution_photos/2015/Biloxi South/Belle Isle/17May15Camera2-Card3-00019.jpg,4499.52,1923.09,4537.52,1961.09,LAGU site
high_resolution_photos/2015/Biloxi South/Belle Isle/17May15Camera2-Card3-00019.jpg,3886.16,1917.94,3924.16,1955.94,LAGU site
high_resolution_photos/2015/Biloxi South/Belle Isle/17May15Camera2-Card3-00019.jpg,4255.72,1919.68,4293.72,1957.68,LAGU site
high_resolution_photos/2015/Biloxi South/Belle Isle/17May15Camera2-Card3-00019.jpg,4257.72,1947.68,4295.72,1985.68,LAGU site
high_resolution_photos/2015/Biloxi South/Belle Isle/17May15Camera2-Card3-00019.jpg,2559.63,1944.05,2597.63,1982.05,LAGU site
high_resolution_photos/2015/Biloxi South/Belle Isle/17May15Camera2-Card3-00019.jpg,1975.74,1931.68,2013.74,1969.68,LAGU site
high_resolution_photos/2015/Biloxi South/Belle Isle/17May15Camera2-Card3-00019.jpg,1975.74,1947.68,2013.74,1985.68,LAGU site
high_resolution_photos/2015/Biloxi South/Belle Isle/17May15Camera2-Card3-00019.jpg,2143.74,1947.68,2181.74,1985.68,LAGU bird
high_resolution_photos/2015/Biloxi South/Belle Isle/17May15Camera2-Card3-00019.jpg,2139.74,1951.68,2177.74,1989.68,LAGU bird
high_resolution_photos/2015/Biloxi South/Belle Isle/17May15Camera2-Card3-00019.jpg,2266.64,1952.2,2304.64,1990.2,LAGU site
high_resolution_photos/2015/Biloxi South/Belle Isle/17May15Camera2-Card3-00019.jpg,4865.72,1951.68,4903.72,1989.68,LAGU site
high_resolution_photos/2015/Biloxi South/Belle Isle/17May15Camera2-Card3-00019.jpg,4847.72,1955.68,4885.72,1993.68,LAGU site
high_resolution_photos/2015/Biloxi South/Belle Isle/17May15Camera2-Card3-00019.jpg,2863.73,1959.68,2901.73,1997.68,LAGU bird
high_resolution_photos/2015/Biloxi South/Belle Isle/17May15Camera2-Card3-00019.jpg,2855.73,1987.68,2893.73,2025.68,LAGU bird
high_resolution_photos/2015/Biloxi South/Belle Isle/17May15Camera2-Card3-00019.jpg,2851.73,1991.68,2889.73,2029.68,LAGU bird
high_resolution_photos/2015/Biloxi South/Belle Isle/17May15Camera2-Card3-00019.jpg,4178.59,1961.35,4216.59,1999.35,LAGU site
high_resolution_photos/2015/Biloxi South/Belle Isle/17May15Camera2-Card3-00019.jpg,4295.72,1963.68,4333.72,2001.68,LAGU site
high_resolution_photos/2015/Biloxi South/Belle Isle/17May15Camera2-Card3-00019.jpg,4311.72,1979.68,4349.72,2017.68,LAGU site
high_resolution_photos/2015/Biloxi South/Belle Isle/17May15Camera2-Card3-00019.jpg,4399.72,1955.68,4437.72,1993.68,LAGU bird
high_resolution_photos/2015/Biloxi South/Belle Isle/17May15Camera2-Card3-00019.jpg,4383.72,1959.68,4421.72,1997.68,LAGU bird
high_resolution_photos/2015/Biloxi South/Belle Isle/17May15Camera2-Card3-00019.jpg,4583.31,1960.21,4621.31,1998.21,LAGU site
high_resolution_photos/2015/Biloxi South/Belle Isle/17May15Camera2-Card3-00019.jpg,3619.73,1967.68,3657.73,2005.68,LAGU site
high_resolution_photos/2015/Biloxi South/Belle Isle/17May15Camera2-Card3-00019.jpg,3615.73,1971.68,3653.73,2009.68,LAGU site
high_resolution_photos/2015/Biloxi South/Belle Isle/17May15Camera2-Card3-00019.jpg,3655.73,1973.68,3693.73,2011.68,LAGU bird
high_resolution_photos/2015/Biloxi South/Belle Isle/17May15Camera2-Card3-00019.jpg,5071.72,1975.68,5109.72,2013.68,LAGU site
high_resolution_photos/2015/Biloxi South/Belle Isle/17May15Camera2-Card3-00019.jpg,2047.74,1975.68,2085.74,2013.68,LAGU site
high_resolution_photos/2015/Biloxi South/Belle Isle/17May15Camera2-Card3-00019.jpg,2051.74,1979.68,2089.74,2017.68,LAGU site
high_resolution_photos/2015/Biloxi South/Belle Isle/17May15Camera2-Card3-00019.jpg,2795.73,1975.68,2833.73,2013.68,LAGU site
high_resolution_photos/2015/Biloxi South/Belle Isle/17May15Camera2-Card3-00019.jpg,2775.73,2027.68,2813.73,2065.68,LAGU site
high_resolution_photos/2015/Biloxi South/Belle Isle/17May15Camera2-Card3-00019.jpg,1763.62,1988.88,1801.62,2026.88,LAGU site
high_resolution_photos/2015/Biloxi South/Belle Isle/17May15Camera2-Card3-00019.jpg,4911.72,1990.62,4949.72,2028.62,LAGU site
high_resolution_photos/2015/Biloxi South/Belle Isle/17May15Camera2-Card3-00019.jpg,1288.22,1991.62,1326.22,2029.62,LAGU site
high_resolution_photos/2015/Biloxi South/Belle Isle/17May15Camera2-Card3-00019.jpg,2423.16,1992.63,2461.16,2030.63,LAGU site
high_resolution_photos/2015/Biloxi South/Belle Isle/17May15Camera2-Card3-00019.jpg,3087.31,1989.36,3125.31,2027.36,LAGU site
high_resolution_photos/2015/Biloxi South/Belle Isle/17May15Camera2-Card3-00019.jpg,3949.8,1993.89,3987.8,2031.89,LAGU site
high_resolution_photos/2015/Biloxi South/Belle Isle/17May15Camera2-Card3-00019.jpg,1391.68,1998.53,1429.68,2036.53,LAGU site
high_resolution_photos/2015/Biloxi South/Belle Isle/17May15Camera2-Card3-00019.jpg,4174.61,2006.67,4212.61,2044.67,LAGU site
high_resolution_photos/2015/Biloxi South/Belle Isle/17May15Camera2-Card3-00019.jpg,4792.47,1998.93,4830.47,2036.93,LAGU site
high_resolution_photos/2015/Biloxi South/Belle Isle/17May15Camera2-Card3-00019.jpg,4010.69,2004.67,4048.69,2042.67,LAGU bird
high_resolution_photos/2015/Biloxi South/Belle Isle/17May15Camera2-Card3-00019.jpg,4319.72,2023.68,4357.72,2061.68,LAGU site
high_resolution_photos/2015/Biloxi South/Belle Isle/17May15Camera2-Card3-00019.jpg,4323.72,2027.68,4361.72,2065.68,LAGU site
high_resolution_photos/2015/Biloxi South/Belle Isle/17May15Camera2-Card3-00019.jpg,4367.72,2027.68,4405.72,2065.68,LAGU site
high_resolution_photos/2015/Biloxi South/Belle Isle/17May15Camera2-Card3-00019.jpg,4383.72,2035.68,4421.72,2073.68,LAGU bird
high_resolution_photos/2015/Biloxi South/Belle Isle/17May15Camera2-Card3-00019.jpg,4589.52,2009.23,4627.52,2047.23,LAGU bird
high_resolution_photos/2015/Biloxi South/Belle Isle/17May15Camera2-Card3-00019.jpg,4421.52,2018.43,4459.52,2056.43,LAGU bird
high_resolution_photos/2015/Biloxi South/Belle Isle/17May15Camera2-Card3-00019.jpg,2359.74,2059.68,2397.74,2097.68,LAGU bird
high_resolution_photos/2015/Biloxi South/Belle Isle/17May15Camera2-Card3-00019.jpg,2363.74,2115.68,2401.74,2153.68,LAGU site
high_resolution_photos/2015/Biloxi South/Belle Isle/17May15Camera2-Card3-00019.jpg,883.75,2043.68,921.75,2081.68,LAGU site
high_resolution_photos/2015/Biloxi South/Belle Isle/17May15Camera2-Card3-00019.jpg,903.75,2057.68,941.75,2095.68,LAGU bird
high_resolution_photos/2015/Biloxi South/Belle Isle/17May15Camera2-Card3-00019.jpg,2814.4,2054.35,2852.4,2092.35,LAGU site
high_resolution_photos/2015/Biloxi South/Belle Isle/17May15Camera2-Card3-00019.jpg,2807.73,2067.68,2845.73,2105.68,LAGU site
high_resolution_photos/2015/Biloxi South/Belle Isle/17May15Camera2-Card3-00019.jpg,3888.53,2048.77,3926.53,2086.77,LAGU site
high_resolution_photos/2015/Biloxi South/Belle Isle/17May15Camera2-Card3-00019.jpg,4950.73,2049.24,4988.73,2087.24,LAGU bird
high_resolution_photos/2015/Biloxi South/Belle Isle/17May15Camera2-Card3-00019.jpg,5116.31,2056.7,5154.31,2094.7,LAGU site
high_resolution_photos/2015/Biloxi South/Belle Isle/17May15Camera2-Card3-00019.jpg,4223.72,2055.68,4261.72,2093.68,LAGU site
high_resolution_photos/2015/Biloxi South/Belle Isle/17May15Camera2-Card3-00019.jpg,4267.72,2063.68,4305.72,2101.68,LAGU site
high_resolution_photos/2015/Biloxi South/Belle Isle/17May15Camera2-Card3-00019.jpg,4540.96,2053.93,4578.96,2091.93,LAGU site
high_resolution_photos/2015/Biloxi South/Belle Isle/17May15Camera2-Card3-00019.jpg,1316.27,2063.98,1354.27,2101.98,LAGU site
high_resolution_photos/2015/Biloxi South/Belle Isle/17May15Camera2-Card3-00019.jpg,4859.17,2063.46,4897.17,2101.46,LAGU site
high_resolution_photos/2015/Biloxi South/Belle Isle/17May15Camera2-Card3-00019.jpg,5059.42,2071.97,5097.42,2109.97,LAGU site
high_resolution_photos/2015/Biloxi South/Belle Isle/17May15Camera2-Card3-00019.jpg,3997.1,2076.48,4035.1,2114.48,LAGU site
high_resolution_photos/2015/Biloxi South/Belle Isle/17May15Camera2-Card3-00019.jpg,1887.69,2085.01,1925.69,2123.01,LAGU site
high_resolution_photos/2015/Biloxi South/Belle Isle/17May15Camera2-Card3-00019.jpg,3755.37,2081.18,3793.37,2119.18,LAGU site
high_resolution_photos/2015/Biloxi South/Belle Isle/17May15Camera2-Card3-00019.jpg,3644.31,2095.68,3682.31,2133.68,LAGU site
high_resolution_photos/2015/Biloxi South/Belle Isle/17May15Camera2-Card3-00019.jpg,2039.74,2135.68,2077.74,2173.68,LAGU site
high_resolution_photos/2015/Biloxi South/Belle Isle/17May15Camera2-Card3-00019.jpg,1983.74,2145.68,2021.74,2183.68,LAGU bird
high_resolution_photos/2015/Biloxi South/Belle Isle/17May15Camera2-Card3-00019.jpg,2617.19,2113.82,2655.19,2151.82,LAGU bird
high_resolution_photos/2015/Biloxi South/Belle Isle/17May15Camera2-Card3-00019.jpg,3241.73,2113.68,3279.73,2151.68,LAGU bird
high_resolution_photos/2015/Biloxi South/Belle Isle/17May15Camera2-Card3-00019.jpg,4631.72,2109.68,4669.72,2147.68,LAGU bird
high_resolution_photos/2015/Biloxi South/Belle Isle/17May15Camera2-Card3-00019.jpg,4625.72,2153.68,4663.72,2191.68,LAGU site
high_resolution_photos/2015/Biloxi South/Belle Isle/17May15Camera2-Card3-00019.jpg,4899.72,2119.68,4937.72,2157.68,LAGU site
high_resolution_photos/2015/Biloxi South/Belle Isle/17May15Camera2-Card3-00019.jpg,4905.72,2127.68,4943.72,2165.68,LAGU site
high_resolution_photos/2015/Biloxi South/Belle Isle/17May15Camera2-Card3-00019.jpg,4964.86,2112.82,5002.86,2150.82,LAGU site
high_resolution_photos/2015/Biloxi South/Belle Isle/17May15Camera2-Card3-00019.jpg,3729.11,2118.09,3767.11,2156.09,LAGU site
high_resolution_photos/2015/Biloxi South/Belle Isle/17May15Camera2-Card3-00019.jpg,4068.43,2117.71,4106.43,2155.71,LAGU site
high_resolution_photos/2015/Biloxi South/Belle Isle/17May15Camera2-Card3-00019.jpg,1533.47,2127.38,1571.47,2165.38,LAGU site
high_resolution_photos/2015/Biloxi South/Belle Isle/17May15Camera2-Card3-00019.jpg,3797.67,2127.07,3835.67,2165.07,LAGU site
high_resolution_photos/2015/Biloxi South/Belle Isle/17May15Camera2-Card3-00019.jpg,2194.72,2141.28,2232.72,2179.28,LAGU site
high_resolution_photos/2015/Biloxi South/Belle Isle/17May15Camera2-Card3-00019.jpg,3902.49,2134.88,3940.49,2172.88,LAGU site
high_resolution_photos/2015/Biloxi South/Belle Isle/17May15Camera2-Card3-00019.jpg,4337.91,2135.05,4375.91,2173.05,LAGU bird
high_resolution_photos/2015/Biloxi South/Belle Isle/17May15Camera2-Card3-00019.jpg,2270.29,2151.63,2308.29,2189.63,LAGU site
high_resolution_photos/2015/Biloxi South/Belle Isle/17May15Camera2-Card3-00019.jpg,2662.17,2151.37,2700.17,2189.37,LAGU site
high_resolution_photos/2015/Biloxi South/Belle Isle/17May15Camera2-Card3-00019.jpg,4568.32,2150.94,4606.32,2188.94,LAGU bird
high_resolution_photos/2015/Biloxi South/Belle Isle/17May15Camera2-Card3-00019.jpg,2590.3,2161.31,2628.3,2199.31,LAGU site
high_resolution_photos/2015/Biloxi South/Belle Isle/17May15Camera2-Card3-00019.jpg,2786.19,2158.71,2824.19,2196.71,LAGU site
high_resolution_photos/2015/Biloxi South/Belle Isle/17May15Camera2-Card3-00019.jpg,3064.26,2168.41,3102.26,2206.41,LAGU site
high_resolution_photos/2015/Biloxi South/Belle Isle/17May15Camera2-Card3-00019.jpg,3845.11,2165.85,3883.11,2203.85,LAGU bird
high_resolution_photos/2015/Biloxi South/Belle Isle/17May15Camera2-Card3-00019.jpg,2451.73,2183.68,2489.73,2221.68,LAGU site
high_resolution_photos/2015/Biloxi South/Belle Isle/17May15Camera2-Card3-00019.jpg,2459.73,2195.68,2497.73,2233.68,LAGU bird
high_resolution_photos/2015/Biloxi South/Belle Isle/17May15Camera2-Card3-00019.jpg,3115.41,2175.23,3153.41,2213.23,LAGU site
high_resolution_photos/2015/Biloxi South/Belle Isle/17May15Camera2-Card3-00019.jpg,3734.9,2190.27,3772.9,2228.27,LAGU bird
high_resolution_photos/2015/Biloxi South/Belle Isle/17May15Camera2-Card3-00019.jpg,2633.67,2201.29,2671.67,2239.29,LAGU site
high_resolution_photos/2015/Biloxi South/Belle Isle/17May15Camera2-Card3-00019.jpg,3196.58,2204.66,3234.58,2242.66,LAGU site
high_resolution_photos/2015/Biloxi South/Belle Isle/17May15Camera2-Card3-00019.jpg,3900.06,2205.25,3938.06,2243.25,LAGU site
high_resolution_photos/2015/Biloxi South/Belle Isle/17May15Camera2-Card3-00019.jpg,4084.93,2202.98,4122.93,2240.98,LAGU bird
high_resolution_photos/2015/Biloxi South/Belle Isle/17May15Camera2-Card3-00019.jpg,1439.68,2208.04,1477.68,2246.04,LAGU site
high_resolution_photos/2015/Biloxi South/Belle Isle/17May15Camera2-Card3-00019.jpg,2858.53,2212.38,2896.53,2250.38,LAGU site
high_resolution_photos/2015/Biloxi South/Belle Isle/17May15Camera2-Card3-00019.jpg,3044.24,2207.61,3082.24,2245.61,LAGU site
high_resolution_photos/2015/Biloxi South/Belle Isle/17May15Camera2-Card3-00019.jpg,3511.73,2203.68,3549.73,2241.68,LAGU site
high_resolution_photos/2015/Biloxi South/Belle Isle/17May15Camera2-Card3-00019.jpg,3507.73,2207.68,3545.73,2245.68,LAGU bird
high_resolution_photos/2015/Biloxi South/Belle Isle/17May15Camera2-Card3-00019.jpg,2163.92,2215.02,2201.92,2253.02,LAGU site
high_resolution_photos/2015/Biloxi South/Belle Isle/17May15Camera2-Card3-00019.jpg,2377.74,2215.68,2415.74,2253.68,LAGU site
high_resolution_photos/2015/Biloxi South/Belle Isle/17May15Camera2-Card3-00019.jpg,2695.73,2229.68,2733.73,2267.68,LAGU site
high_resolution_photos/2015/Biloxi South/Belle Isle/17May15Camera2-Card3-00019.jpg,2699.73,2235.68,2737.73,2273.68,LAGU bird
high_resolution_photos/2015/Biloxi South/Belle Isle/17May15Camera2-Card3-00019.jpg,3454.49,2225.19,3492.49,2263.19,LAGU site
high_resolution_photos/2015/Biloxi South/Belle Isle/17May15Camera2-Card3-00019.jpg,3643.0,2239.97,3681.0,2277.97,LAGU site
high_resolution_photos/2015/Biloxi South/Belle Isle/17May15Camera2-Card3-00019.jpg,2375.17,2260.8,2413.17,2298.8,LAGU site
high_resolution_photos/2015/Biloxi South/Belle Isle/17May15Camera2-Card3-00019.jpg,2763.59,2251.4,2801.59,2289.4,LAGU site
high_resolution_photos/2015/Biloxi South/Belle Isle/17May15Camera2-Card3-00019.jpg,2851.01,2256.4,2889.01,2294.4,LAGU site
high_resolution_photos/2015/Biloxi South/Belle Isle/17May15Camera2-Card3-00019.jpg,4346.52,2257.91,4384.52,2295.91,LAGU bird
high_resolution_photos/2015/Biloxi South/Belle Isle/17May15Camera2-Card3-00019.jpg,3352.26,2263.98,3390.26,2301.98,LAGU site
high_resolution_photos/2015/Biloxi South/Belle Isle/17May15Camera2-Card3-00019.jpg,2489.99,2270.44,2527.99,2308.44,LAGU bird
high_resolution_photos/2015/Biloxi South/Belle Isle/17May15Camera2-Card3-00019.jpg,2155.74,2291.68,2193.74,2329.68,LAGU site
high_resolution_photos/2015/Biloxi South/Belle Isle/17May15Camera2-Card3-00019.jpg,2163.74,2303.68,2201.74,2341.68,LAGU site
high_resolution_photos/2015/Biloxi South/Belle Isle/17May15Camera2-Card3-00019.jpg,2247.74,2291.68,2285.74,2329.68,LAGU site
high_resolution_photos/2015/Biloxi South/Belle Isle/17May15Camera2-Card3-00019.jpg,2229.74,2307.68,2267.74,2345.68,LAGU bird
high_resolution_photos/2015/Biloxi South/Belle Isle/17May15Camera2-Card3-00019.jpg,3066.98,2295.74,3104.98,2333.74,LAGU bird
high_resolution_photos/2015/Biloxi South/Belle Isle/17May15Camera2-Card3-00019.jpg,1741.23,2340.86,1779.23,2378.86,LAGU bird
high_resolution_photos/2015/Biloxi South/Belle Isle/17May15Camera2-Card3-00019.jpg,1925.83,2344.31,1963.83,2382.31,LAGU site
high_resolution_photos/2015/Biloxi South/Belle Isle/17May15Camera2-Card3-00019.jpg,2446.74,2343.8,2484.74,2381.8,LAGU site
high_resolution_photos/2015/Biloxi South/Belle Isle/17May15Camera2-Card3-00019.jpg,2766.69,2339.92,2804.69,2377.92,LAGU site
high_resolution_photos/2015/Biloxi South/Belle Isle/17May15Camera2-Card3-00019.jpg,2945.73,2343.68,2983.73,2381.68,LAGU site
high_resolution_photos/2015/Biloxi South/Belle Isle/17May15Camera2-Card3-00019.jpg,2895.73,2355.68,2933.73,2393.68,LAGU site
high_resolution_photos/2015/Biloxi South/Belle Isle/17May15Camera2-Card3-00019.jpg,2532.81,2363.09,2570.81,2401.09,LAGU site
high_resolution_photos/2015/Biloxi South/Belle Isle/17May15Camera2-Card3-00019.jpg,1699.43,2401.37,1737.43,2439.37,LAGU site
high_resolution_photos/2015/Biloxi South/Belle Isle/17May15Camera2-Card3-00019.jpg,3807.25,2398.57,3845.25,2436.57,LAGU site
high_resolution_photos/2015/Biloxi South/Belle Isle/17May15Camera2-Card3-00019.jpg,3155.73,2395.68,3193.73,2433.68,LAGU bird
high_resolution_photos/2015/Biloxi South/Belle Isle/17May15Camera2-Card3-00019.jpg,3154.4,2413.01,3192.4,2451.01,LAGU bird
high_resolution_photos/2015/Biloxi South/Belle Isle/17May15Camera2-Card3-00019.jpg,1911.31,2431.92,1949.31,2469.92,LAGU site
high_resolution_photos/2015/Biloxi South/Belle Isle/17May15Camera2-Card3-00019.jpg,2616.96,2441.15,2654.96,2479.15,LAGU site
high_resolution_photos/2015/Biloxi South/Belle Isle/17May15Camera2-Card3-00019.jpg,2807.48,2444.11,2845.48,2482.11,LAGU site
high_resolution_photos/2015/Biloxi South/Belle Isle/17May15Camera2-Card3-00019.jpg,2670.93,2449.48,2708.93,2487.48,LAGU site
high_resolution_photos/2015/Biloxi South/Belle Isle/17May15Camera2-Card3-00019.jpg,2515.73,2451.68,2553.73,2489.68,LAGU bird
high_resolution_photos/2015/Biloxi South/Belle Isle/17May15Camera2-Card3-00019.jpg,2535.73,2455.68,2573.73,2493.68,LAGU site
high_resolution_photos/2015/Biloxi South/Belle Isle/17May15Camera2-Card3-00019.jpg,3479.5,2474.36,3517.5,2512.36,LAGU site
high_resolution_photos/2015/Biloxi South/Belle Isle/17May15Camera2-Card3-00019.jpg,3530.39,2489.01,3568.39,2527.01,LAGU bird
high_resolution_photos/2015/Biloxi South/Belle Isle/17May15Camera2-Card3-00019.jpg,3527.73,2507.68,3565.73,2545.68,LAGU bird
high_resolution_photos/2015/Biloxi South/Belle Isle/17May15Camera2-Card3-00019.jpg,2130.8,2498.36,2168.8,2536.36,WHIB bird
high_resolution_photos/2015/Biloxi South/Belle Isle/17May15Camera2-Card3-00019.jpg,2435.74,2515.68,2473.74,2553.68,LAGU bird
high_resolution_photos/2015/Biloxi South/Belle Isle/17May15Camera2-Card3-00019.jpg,2955.73,2505.68,2993.73,2543.68,LAGU bird
high_resolution_photos/2015/Biloxi South/Belle Isle/17May15Camera2-Card3-00019.jpg,2951.73,2511.68,2989.73,2549.68,LAGU bird
high_resolution_photos/2015/Biloxi South/Belle Isle/17May15Camera2-Card3-00019.jpg,2619.73,2567.68,2657.73,2605.68,LAGU site
high_resolution_photos/2015/Biloxi South/Belle Isle/17May15Camera2-Card3-00019.jpg,1859.91,2582.17,1897.91,2620.17,LAGU site
high_resolution_photos/2015/Biloxi South/Belle Isle/17May15Camera2-Card3-00019.jpg,3045.44,2578.01,3083.44,2616.01,LAGU bird
high_resolution_photos/2015/Biloxi South/Belle Isle/17May15Camera2-Card3-00019.jpg,3408.97,2581.82,3446.97,2619.82,LAGU bird
high_resolution_photos/2015/Biloxi South/Belle Isle/17May15Camera2-Card3-00019.jpg,2279.74,2599.68,2317.74,2637.68,LAGU site
high_resolution_photos/2015/Biloxi South/Belle Isle/17May15Camera2-Card3-00019.jpg,3103.73,2605.68,3141.73,2643.68,Bird
high_resolution_photos/2015/Biloxi South/Belle Isle/17May15Camera2-Card3-00019.jpg,3135.73,2605.68,3173.73,2643.68,Bird
high_resolution_photos/2015/Biloxi South/Belle Isle/17May15Camera2-Card3-00019.jpg,2178.22,2628.49,2216.22,2666.49,LAGU site
high_resolution_photos/2015/Biloxi South/Belle Isle/17May15Camera2-Card3-00019.jpg,3163.31,2641.16,3201.31,2679.16,Bird
high_resolution_photos/2015/Biloxi South/Belle Isle/17May15Camera2-Card3-00019.jpg,2093.36,2654.75,2131.36,2692.75,LAGU bird
high_resolution_photos/2015/Biloxi South/Belle Isle/17May15Camera2-Card3-00019.jpg,3045.55,2654.19,3083.55,2692.19,WHIB bird
high_resolution_photos/2015/Biloxi South/Belle Isle/17May15Camera2-Card3-00019.jpg,2237.35,2676.65,2275.35,2714.65,LAGU bird
high_resolution_photos/2015/Biloxi South/Belle Isle/17May15Camera2-Card3-00019.jpg,1911.74,2699.68,1949.74,2737.68,LAGU bird
high_resolution_photos/2015/Biloxi South/Belle Isle/17May15Camera2-Card3-00019.jpg,1891.74,2735.68,1929.74,2773.68,LAGU bird
high_resolution_photos/2015/Biloxi South/Belle Isle/17May15Camera2-Card3-00019.jpg,2771.73,2699.68,2809.73,2737.68,LAGU site
high_resolution_photos/2015/Biloxi South/Belle Isle/17May15Camera2-Card3-00019.jpg,2771.73,2719.68,2809.73,2757.68,LAGU site
high_resolution_photos/2015/Biloxi South/Belle Isle/17May15Camera2-Card3-00019.jpg,2456.68,2729.52,2494.68,2767.52,LAGU bird
high_resolution_photos/2015/Biloxi South/Belle Isle/17May15Camera2-Card3-00019.jpg,2818.88,2761.19,2856.88,2799.19,LAGU site
high_resolution_photos/2015/Biloxi South/Belle Isle/17May15Camera2-Card3-00019.jpg,2638.88,2790.77,2676.88,2828.77,LAGU site
high_resolution_photos/2015/Biloxi South/Belle Isle/17May15Camera2-Card3-00019.jpg,1932.06,2815.68,1970.06,2853.68,LAGU site
high_resolution_photos/2015/Biloxi South/Belle Isle/17May15Camera2-Card3-00019.jpg,2047.74,2829.68,2085.74,2867.68,LAGU site
high_resolution_photos/2015/Biloxi South/Belle Isle/17May15Camera2-Card3-00019.jpg,2027.74,2855.68,2065.74,2893.68,LAGU bird
high_resolution_photos/2015/Biloxi South/Belle Isle/17May15Camera2-Card3-00019.jpg,2955.93,2837.67,2993.93,2875.67,LAGU site
high_resolution_photos/2015/Biloxi South/Belle Isle/17May15Camera2-Card3-00019.jpg,3020.48,2872.42,3058.48,2910.42,LAGU site
high_resolution_photos/2015/Biloxi South/Belle Isle/17May15Camera2-Card3-00019.jpg,2284.97,2885.88,2322.97,2923.88,LAGU bird
high_resolution_photos/2015/Biloxi South/Belle Isle/17May15Camera2-Card3-00019.jpg,2864.94,2941.52,2902.94,2979.52,LAGU site
high_resolution_photos/2015/Biloxi South/Belle Isle/17May15Camera2-Card3-00019.jpg,3085.89,2937.62,3123.89,2975.62,LAGU bird
high_resolution_photos/2015/Biloxi South/Belle Isle/17May15Camera2-Card3-00019.jpg,2193.67,2982.52,2231.67,3020.52,LAGU bird
high_resolution_photos/2015/Biloxi South/Belle Isle/17May15Camera2-Card3-00019.jpg,2263.74,3139.67,2301.74,3177.67,LAGU bird
high_resolution_photos/2015/Biloxi South/Belle Isle/17May15Camera2-Card3-00019.jpg,2259.74,3143.67,2297.74,3181.67,LAGU bird
high_resolution_photos/2015/Biloxi South/Belle Isle/17May15Camera2-Card3-00019.jpg,2312.11,3171.86,2350.11,3209.86,LAGU site
high_resolution_photos/2015/Biloxi South/Belle Isle/17May15Camera2-Card3-00019.jpg,2195.67,3195.39,2233.67,3233.39,LAGU site
high_resolution_photos/2015/Biloxi South/Belle Isle/17May15Camera2-Card3-00019.jpg,2202.59,3368.48,2240.59,3406.48,LAGU site
high_resolution_photos/2018/Biloxi South/Belle Isle/19May18Camera1-Card1-2387.jpg,1145.74,937.5,1171.74,963.5,BRPE ad
high_resolution_photos/2018/Biloxi South/Belle Isle/19May18Camera1-Card1-2387.jpg,1157.74,939.5,1183.74,965.5,BRPE wbn
high_resolution_photos/2018/Biloxi South/Belle Isle/19May18Camera1-Card1-2387.jpg,857.71,1085.46,883.71,1111.46,LAGU bird
high_resolution_photos/2018/Biloxi South/Belle Isle/19May18Camera1-Card1-2387.jpg,853.7,1089.46,879.7,1115.46,LAGU site
high_resolution_photos/2018/Biloxi South/Belle Isle/19May18Camera1-Card1-2387.jpg,357.66,1285.38,383.66,1311.38,LAGU site
high_resolution_photos/2018/Biloxi South/Belle Isle/19May18Camera1-Card1-2387.jpg,341.66,1299.38,367.66,1325.38,LAGU site
high_resolution_photos/2018/Biloxi South/Belle Isle/19May18Camera1-Card1-2387.jpg,369.66,1297.39,395.66,1323.39,LAGU bird
high_resolution_photos/2018/Biloxi South/Belle Isle/19May18Camera1-Card1-2387.jpg,75.65,1317.34,101.65,1343.34,LAGU bird
high_resolution_photos/2018/Biloxi South/Belle Isle/19May18Camera1-Card1-2387.jpg,63.65,1321.34,89.65,1347.34,LAGU site
high_resolution_photos/2018/Biloxi South/Belle Isle/19May18Camera1-Card1-2387.jpg,89.65,1333.34,115.65,1359.34,LAGU site
high_resolution_photos/2018/Biloxi South/Belle Isle/19May18Camera1-Card1-2387.jpg,365.65,1351.39,391.65,1377.39,LAGU bird
high_resolution_photos/2018/Biloxi South/Belle Isle/19May18Camera1-Card1-2387.jpg,385.65,1349.39,411.65,1375.39,LAGU site
high_resolution_photos/2018/Biloxi South/Belle Isle/19May18Camera1-Card1-2387.jpg,349.65,1353.38,375.65,1379.38,LAGU bird
high_resolution_photos/2018/Biloxi South/Belle Isle/19May18Camera1-Card1-2387.jpg,193.62,1529.36,219.62,1555.36,LAGU site
high_resolution_photos/2018/Biloxi South/Belle Isle/19May18Camera1-Card1-2387.jpg,209.62,1529.37,235.62,1555.37,LAGU site
high_resolution_photos/2018/Biloxi South/Belle Isle/19May18Camera1-Card1-2387.jpg,189.62,1533.36,215.62,1559.36,LAGU site
high_resolution_photos/2018/Biloxi South/Belle Isle/19May18Camera1-Card1-2387.jpg,185.62,1541.36,211.62,1567.36,LAGU site
high_resolution_photos/2018/Biloxi South/Belle Isle/19May18Camera1-Card1-2387.jpg,702.93,1750.78,728.93,1776.78,LAGU site
high_resolution_photos/2018/Biloxi South/Belle Isle/19May18Camera1-Card1-2387.jpg,697.6,1757.45,723.6,1783.45,LAGU site
high_resolution_photos/2018/Biloxi South/Belle Isle/19May18Camera1-Card1-2387.jpg,689.59,1765.45,715.59,1791.45,LAGU site
high_resolution_photos/2018/Biloxi North/Biloxi North 8/19May18Camera2-Card1-00620.jpg,2159.86,954.33,2187.86,982.33,LAGU site
high_resolution_photos/2018/Biloxi North/Biloxi North 8/19May18Camera2-Card1-00620.jpg,2178.72,1009.28,2206.72,1037.28,LAGU site
high_resolution_photos/2018/Biloxi North/Biloxi North 8/19May18Camera2-Card1-00620.jpg,2240.83,1072.75,2268.83,1100.75,LAGU site
high_resolution_photos/2018/Biloxi North/Biloxi North 8/19May18Camera2-Card1-00620.jpg,2244.83,1076.75,2272.83,1104.75,LAGU site
high_resolution_photos/2018/Biloxi North/Biloxi North 8/19May18Camera2-Card1-00620.jpg,2168.62,1102.15,2196.62,1130.15,LAGU site
high_resolution_photos/2018/Biloxi North/Biloxi North 8/19May18Camera2-Card1-00620.jpg,2226.4,1119.13,2254.4,1147.13,LAGU site
high_resolution_photos/2018/Biloxi North/Biloxi North 8/19May18Camera2-Card1-00620.jpg,2080.26,1172.26,2108.26,1200.26,LAGU bird
high_resolution_photos/2018/Biloxi North/Biloxi North 8/19May18Camera2-Card1-00620.jpg,2449.97,1194.11,2477.97,1222.11,LAGU site
high_resolution_photos/2018/Biloxi North/Biloxi North 8/19May18Camera2-Card1-00620.jpg,2182.57,1211.76,2210.57,1239.76,LAGU bird
high_resolution_photos/2018/Biloxi North/Biloxi North 8/19May18Camera2-Card1-00620.jpg,2236.83,1236.74,2264.83,1264.74,LAGU site
high_resolution_photos/2018/Biloxi North/Biloxi North 8/19May18Camera2-Card1-00620.jpg,2240.83,1244.74,2268.83,1272.74,LAGU bird
high_resolution_photos/2018/Biloxi North/Biloxi North 8/19May18Camera2-Card1-00620.jpg,1952.54,1265.05,1980.54,1293.05,LAGU site
high_resolution_photos/2018/Biloxi North/Biloxi North 8/19May18Camera2-Card1-00620.jpg,2156.83,1260.74,2184.83,1288.74,LAGU site
high_resolution_photos/2018/Biloxi North/Biloxi North 8/19May18Camera2-Card1-00620.jpg,2196.83,1284.74,2224.83,1312.74,LAGU site
high_resolution_photos/2018/Biloxi North/Biloxi North 8/19May18Camera2-Card1-00620.jpg,2181.71,1327.92,2209.71,1355.92,LAGU site
high_resolution_photos/2018/Biloxi North/Biloxi North 8/19May18Camera2-Card1-00620.jpg,2260.83,1348.74,2288.83,1376.74,LAGU site
high_resolution_photos/2018/Biloxi North/Biloxi North 8/19May18Camera2-Card1-00620.jpg,2276.83,1354.73,2304.83,1382.73,LAGU bird
high_resolution_photos/2018/Biloxi North/Biloxi North 8/19May18Camera2-Card1-00620.jpg,2115.61,1384.74,2143.61,1412.74,LAGU site
high_resolution_photos/2018/Biloxi North/Biloxi North 8/19May18Camera2-Card1-00620.jpg,2232.83,1400.73,2260.83,1428.73,LAGU site
high_resolution_photos/2018/Biloxi North/Biloxi North 8/19May18Camera2-Card1-00620.jpg,2192.83,1424.73,2220.83,1452.73,LAGU site
high_resolution_photos/2018/Biloxi North/Biloxi North 8/19May18Camera2-Card1-00620.jpg,2508.82,1392.73,2536.82,1420.73,LAGU site
high_resolution_photos/2018/Biloxi North/Biloxi North 8/19May18Camera2-Card1-00620.jpg,2520.82,1392.73,2548.82,1420.73,LAGU site
high_resolution_photos/2018/Biloxi North/Biloxi North 8/19May18Camera2-Card1-00620.jpg,2524.82,1396.73,2552.82,1424.73,LAGU site
high_resolution_photos/2018/Biloxi North/Biloxi North 8/19May18Camera2-Card1-00620.jpg,1292.88,1436.74,1320.88,1464.74,LAGU site
high_resolution_photos/2018/Biloxi North/Biloxi North 8/19May18Camera2-Card1-00620.jpg,1308.88,1468.74,1336.88,1496.74,LAGU site
high_resolution_photos/2018/Biloxi North/Biloxi North 8/19May18Camera2-Card1-00620.jpg,2237.69,1449.91,2265.69,1477.91,LAGU site
high_resolution_photos/2018/Biloxi North/Biloxi North 8/19May18Camera2-Card1-00620.jpg,2376.82,1464.73,2404.82,1492.73,LAGU site
high_resolution_photos/2018/Biloxi North/Biloxi North 8/19May18Camera2-Card1-00620.jpg,2380.82,1468.73,2408.82,1496.73,LAGU site
high_resolution_photos/2018/Biloxi North/Biloxi North 8/19May18Camera2-Card1-00620.jpg,1696.86,1488.74,1724.86,1516.74,LAGU site
high_resolution_photos/2018/Biloxi North/Biloxi North 8/19May18Camera2-Card1-00620.jpg,1704.86,1508.73,1732.86,1536.73,LAGU site
high_resolution_photos/2018/Biloxi North/Biloxi North 8/19May18Camera2-Card1-00620.jpg,2151.5,1502.06,2179.5,1530.06,LAGU site
high_resolution_photos/2018/Biloxi North/Biloxi North 8/19May18Camera2-Card1-00620.jpg,2154.84,1516.73,2182.84,1544.73,LAGU site
high_resolution_photos/2018/Biloxi North/Biloxi North 8/19May18Camera2-Card1-00620.jpg,2148.84,1520.73,2176.84,1548.73,LAGU bird
high_resolution_photos/2018/Biloxi North/Biloxi North 8/19May18Camera2-Card1-00620.jpg,1652.86,1524.73,1680.86,1552.73,LAGU site
high_resolution_photos/2018/Biloxi North/Biloxi North 8/19May18Camera2-Card1-00620.jpg,1664.86,1524.73,1692.86,1552.73,LAGU site
high_resolution_photos/2018/Biloxi North/Biloxi North 8/19May18Camera2-Card1-00620.jpg,1399.54,1535.4,1427.54,1563.4,LAGU site
high_resolution_photos/2018/Biloxi North/Biloxi North 8/19May18Camera2-Card1-00620.jpg,1396.88,1550.74,1424.88,1578.74,LAGU site
high_resolution_photos/2018/Biloxi North/Biloxi North 8/19May18Camera2-Card1-00620.jpg,2144.84,1564.73,2172.84,1592.73,LAGU site
high_resolution_photos/2018/Biloxi North/Biloxi North 8/19May18Camera2-Card1-00620.jpg,2140.84,1572.73,2168.84,1600.73,LAGU bird
high_resolution_photos/2018/Biloxi North/Biloxi North 8/19May18Camera2-Card1-00620.jpg,2396.01,1556.04,2424.01,1584.04,LAGU site
high_resolution_photos/2018/Biloxi North/Biloxi North 8/19May18Camera2-Card1-00620.jpg,3116.79,1560.71,3144.79,1588.71,LAGU site
high_resolution_photos/2018/Biloxi North/Biloxi North 8/19May18Camera2-Card1-00620.jpg,3134.12,1567.38,3162.12,1595.38,LAGU site
high_resolution_photos/2018/Biloxi North/Biloxi North 8/19May18Camera2-Card1-00620.jpg,3268.78,1576.71,3296.78,1604.71,LAGU bird
high_resolution_photos/2018/Biloxi North/Biloxi North 8/19May18Camera2-Card1-00620.jpg,3300.78,1596.71,3328.78,1624.71,LAGU site
high_resolution_photos/2018/Biloxi North/Biloxi North 8/19May18Camera2-Card1-00620.jpg,3188.13,1573.37,3216.13,1601.37,LAGU site
high_resolution_photos/2018/Biloxi North/Biloxi North 8/19May18Camera2-Card1-00620.jpg,2284.83,1580.72,2312.83,1608.72,LAGU site
high_resolution_photos/2018/Biloxi North/Biloxi North 8/19May18Camera2-Card1-00620.jpg,2310.83,1604.72,2338.83,1632.72,LAGU site
high_resolution_photos/2018/Biloxi North/Biloxi North 8/19May18Camera2-Card1-00620.jpg,2276.83,1622.72,2304.83,1650.72,LAGU site
high_resolution_photos/2018/Biloxi North/Biloxi North 8/19May18Camera2-Card1-00620.jpg,2694.12,1615.13,2722.12,1643.13,LAGU site
high_resolution_photos/2018/Biloxi North/Biloxi North 8/19May18Camera2-Card1-00620.jpg,2648.12,1610.54,2676.12,1638.54,LAGU site
high_resolution_photos/2018/Biloxi North/Biloxi North 8/19May18Camera2-Card1-00620.jpg,1428.88,1624.73,1456.88,1652.73,LAGU site
high_resolution_photos/2018/Biloxi North/Biloxi North 8/19May18Camera2-Card1-00620.jpg,1420.88,1628.73,1448.88,1656.73,LAGU bird
high_resolution_photos/2018/Biloxi North/Biloxi North 8/19May18Camera2-Card1-00620.jpg,3332.08,1627.17,3360.08,1655.17,LAGU site
high_resolution_photos/2018/Biloxi North/Biloxi North 8/19May18Camera2-Card1-00620.jpg,2820.37,1638.4,2848.37,1666.4,LAGU site
high_resolution_photos/2018/Biloxi North/Biloxi North 8/19May18Camera2-Card1-00620.jpg,1550.18,1646.5,1578.18,1674.5,LAGU site
high_resolution_photos/2018/Biloxi North/Biloxi North 8/19May18Camera2-Card1-00620.jpg,2931.46,1643.11,2959.46,1671.11,LAGU site
high_resolution_photos/2018/Biloxi North/Biloxi North 8/19May18Camera2-Card1-00620.jpg,2596.81,1658.71,2624.81,1686.71,LAGU site
high_resolution_photos/2018/Biloxi North/Biloxi North 8/19May18Camera2-Card1-00620.jpg,2614.15,1658.05,2642.15,1686.05,LAGU site
high_resolution_photos/2018/Biloxi North/Biloxi North 8/19May18Camera2-Card1-00620.jpg,2568.82,1680.71,2596.82,1708.71,LAGU site
high_resolution_photos/2018/Biloxi North/Biloxi North 8/19May18Camera2-Card1-00620.jpg,3132.79,1648.71,3160.79,1676.71,LAGU site
high_resolution_photos/2018/Biloxi North/Biloxi North 8/19May18Camera2-Card1-00620.jpg,3158.78,1652.71,3186.78,1680.71,LAGU bird
high_resolution_photos/2018/Biloxi North/Biloxi North 8/19May18Camera2-Card1-00620.jpg,3392.77,1654.7,3420.77,1682.7,LAGU site
high_resolution_photos/2018/Biloxi North/Biloxi North 8/19May18Camera2-Card1-00620.jpg,3380.77,1656.7,3408.77,1684.7,LAGU site
high_resolution_photos/2018/Biloxi North/Biloxi North 8/19May18Camera2-Card1-00620.jpg,2214.98,1671.86,2242.98,1699.86,LAGU site
high_resolution_photos/2018/Biloxi North/Biloxi North 8/19May18Camera2-Card1-00620.jpg,2644.81,1694.07,2672.81,1722.07,LAGU site
high_resolution_photos/2018/Biloxi North/Biloxi North 8/19May18Camera2-Card1-00620.jpg,2728.81,1704.71,2756.81,1732.71,LAGU bird
high_resolution_photos/2018/Biloxi North/Biloxi North 8/19May18Camera2-Card1-00620.jpg,2740.81,1704.71,2768.81,1732.71,LAGU site
high_resolution_photos/2018/Biloxi North/Biloxi North 8/19May18Camera2-Card1-00620.jpg,1308.88,1732.73,1336.88,1760.73,LAGU site
high_resolution_photos/2018/Biloxi North/Biloxi North 8/19May18Camera2-Card1-00620.jpg,1312.88,1740.73,1340.88,1768.73,LAGU bird
high_resolution_photos/2018/Biloxi North/Biloxi North 8/19May18Camera2-Card1-00620.jpg,1304.88,1752.73,1332.88,1780.73,LAGU bird
high_resolution_photos/2018/Biloxi North/Biloxi North 8/19May18Camera2-Card1-00620.jpg,2316.13,1755.48,2344.13,1783.48,LAGU site
high_resolution_photos/2018/Biloxi North/Biloxi North 8/19May18Camera2-Card1-00620.jpg,2755.34,1775.57,2783.34,1803.57,LAGU site
high_resolution_photos/2018/Biloxi North/Biloxi North 8/19May18Camera2-Card1-00620.jpg,3348.91,1792.7,3376.91,1820.7,LAGU site
high_resolution_photos/2018/Biloxi North/Biloxi North 8/19May18Camera2-Card1-00620.jpg,2492.32,1846.99,2520.32,1874.99,LAGU site
high_resolution_photos/2018/Biloxi North/Biloxi North 8/19May18Camera2-Card1-00620.jpg,2636.03,1851.01,2664.03,1879.01,LAGU site
high_resolution_photos/2018/Biloxi North/Biloxi North 8/19May18Camera2-Card1-00620.jpg,2667.52,1917.35,2695.52,1945.35,LAGU site
high_resolution_photos/2018/Biloxi North/Biloxi North 8/19May18Camera2-Card1-00620.jpg,3195.02,1902.93,3223.02,1930.93,LAGU site
high_resolution_photos/2018/Biloxi North/Biloxi North 8/19May18Camera2-Card1-00620.jpg,3068.79,1956.69,3096.79,1984.69,LAGU bird
high_resolution_photos/2018/Biloxi North/Biloxi North 8/19May18Camera2-Card1-00620.jpg,3084.79,1960.69,3112.79,1988.69,LAGU site
high_resolution_photos/2018/Biloxi North/Biloxi North 8/19May18Camera2-Card1-00620.jpg,3799.64,2026.63,3827.64,2054.63,LAGU site
high_resolution_photos/2018/Biloxi North/Biloxi North 8/19May18Camera2-Card1-00620.jpg,3080.8,2120.68,3108.8,2148.68,LAGU bird
high_resolution_photos/2018/Biloxi North/Biloxi North 8/19May18Camera2-Card1-00620.jpg,3108.79,2140.68,3136.79,2168.68,LAGU bird
high_resolution_photos/2018/Biloxi North/Biloxi North 8/19May18Camera2-Card1-00620.jpg,3876.43,2119.1,3904.43,2147.1,LAGU site
high_resolution_photos/2018/Biloxi North/Biloxi North 8/19May18Camera2-Card1-00620.jpg,3568.77,2120.68,3596.77,2148.68,LAGU bird
high_resolution_photos/2018/Biloxi North/Biloxi North 8/19May18Camera2-Card1-00620.jpg,3572.77,2124.68,3600.77,2152.68,LAGU bird
high_resolution_photos/2018/Biloxi North/Biloxi North 8/19May18Camera2-Card1-00620.jpg,3570.77,2140.68,3598.77,2168.68,LAGU bird
high_resolution_photos/2018/Biloxi North/Biloxi North 8/19May18Camera2-Card1-00620.jpg,2830.06,2152.5,2858.06,2180.5,LAGU site
high_resolution_photos/2018/Biloxi North/Biloxi North 8/19May18Camera2-Card1-00620.jpg,2783.03,2167.39,2811.03,2195.39,LAGU site
high_resolution_photos/2018/Biloxi North/Biloxi North 8/19May18Camera2-Card1-00620.jpg,3336.07,2235.06,3364.07,2263.06,LAGU site
high_resolution_photos/2018/Biloxi North/Biloxi North 8/19May18Camera2-Card1-00620.jpg,3518.5,2251.42,3546.5,2279.42,LAGU site
high_resolution_photos/2018/Biloxi North/Biloxi North 8/19May18Camera2-Card1-00620.jpg,3572.77,2268.67,3600.77,2296.67,LAGU site
high_resolution_photos/2018/Biloxi North/Biloxi North 8/19May18Camera2-Card1-00620.jpg,3580.77,2286.67,3608.77,2314.67,LAGU site
high_resolution_photos/2018/Biloxi North/Biloxi North 8/19May18Camera2-Card1-00620.jpg,2916.13,2269.87,2944.13,2297.87,LAGU site
high_resolution_photos/2018/Biloxi North/Biloxi North 8/19May18Camera2-Card1-00620.jpg,3299.54,2295.59,3327.54,2323.59,LAGU site
high_resolution_photos/2018/Biloxi North/Biloxi North 8/19May18Camera2-Card1-00620.jpg,3052.8,2312.67,3080.8,2340.67,LAGU site
high_resolution_photos/2018/Biloxi North/Biloxi North 8/19May18Camera2-Card1-00620.jpg,3056.8,2324.67,3084.8,2352.67,LAGU site
high_resolution_photos/2018/Biloxi North/Biloxi North 8/19May18Camera2-Card1-00620.jpg,3632.77,2332.66,3660.77,2360.66,LAGU site
high_resolution_photos/2018/Biloxi North/Biloxi North 8/19May18Camera2-Card1-00620.jpg,3620.77,2370.66,3648.77,2398.66,LAGU site
high_resolution_photos/2018/Biloxi North/Biloxi North 8/19May18Camera2-Card1-00620.jpg,3616.77,2400.66,3644.77,2428.66,LAGU site
high_resolution_photos/2018/Biloxi North/Biloxi North 8/19May18Camera2-Card1-00620.jpg,3616.77,2412.66,3644.77,2440.66,LAGU site
high_resolution_photos/2018/Biloxi North/Biloxi North 8/19May18Camera2-Card1-00620.jpg,3900.36,2345.18,3928.36,2373.18,LAGU bird
high_resolution_photos/2018/Biloxi North/Biloxi North 8/19May18Camera2-Card1-00620.jpg,3994.6,2349.66,4022.6,2377.66,LAGU site
high_resolution_photos/2018/Biloxi North/Biloxi North 8/19May18Camera2-Card1-00620.jpg,3319.45,2356.25,3347.45,2384.25,LAGU site
high_resolution_photos/2018/Biloxi North/Biloxi North 8/19May18Camera2-Card1-00620.jpg,3886.65,2402.97,3914.65,2430.97,LAGU site
high_resolution_photos/2018/Biloxi North/Biloxi North 8/19May18Camera2-Card1-00620.jpg,3098.53,2412.37,3126.53,2440.37,LAGU site
high_resolution_photos/2018/Biloxi North/Biloxi North 8/19May18Camera2-Card1-00620.jpg,3820.09,2409.51,3848.09,2437.51,LAGU site
high_resolution_photos/2018/Biloxi North/Biloxi North 8/19May18Camera2-Card1-00620.jpg,3615.1,2464.8,3643.1,2492.8,LAGU site
high_resolution_photos/2018/Biloxi North/Biloxi North 8/19May18Camera2-Card1-00620.jpg,4210.85,2457.38,4238.85,2485.38,LAGU site
high_resolution_photos/2018/Biloxi North/Biloxi North 8/19May18Camera2-Card1-00620.jpg,3287.6,2466.88,3315.6,2494.88,LAGU site
high_resolution_photos/2018/Biloxi North/Biloxi North 8/19May18Camera2-Card1-00620.jpg,4194.14,2552.78,4222.14,2580.78,LAGU bird
high_resolution_photos/2018/Biloxi North/Biloxi North 8/19May18Camera2-Card1-00620.jpg,4102.41,2562.56,4130.41,2590.56,LAGU site
high_resolution_photos/2018/Biloxi North/Biloxi North 8/19May18Camera2-Card1-00620.jpg,3945.35,2606.94,3973.35,2634.94,LAGU site
high_resolution_photos/2018/Biloxi North/Biloxi North 8/19May18Camera2-Card1-00620.jpg,4727.23,2684.19,4755.23,2712.19,LAGU site
high_resolution_photos/2018/Biloxi North/Biloxi North 8/19May18Camera2-Card1-00620.jpg,1624.88,2784.67,1652.88,2812.67,LAGU site
high_resolution_photos/2018/Biloxi North/Biloxi North 8/19May18Camera2-Card1-00620.jpg,1636.88,2788.67,1664.88,2816.67,LAGU site
high_resolution_photos/2018/Biloxi North/Biloxi North 8/19May18Camera2-Card1-00620.jpg,4214.61,2802.86,4242.61,2830.86,LAGU site
high_resolution_photos/2018/Biloxi North/Biloxi North 8/19May18Camera2-Card1-00620.jpg,4438.73,2794.63,4466.73,2822.63,LAGU site
high_resolution_photos/2018/Biloxi North/Biloxi North 8/19May18Camera2-Card1-00620.jpg,1103.62,2816.33,1131.62,2844.33,LAGU site
high_resolution_photos/2018/Biloxi North/Biloxi North 8/19May18Camera2-Card1-00620.jpg,5036.45,2841.18,5064.45,2869.18,LAGU site
high_resolution_photos/2018/Biloxi North/Biloxi North 8/19May18Camera2-Card1-00620.jpg,4189.87,2849.12,4217.87,2877.12,LAGU site
high_resolution_photos/2018/Biloxi North/Biloxi North 8/19May18Camera2-Card1-00620.jpg,4236.9,2842.47,4264.9,2870.47,LAGU site
high_resolution_photos/2018/Biloxi North/Biloxi North 8/19May18Camera2-Card1-00620.jpg,1188.23,2856.9,1216.23,2884.9,LAGU site
high_resolution_photos/2018/Biloxi North/Biloxi North 8/19May18Camera2-Card1-00620.jpg,4476.73,2888.62,4504.73,2916.62,LAGU bird
high_resolution_photos/2018/Biloxi North/Biloxi North 8/19May18Camera2-Card1-00620.jpg,4448.73,2900.62,4476.73,2928.62,LAGU site
high_resolution_photos/2018/Biloxi North/Biloxi North 8/19May18Camera2-Card1-00620.jpg,4644.72,2904.62,4672.72,2932.62,LAGU site
high_resolution_photos/2018/Biloxi North/Biloxi North 8/19May18Camera2-Card1-00620.jpg,4660.72,2904.62,4688.72,2932.62,LAGU site
high_resolution_photos/2018/Biloxi North/Biloxi North 8/19May18Camera2-Card1-00620.jpg,4656.72,2908.62,4684.72,2936.62,LAGU site
high_resolution_photos/2018/Biloxi North/Biloxi North 8/19May18Camera2-Card1-00620.jpg,4686.03,2942.44,4714.03,2970.44,LAGU site
high_resolution_photos/2018/Biloxi North/Biloxi North 8/19May18Camera2-Card1-00620.jpg,4613.74,2978.51,4641.74,3006.51,LAGU site
high_resolution_photos/2018/Biloxi North/Biloxi North 8/19May18Camera2-Card1-00620.jpg,2363.65,2980.65,2391.65,3008.65,LAGU bird
high_resolution_photos/2018/Biloxi North/Biloxi North 8/19May18Camera2-Card1-00620.jpg,4752.56,2987.17,4780.56,3015.17,LAGU site
high_resolution_photos/2018/Biloxi North/Biloxi North 8/19May18Camera2-Card1-00620.jpg,4533.53,2995.42,4561.53,3023.42,LAGU site
high_resolution_photos/2018/Biloxi North/Biloxi North 8/19May18Camera2-Card1-00620.jpg,4263.07,3053.58,4291.07,3081.58,LAGU bird
high_resolution_photos/2018/Biloxi North/Biloxi North 8/19May18Camera2-Card1-00620.jpg,4419.4,3055.28,4447.4,3083.28,LAGU bird
high_resolution_photos/2018/Biloxi North/Biloxi North 8/19May18Camera2-Card1-00620.jpg,4396.74,3060.62,4424.74,3088.62,LAGU bird
high_resolution_photos/2018/Biloxi North/Biloxi North 8/19May18Camera2-Card1-00620.jpg,1402.9,3060.66,1430.9,3088.66,LAGU bird
high_resolution_photos/2018/Biloxi North/Biloxi North 8/19May18Camera2-Card1-00620.jpg,4532.04,3060.75,4560.04,3088.75,LAGU site
high_resolution_photos/2018/Biloxi North/Biloxi North 8/19May18Camera2-Card1-00620.jpg,4590.21,3096.68,4618.21,3124.68,LAGU site
high_resolution_photos/2018/Biloxi North/Biloxi North 8/19May18Camera2-Card1-00620.jpg,4470.44,3108.91,4498.44,3136.91,LAGU site
high_resolution_photos/2021/Apalachicola East/Lanark Reef West/14June21Camera1-Card1-220.jpg,745.2,179.05,792.2,226.05,LAGU bird
high_resolution_photos/2021/Apalachicola East/Lanark Reef West/14June21Camera1-Card1-220.jpg,743.2,197.05,790.2,244.05,LAGU bird
high_resolution_photos/2021/Apalachicola East/Lanark Reef West/14June21Camera1-Card1-220.jpg,1905.19,973.11,1952.19,1020.11,LAGU site
high_resolution_photos/2021/Apalachicola East/Lanark Reef West/14June21Camera1-Card1-220.jpg,3419.19,1403.18,3466.19,1450.18,AMOY site
high_resolution_photos/2021/Apalachicola East/Lanark Reef West/14June21Camera1-Card1-220.jpg,3397.19,1407.18,3444.19,1454.18,AMOY bird
high_resolution_photos/2021/Apalachicola East/Lanark Reef West/14June21Camera1-Card1-220.jpg,2423.16,1731.15,2470.16,1778.15,UNSB
high_resolution_photos/2021/Apalachicola East/Lanark Reef West/14June21Camera1-Card1-220.jpg,2501.16,1761.15,2548.16,1808.15,UNSB
high_resolution_photos/2021/Apalachicola East/Lanark Reef West/14June21Camera1-Card1-220.jpg,2515.16,1761.15,2562.16,1808.15,UNSB
high_resolution_photos/2021/Sabine-Calcasieu/Rabbit Island/18June21Camera1-Card2-06389.jpg,3311.07,174.92,3346.07,209.92,FOTE bird
high_resolution_photos/2021/Sabine-Calcasieu/Rabbit Island/18June21Camera1-Card2-06389.jpg,518.52,195.33,553.52,230.33,FOTE bird
high_resolution_photos/2021/Sabine-Calcasieu/Rabbit Island/18June21Camera1-Card2-06389.jpg,4289.83,234.54,4324.83,269.54,FOTE site
high_resolution_photos/2021/Sabine-Calcasieu/Rabbit Island/18June21Camera1-Card2-06389.jpg,4852.06,249.77,4887.06,284.77,FOTE site
high_resolution_photos/2021/Sabine-Calcasieu/Rabbit Island/18June21Camera1-Card2-06389.jpg,1011.69,267.43,1046.69,302.43,FOTE site
high_resolution_photos/2021/Sabine-Calcasieu/Rabbit Island/18June21Camera1-Card2-06389.jpg,4705.85,281.77,4740.85,316.77,FOTE site
high_resolution_photos/2021/Sabine-Calcasieu/Rabbit Island/18June21Camera1-Card2-06389.jpg,3362.01,312.91,3397.01,347.91,FOTE site
high_resolution_photos/2021/Sabine-Calcasieu/Rabbit Island/18June21Camera1-Card2-06389.jpg,794.47,415.06,829.47,450.06,FOTE bird
high_resolution_photos/2021/Sabine-Calcasieu/Rabbit Island/18June21Camera1-Card2-06389.jpg,2672.18,440.22,2707.18,475.22,FOTE site
high_resolution_photos/2021/Sabine-Calcasieu/Rabbit Island/18June21Camera1-Card2-06389.jpg,2199.15,463.74,2234.15,498.74,FOTE bird
high_resolution_photos/2021/Sabine-Calcasieu/Rabbit Island/18June21Camera1-Card2-06389.jpg,4730.87,475.82,4765.87,510.82,FOTE bird
high_resolution_photos/2021/Sabine-Calcasieu/Rabbit Island/18June21Camera1-Card2-06389.jpg,383.15,511.16,418.15,546.16,FOTE bird
high_resolution_photos/2021/Sabine-Calcasieu/Rabbit Island/18June21Camera1-Card2-06389.jpg,1124.6,555.79,1159.6,590.79,FOTE site
high_resolution_photos/2021/Sabine-Calcasieu/Rabbit Island/18June21Camera1-Card2-06389.jpg,999.77,575.45,1034.77,610.45,FOTE bird
high_resolution_photos/2021/Sabine-Calcasieu/Rabbit Island/18June21Camera1-Card2-06389.jpg,4818.74,604.43,4853.74,639.43,FOTE bird
high_resolution_photos/2021/Sabine-Calcasieu/Rabbit Island/18June21Camera1-Card2-06389.jpg,1192.66,670.38,1227.66,705.38,FOTE site
high_resolution_photos/2021/Sabine-Calcasieu/Rabbit Island/18June21Camera1-Card2-06389.jpg,1604.04,689.18,1639.04,724.18,FOTE site
high_resolution_photos/2021/Sabine-Calcasieu/Rabbit Island/18June21Camera1-Card2-06389.jpg,4456.53,732.21,4491.53,767.21,FOTE site
high_resolution_photos/2021/Sabine-Calcasieu/Rabbit Island/18June21Camera1-Card2-06389.jpg,1284.35,764.26,1319.35,799.26,FOTE site
high_resolution_photos/2021/Sabine-Calcasieu/Rabbit Island/18June21Camera1-Card2-06389.jpg,201.03,773.32,236.03,808.32,FOTE site
high_resolution_photos/2021/Sabine-Calcasieu/Rabbit Island/18June21Camera1-Card2-06389.jpg,313.14,769.16,348.14,804.16,FOTE site
high_resolution_photos/2021/Sabine-Calcasieu/Rabbit Island/18June21Camera1-Card2-06389.jpg,309.14,773.16,344.14,808.16,FOTE site
high_resolution_photos/2021/Sabine-Calcasieu/Rabbit Island/18June21Camera1-Card2-06389.jpg,305.14,777.16,340.14,812.16,FOTE site
high_resolution_photos/2021/Sabine-Calcasieu/Rabbit Island/18June21Camera1-Card2-06389.jpg,341.14,783.16,376.14,818.16,FOTE site
high_resolution_photos/2021/Sabine-Calcasieu/Rabbit Island/18June21Camera1-Card2-06389.jpg,261.14,791.16,296.14,826.16,FOTE site
high_resolution_photos/2021/Sabine-Calcasieu/Rabbit Island/18June21Camera1-Card2-06389.jpg,404.87,781.03,439.87,816.03,FOTE site
high_resolution_photos/2021/Sabine-Calcasieu/Rabbit Island/18June21Camera1-Card2-06389.jpg,464.12,784.7,499.12,819.7,FOTE site
high_resolution_photos/2021/Sabine-Calcasieu/Rabbit Island/18June21Camera1-Card2-06389.jpg,504.56,785.74,539.56,820.74,FOTE site
high_resolution_photos/2021/Sabine-Calcasieu/Rabbit Island/18June21Camera1-Card2-06389.jpg,296.96,853.1,331.96,888.1,FOTE site
high_resolution_photos/2021/Sabine-Calcasieu/Rabbit Island/18June21Camera1-Card2-06389.jpg,438.28,856.99,473.28,891.99,FOTE site
high_resolution_photos/2021/Sabine-Calcasieu/Rabbit Island/18June21Camera1-Card2-06389.jpg,557.58,850.57,592.58,885.57,FOTE site
high_resolution_photos/2021/Sabine-Calcasieu/Rabbit Island/18June21Camera1-Card2-06389.jpg,242.2,858.9,277.2,893.9,FOTE site
high_resolution_photos/2021/Sabine-Calcasieu/Rabbit Island/18June21Camera1-Card2-06389.jpg,380.29,859.89,415.29,894.89,FOTE site
high_resolution_photos/2021/Sabine-Calcasieu/Rabbit Island/18June21Camera1-Card2-06389.jpg,198.04,858.34,233.04,893.34,FOTE site
high_resolution_photos/2021/Sabine-Calcasieu/Rabbit Island/18June21Camera1-Card2-06389.jpg,4648.03,875.66,4683.03,910.66,FOTE bird
high_resolution_photos/2021/Sabine-Calcasieu/Rabbit Island/18June21Camera1-Card2-06389.jpg,1267.81,885.05,1302.81,920.05,FOTE site
high_resolution_photos/2021/Sabine-Calcasieu/Rabbit Island/18June21Camera1-Card2-06389.jpg,3398.65,934.97,3433.65,969.97,FOTE bird
high_resolution_photos/2021/Sabine-Calcasieu/Rabbit Island/18June21Camera1-Card2-06389.jpg,1086.13,1046.78,1121.13,1081.78,FOTE bird
high_resolution_photos/2021/Sabine-Calcasieu/Rabbit Island/18June21Camera1-Card2-06389.jpg,1490.32,1098.44,1525.32,1133.44,FOTE bird
high_resolution_photos/2021/Sabine-Calcasieu/Rabbit Island/18June21Camera1-Card2-06389.jpg,2226.88,1226.36,2261.88,1261.36,FOTE bird
high_resolution_photos/2021/Sabine-Calcasieu/Rabbit Island/18June21Camera1-Card2-06389.jpg,231.98,1431.25,266.98,1466.25,FOTE bird
high_resolution_photos/2021/Sabine-Calcasieu/Rabbit Island/18June21Camera1-Card2-06389.jpg,3614.24,1691.44,3649.24,1726.44,FOTE bird
high_resolution_photos/2021/Sabine-Calcasieu/Rabbit Island/18June21Camera1-Card2-06389.jpg,4650.97,1727.58,4685.97,1762.58,FOTE bird
high_resolution_photos/2021/Sabine-Calcasieu/Rabbit Island/18June21Camera1-Card2-06389.jpg,514.1,1807.11,549.1,1842.11,FOTE site
high_resolution_photos/2021/Sabine-Calcasieu/Rabbit Island/18June21Camera1-Card2-06389.jpg,3910.21,1847.26,3945.21,1882.26,FOTE bird
high_resolution_photos/2021/Sabine-Calcasieu/Rabbit Island/18June21Camera1-Card2-06389.jpg,4327.79,1859.49,4362.79,1894.49,FOTE bird
high_resolution_photos/2021/Sabine-Calcasieu/Rabbit Island/18June21Camera1-Card2-06389.jpg,3889.14,1893.07,3924.14,1928.07,FOTE site
high_resolution_photos/2021/Sabine-Calcasieu/Rabbit Island/18June21Camera1-Card2-06389.jpg,1295.09,1902.06,1330.09,1937.06,FOTE bird
high_resolution_photos/2021/Sabine-Calcasieu/Rabbit Island/18June21Camera1-Card2-06389.jpg,4392.85,1902.47,4427.85,1937.47,FOTE bird
high_resolution_photos/2021/Sabine-Calcasieu/Rabbit Island/18June21Camera1-Card2-06389.jpg,1609.93,2051.58,1644.93,2086.58,FOTE site
high_resolution_photos/2021/Sabine-Calcasieu/Rabbit Island/18June21Camera1-Card2-06389.jpg,4847.09,2084.69,4882.09,2119.69,FOTE bird
high_resolution_photos/2021/Sabine-Calcasieu/Rabbit Island/18June21Camera1-Card2-06389.jpg,3599.02,2171.76,3634.02,2206.76,FOTE site
high_resolution_photos/2021/Sabine-Calcasieu/Rabbit Island/18June21Camera1-Card2-06389.jpg,4843.76,2179.98,4878.76,2214.98,FOTE site
high_resolution_photos/2021/Sabine-Calcasieu/Rabbit Island/18June21Camera1-Card2-06389.jpg,3402.93,2211.81,3437.93,2246.81,FOTE bird
high_resolution_photos/2021/Sabine-Calcasieu/Rabbit Island/18June21Camera1-Card2-06389.jpg,186.94,2395.62,221.94,2430.62,FOTE bird
high_resolution_photos/2021/Sabine-Calcasieu/Rabbit Island/18June21Camera1-Card2-06389.jpg,1564.8,2587.95,1599.8,2622.95,FOTE bird
high_resolution_photos/2021/Sabine-Calcasieu/Rabbit Island/18June21Camera1-Card2-06389.jpg,2799.49,2695.24,2834.49,2730.24,FOTE bird
high_resolution_photos/2021/Sabine-Calcasieu/Rabbit Island/18June21Camera1-Card2-06389.jpg,181.08,2885.6,216.08,2920.6,FOTE bird
high_resolution_photos/2021/Sabine-Calcasieu/Rabbit Island/18June21Camera1-Card2-06389.jpg,496.99,2917.92,531.99,2952.92,FOTE site
high_resolution_photos/2021/Sabine-Calcasieu/Rabbit Island/18June21Camera1-Card2-06389.jpg,1820.72,2972.65,1855.72,3007.65,FOTE site
high_resolution_photos/2021/Sabine-Calcasieu/Rabbit Island/18June21Camera1-Card2-06389.jpg,904.98,3028.62,939.98,3063.62,FOTE site
high_resolution_photos/2021/Sabine-Calcasieu/Rabbit Island/18June21Camera1-Card2-06389.jpg,2270.81,3062.97,2305.81,3097.97,FOTE bird
high_resolution_photos/2021/Sabine-Calcasieu/Rabbit Island/18June21Camera1-Card2-06389.jpg,2300.01,3124.36,2335.01,3159.36,FOTE site
high_resolution_photos/2021/Sabine-Calcasieu/Rabbit Island/18June21Camera1-Card2-06389.jpg,4409.12,3163.29,4444.12,3198.29,FOTE site
high_resolution_photos/2021/Sabine-Calcasieu/Rabbit Island/18June21Camera1-Card2-06389.jpg,2583.7,3195.68,2618.7,3230.68,FOTE bird
high_resolution_photos/2021/Sabine-Calcasieu/Rabbit Island/18June21Camera1-Card2-06389.jpg,75.0,3250.27,110.0,3285.27,FOTE site
high_resolution_photos/2021/Sabine-Calcasieu/Rabbit Island/18June21Camera1-Card2-06389.jpg,658.64,3255.0,693.64,3290.0,FOTE bird
high_resolution_photos/2021/Sabine-Calcasieu/Rabbit Island/18June21Camera1-Card2-06389.jpg,2611.97,3270.91,2646.97,3305.91,FOTE site
high_resolution_photos/2021/Sabine-Calcasieu/Rabbit Island/18June21Camera1-Card2-06389.jpg,632.47,3311.62,667.47,3346.62,FOTE site
high_resolution_photos/2021/Sabine-Calcasieu/Rabbit Island/18June21Camera1-Card2-06389.jpg,1009.83,3323.32,1044.83,3358.32,FOTE site
high_resolution_photos/2021/Sabine-Calcasieu/Rabbit Island/18June21Camera1-Card2-06389.jpg,137.83,3355.73,172.83,3390.73,FOTE site
high_resolution_photos/2021/Sabine-Calcasieu/Rabbit Island/18June21Camera1-Card2-06389.jpg,2167.11,3399.63,2202.11,3434.63,FOTE bird
high_resolution_photos/2021/Sabine-Calcasieu/Rabbit Island/18June21Camera1-Card2-06389.jpg,835.28,3458.89,870.28,3493.89,FOTE site
high_resolution_photos/2021/Galveston/South Deer Island/18June21Camera2-Card3-182.jpg,1375.13,19.08,1406.13,50.08,Bird
high_resolution_photos/2021/Galveston/South Deer Island/18June21Camera2-Card3-182.jpg,1423.13,75.08,1454.13,106.08,Bird
high_resolution_photos/2021/Galveston/South Deer Island/18June21Camera2-Card3-182.jpg,1439.12,91.08,1470.12,122.08,Bird
high_resolution_photos/2021/Galveston/South Deer Island/18June21Camera2-Card3-182.jpg,1515.12,175.07,1546.12,206.07,Bird
high_resolution_photos/2021/Galveston/South Deer Island/18June21Camera2-Card3-182.jpg,1519.12,179.07,1550.12,210.07,Bird
high_resolution_photos/2021/Galveston/South Deer Island/18June21Camera2-Card3-182.jpg,1535.12,195.07,1566.12,226.07,Bird
high_resolution_photos/2021/Galveston/South Deer Island/18June21Camera2-Card3-182.jpg,1555.12,219.07,1586.12,250.07,Bird
high_resolution_photos/2021/Galveston/South Deer Island/18June21Camera2-Card3-182.jpg,3991.05,255.08,4022.05,286.08,Bird
high_resolution_photos/2021/Galveston/South Deer Island/18June21Camera2-Card3-182.jpg,1687.12,367.07,1718.12,398.07,Bird
high_resolution_photos/2021/Galveston/South Deer Island/18June21Camera2-Card3-182.jpg,1775.11,463.07,1806.11,494.07,Bird
high_resolution_photos/2021/Galveston/South Deer Island/18June21Camera2-Card3-182.jpg,1811.11,503.07,1842.11,534.07,Bird
high_resolution_photos/2021/Galveston/South Deer Island/18June21Camera2-Card3-182.jpg,1815.11,507.07,1846.11,538.07,Bird
high_resolution_photos/2021/Galveston/South Deer Island/18June21Camera2-Card3-182.jpg,1819.11,511.07,1850.11,542.07,Bird
high_resolution_photos/2021/Galveston/South Deer Island/18June21Camera2-Card3-182.jpg,1823.11,515.07,1854.11,546.07,Bird
high_resolution_photos/2021/Galveston/South Deer Island/18June21Camera2-Card3-182.jpg,1839.11,535.06,1870.11,566.06,Bird
high_resolution_photos/2021/Galveston/South Deer Island/18June21Camera2-Card3-182.jpg,1843.11,539.06,1874.11,570.06,Bird
high_resolution_photos/2021/Galveston/South Deer Island/18June21Camera2-Card3-182.jpg,1847.11,543.06,1878.11,574.06,Bird
high_resolution_photos/2021/Galveston/South Deer Island/18June21Camera2-Card3-182.jpg,1851.11,547.06,1882.11,578.06,Bird
high_resolution_photos/2021/Galveston/South Deer Island/18June21Camera2-Card3-182.jpg,1875.11,575.06,1906.11,606.06,Bird
high_resolution_photos/2021/Galveston/South Deer Island/18June21Camera2-Card3-182.jpg,1883.91,582.26,1914.91,613.26,Bird
high_resolution_photos/2021/Galveston/South Deer Island/18June21Camera2-Card3-182.jpg,1895.11,599.06,1926.11,630.06,Bird
high_resolution_photos/2021/Galveston/South Deer Island/18June21Camera2-Card3-182.jpg,0.0,611.05,30.16,642.05,Bird
high_resolution_photos/2021/Galveston/South Deer Island/18June21Camera2-Card3-182.jpg,3.16,615.05,34.16,646.05,Bird
high_resolution_photos/2021/Galveston/South Deer Island/18June21Camera2-Card3-182.jpg,1911.11,615.06,1942.11,646.06,Bird
high_resolution_photos/2021/Galveston/South Deer Island/18June21Camera2-Card3-182.jpg,11.16,619.05,42.16,650.05,Bird
high_resolution_photos/2021/Galveston/South Deer Island/18June21Camera2-Card3-182.jpg,1915.11,619.06,1946.11,650.06,Bird
high_resolution_photos/2021/Galveston/South Deer Island/18June21Camera2-Card3-182.jpg,15.16,623.05,46.16,654.05,Bird
high_resolution_photos/2021/Galveston/South Deer Island/18June21Camera2-Card3-182.jpg,1919.11,623.06,1950.11,654.06,Bird
high_resolution_photos/2021/Galveston/South Deer Island/18June21Camera2-Card3-182.jpg,1923.11,627.06,1954.11,658.06,Bird
high_resolution_photos/2021/Galveston/South Deer Island/18June21Camera2-Card3-182.jpg,35.16,635.05,66.16,666.05,Bird
high_resolution_photos/2021/Galveston/South Deer Island/18June21Camera2-Card3-182.jpg,51.16,647.05,82.16,678.05,Bird
high_resolution_photos/2021/Galveston/South Deer Island/18June21Camera2-Card3-182.jpg,1939.11,647.06,1970.11,678.06,Bird
high_resolution_photos/2021/Galveston/South Deer Island/18June21Camera2-Card3-182.jpg,59.16,651.05,90.16,682.05,Bird
high_resolution_photos/2021/Galveston/South Deer Island/18June21Camera2-Card3-182.jpg,1943.11,651.06,1974.11,682.06,Bird
high_resolution_photos/2021/Galveston/South Deer Island/18June21Camera2-Card3-182.jpg,63.16,655.05,94.16,686.05,Bird
high_resolution_photos/2021/Galveston/South Deer Island/18June21Camera2-Card3-182.jpg,1947.11,655.06,1978.11,686.06,Bird
high_resolution_photos/2021/Galveston/South Deer Island/18June21Camera2-Card3-182.jpg,1951.11,659.06,1982.11,690.06,Bird
high_resolution_photos/2021/Galveston/South Deer Island/18June21Camera2-Card3-182.jpg,1963.11,675.06,1994.11,706.06,Bird
high_resolution_photos/2021/Galveston/South Deer Island/18June21Camera2-Card3-182.jpg,1967.11,679.06,1998.11,710.06,Bird
high_resolution_photos/2021/Galveston/South Deer Island/18June21Camera2-Card3-182.jpg,1971.11,683.06,2002.11,714.06,Bird
high_resolution_photos/2021/Galveston/South Deer Island/18June21Camera2-Card3-182.jpg,111.16,687.05,142.16,718.05,Bird
high_resolution_photos/2021/Galveston/South Deer Island/18June21Camera2-Card3-182.jpg,1975.11,687.06,2006.11,718.06,Bird
high_resolution_photos/2021/Galveston/South Deer Island/18June21Camera2-Card3-182.jpg,115.16,691.05,146.16,722.05,Bird
high_resolution_photos/2021/Galveston/South Deer Island/18June21Camera2-Card3-182.jpg,1979.11,691.06,2010.11,722.06,Bird
high_resolution_photos/2021/Galveston/South Deer Island/18June21Camera2-Card3-182.jpg,119.16,695.05,150.16,726.05,Bird
high_resolution_photos/2021/Galveston/South Deer Island/18June21Camera2-Card3-182.jpg,1983.11,695.06,2014.11,726.06,Bird
high_resolution_photos/2021/Galveston/South Deer Island/18June21Camera2-Card3-182.jpg,1987.11,699.06,2018.11,730.06,Bird
high_resolution_photos/2021/Galveston/South Deer Island/18June21Camera2-Card3-182.jpg,139.16,707.05,170.16,738.05,Bird
high_resolution_photos/2021/Galveston/South Deer Island/18June21Camera2-Card3-182.jpg,147.16,713.05,178.16,744.05,Bird
high_resolution_photos/2021/Galveston/South Deer Island/18June21Camera2-Card3-182.jpg,1995.11,711.06,2026.11,742.06,Bird
high_resolution_photos/2021/Galveston/South Deer Island/18June21Camera2-Card3-182.jpg,1999.1,715.06,2030.1,746.06,Bird
high_resolution_photos/2021/Galveston/South Deer Island/18June21Camera2-Card3-182.jpg,155.16,719.05,186.16,750.05,Bird
high_resolution_photos/2021/Galveston/South Deer Island/18June21Camera2-Card3-182.jpg,2003.1,719.06,2034.1,750.06,Bird
high_resolution_photos/2021/Galveston/South Deer Island/18June21Camera2-Card3-182.jpg,2007.1,723.06,2038.1,754.06,Bird
high_resolution_photos/2021/Galveston/South Deer Island/18June21Camera2-Card3-182.jpg,231.16,771.05,262.16,802.05,Bird
high_resolution_photos/2021/Galveston/South Deer Island/18June21Camera2-Card3-182.jpg,235.16,775.05,266.16,806.05,Bird
high_resolution_photos/2021/Galveston/South Deer Island/18June21Camera2-Card3-182.jpg,243.16,779.05,274.16,810.05,Bird
high_resolution_photos/2021/Galveston/South Deer Island/18June21Camera2-Card3-182.jpg,335.15,843.05,366.15,874.05,Bird
high_resolution_photos/2021/Galveston/South Deer Island/18June21Camera2-Card3-182.jpg,411.15,895.05,442.15,926.05,Bird
high_resolution_photos/2021/Galveston/South Deer Island/18June21Camera2-Card3-182.jpg,419.15,899.05,450.15,930.05,Bird
high_resolution_photos/2021/Galveston/South Deer Island/18June21Camera2-Card3-182.jpg,423.15,903.05,454.15,934.05,Bird
high_resolution_photos/2021/Galveston/South Deer Island/18June21Camera2-Card3-182.jpg,2267.1,1011.05,2298.1,1042.05,Bird
high_resolution_photos/2021/Galveston/South Deer Island/18June21Camera2-Card3-182.jpg,2271.1,1015.05,2302.1,1046.05,Bird
high_resolution_photos/2021/Galveston/South Deer Island/18June21Camera2-Card3-182.jpg,603.14,1027.04,634.14,1058.04,Bird
high_resolution_photos/2021/Galveston/South Deer Island/18June21Camera2-Card3-182.jpg,607.14,1031.04,638.14,1062.04,Bird
high_resolution_photos/2021/Galveston/South Deer Island/18June21Camera2-Card3-182.jpg,2287.09,1035.05,2318.09,1066.05,Bird
high_resolution_photos/2021/Galveston/South Deer Island/18June21Camera2-Card3-182.jpg,2291.09,1039.05,2322.09,1070.05,BRPE bird
high_resolution_photos/2021/Galveston/South Deer Island/18June21Camera2-Card3-182.jpg,2331.09,1083.05,2362.09,1114.05,Bird
high_resolution_photos/2021/Galveston/South Deer Island/18June21Camera2-Card3-182.jpg,2347.09,1099.05,2378.09,1130.05,Bird
high_resolution_photos/2021/Galveston/South Deer Island/18June21Camera2-Card3-182.jpg,723.14,1147.04,754.14,1178.04,Bird
high_resolution_photos/2021/Galveston/South Deer Island/18June21Camera2-Card3-182.jpg,2475.09,1243.05,2506.09,1274.05,Bird
high_resolution_photos/2021/Galveston/South Deer Island/18June21Camera2-Card3-182.jpg,2503.09,1279.05,2534.09,1310.05,Bird
high_resolution_photos/2021/Galveston/South Deer Island/18June21Camera2-Card3-182.jpg,2508.42,1289.71,2539.42,1320.71,BRPE bird
high_resolution_photos/2021/Galveston/South Deer Island/18June21Camera2-Card3-182.jpg,2563.09,1315.05,2594.09,1346.05,BRPE bird
high_resolution_photos/2021/Galveston/South Deer Island/18June21Camera2-Card3-182.jpg,2567.08,1319.05,2598.08,1350.05,BRPE bird
high_resolution_photos/2021/Galveston/South Deer Island/18June21Camera2-Card3-182.jpg,2523.09,1363.04,2554.09,1394.04,BRPE bird
high_resolution_photos/2021/Galveston/South Deer Island/18June21Camera2-Card3-182.jpg,2515.09,1367.04,2546.09,1398.04,BRPE bird
high_resolution_photos/2021/Galveston/South Deer Island/18June21Camera2-Card3-182.jpg,3671.05,1371.05,3702.05,1402.05,Bird
high_resolution_photos/2021/Galveston/South Deer Island/18June21Camera2-Card3-182.jpg,3667.05,1375.05,3698.05,1406.05,Bird
high_resolution_photos/2021/Galveston/South Deer Island/18June21Camera2-Card3-182.jpg,3647.05,1399.05,3678.05,1430.05,Bird
high_resolution_photos/2021/Galveston/South Deer Island/18June21Camera2-Card3-182.jpg,3643.05,1403.05,3674.05,1434.05,Bird
high_resolution_photos/2021/Galveston/South Deer Island/18June21Camera2-Card3-182.jpg,3639.05,1407.05,3670.05,1438.05,Bird
high_resolution_photos/2021/Galveston/South Deer Island/18June21Camera2-Card3-182.jpg,3635.05,1411.05,3666.05,1442.05,Bird
high_resolution_photos/2021/Galveston/South Deer Island/18June21Camera2-Card3-182.jpg,2837.08,1419.04,2868.08,1450.04,BRPE bird
high_resolution_photos/2021/Galveston/South Deer Island/18June21Camera2-Card3-182.jpg,3607.05,1443.05,3638.05,1474.05,Bird
high_resolution_photos/2021/Galveston/South Deer Island/18June21Camera2-Card3-182.jpg,3603.05,1447.05,3634.05,1478.05,Bird
high_resolution_photos/2021/Galveston/South Deer Island/18June21Camera2-Card3-182.jpg,3599.05,1451.05,3630.05,1482.05,Bird
high_resolution_photos/2021/Galveston/South Deer Island/18June21Camera2-Card3-182.jpg,3593.05,1459.05,3624.05,1490.05,Bird
high_resolution_photos/2021/Galveston/South Deer Island/18June21Camera2-Card3-182.jpg,3587.05,1467.05,3618.05,1498.05,Bird
high_resolution_photos/2021/Galveston/South Deer Island/18June21Camera2-Card3-182.jpg,3583.05,1471.05,3614.05,1502.05,Bird
high_resolution_photos/2021/Galveston/South Deer Island/18June21Camera2-Card3-182.jpg,3579.05,1475.05,3610.05,1506.05,Bird
high_resolution_photos/2021/Galveston/South Deer Island/18June21Camera2-Card3-182.jpg,3575.05,1479.05,3606.05,1510.05,Bird
high_resolution_photos/2021/Galveston/South Deer Island/18June21Camera2-Card3-182.jpg,3923.04,1479.05,3954.04,1510.05,Bird
high_resolution_photos/2021/Galveston/South Deer Island/18June21Camera2-Card3-182.jpg,3571.05,1483.05,3602.05,1514.05,Bird
high_resolution_photos/2021/Galveston/South Deer Island/18June21Camera2-Card3-182.jpg,3567.05,1487.05,3598.05,1518.05,Bird
high_resolution_photos/2021/Galveston/South Deer Island/18June21Camera2-Card3-182.jpg,3031.07,1491.04,3062.07,1522.04,BRPE bird
high_resolution_photos/2021/Galveston/South Deer Island/18June21Camera2-Card3-182.jpg,3563.05,1491.05,3594.05,1522.05,Bird
high_resolution_photos/2021/Galveston/South Deer Island/18June21Camera2-Card3-182.jpg,2359.09,1495.04,2390.09,1526.04,BRPE bird
high_resolution_photos/2021/Galveston/South Deer Island/18June21Camera2-Card3-182.jpg,3559.05,1495.05,3590.05,1526.05,Bird
high_resolution_photos/2021/Galveston/South Deer Island/18June21Camera2-Card3-182.jpg,3555.05,1507.05,3586.05,1538.05,BRPE bird
high_resolution_photos/2021/Galveston/South Deer Island/18June21Camera2-Card3-182.jpg,3547.06,1511.04,3578.06,1542.04,BRPE bird
high_resolution_photos/2021/Galveston/South Deer Island/18June21Camera2-Card3-182.jpg,3543.06,1515.04,3574.06,1546.04,BRPE bird
high_resolution_photos/2021/Galveston/South Deer Island/18June21Camera2-Card3-182.jpg,3539.06,1519.04,3570.06,1550.04,BRPE bird
high_resolution_photos/2021/Galveston/South Deer Island/18June21Camera2-Card3-182.jpg,3535.06,1523.04,3566.06,1554.04,Bird
high_resolution_photos/2021/Galveston/South Deer Island/18June21Camera2-Card3-182.jpg,3531.06,1527.04,3562.06,1558.04,Bird
high_resolution_photos/2021/Galveston/South Deer Island/18June21Camera2-Card3-182.jpg,3135.07,1531.04,3166.07,1562.04,BRPE bird
high_resolution_photos/2021/Galveston/South Deer Island/18June21Camera2-Card3-182.jpg,3143.07,1535.04,3174.07,1566.04,BRPE bird
high_resolution_photos/2021/Galveston/South Deer Island/18June21Camera2-Card3-182.jpg,3169.07,1543.04,3200.07,1574.04,BRPE bird
high_resolution_photos/2021/Galveston/South Deer Island/18June21Camera2-Card3-182.jpg,3511.06,1551.04,3542.06,1582.04,Bird
high_resolution_photos/2021/Galveston/South Deer Island/18June21Camera2-Card3-182.jpg,3507.06,1555.04,3538.06,1586.04,Bird
high_resolution_photos/2021/Galveston/South Deer Island/18June21Camera2-Card3-182.jpg,3503.06,1559.04,3534.06,1590.04,Bird
high_resolution_photos/2021/Galveston/South Deer Island/18June21Camera2-Card3-182.jpg,3499.06,1563.04,3530.06,1594.04,Bird
high_resolution_photos/2021/Galveston/South Deer Island/18June21Camera2-Card3-182.jpg,3495.06,1567.04,3526.06,1598.04,Bird
high_resolution_photos/2021/Galveston/South Deer Island/18June21Camera2-Card3-182.jpg,3491.06,1571.04,3522.06,1602.04,Bird
high_resolution_photos/2021/Galveston/South Deer Island/18June21Camera2-Card3-182.jpg,3479.06,1587.04,3510.06,1618.04,Bird
high_resolution_photos/2021/Galveston/South Deer Island/18June21Camera2-Card3-182.jpg,3475.06,1591.04,3506.06,1622.04,Bird
high_resolution_photos/2021/Galveston/South Deer Island/18June21Camera2-Card3-182.jpg,3471.06,1595.04,3502.06,1626.04,Bird
high_resolution_photos/2021/Galveston/South Deer Island/18June21Camera2-Card3-182.jpg,3467.06,1599.04,3498.06,1630.04,Bird
high_resolution_photos/2021/Galveston/South Deer Island/18June21Camera2-Card3-182.jpg,2227.09,1603.04,2258.09,1634.04,BRPE bird
high_resolution_photos/2021/Galveston/South Deer Island/18June21Camera2-Card3-182.jpg,3463.06,1603.04,3494.06,1634.04,Bird
high_resolution_photos/2021/Galveston/South Deer Island/18June21Camera2-Card3-182.jpg,2223.09,1607.04,2254.09,1638.04,BRPE bird
high_resolution_photos/2021/Galveston/South Deer Island/18June21Camera2-Card3-182.jpg,3459.06,1607.04,3490.06,1638.04,Bird
high_resolution_photos/2021/Galveston/South Deer Island/18June21Camera2-Card3-182.jpg,3455.06,1611.04,3486.06,1642.04,Bird
high_resolution_photos/2021/Galveston/South Deer Island/18June21Camera2-Card3-182.jpg,3451.06,1615.04,3482.06,1646.04,Bird
high_resolution_photos/2021/Galveston/South Deer Island/18June21Camera2-Card3-182.jpg,3439.06,1631.04,3470.06,1662.04,Bird
high_resolution_photos/2021/Galveston/South Deer Island/18June21Camera2-Card3-182.jpg,3407.06,1635.04,3438.06,1666.04,BRPE bird
high_resolution_photos/2021/Galveston/South Deer Island/18June21Camera2-Card3-182.jpg,3435.06,1635.04,3466.06,1666.04,Bird
high_resolution_photos/2021/Galveston/South Deer Island/18June21Camera2-Card3-182.jpg,3431.06,1639.04,3462.06,1670.04,Bird
high_resolution_photos/2021/Galveston/South Deer Island/18June21Camera2-Card3-182.jpg,2135.1,1691.03,2166.1,1722.03,Bird
high_resolution_photos/2021/Galveston/South Deer Island/18June21Camera2-Card3-182.jpg,2131.1,1695.03,2162.1,1726.03,Bird
high_resolution_photos/2021/Galveston/South Deer Island/18June21Camera2-Card3-182.jpg,2127.1,1699.03,2158.1,1730.03,Bird
high_resolution_photos/2021/Galveston/South Deer Island/18June21Camera2-Card3-182.jpg,2123.1,1703.03,2154.1,1734.03,Bird
high_resolution_photos/2021/Galveston/South Deer Island/18June21Camera2-Card3-182.jpg,983.13,1883.02,1014.13,1914.02,Bird
high_resolution_photos/2021/Galveston/South Deer Island/18June21Camera2-Card3-182.jpg,1959.1,1891.03,1990.1,1922.03,WHIB site
high_resolution_photos/2021/Galveston/South Deer Island/18June21Camera2-Card3-182.jpg,1923.1,1919.02,1954.1,1950.02,Bird
high_resolution_photos/2021/Galveston/South Deer Island/18June21Camera2-Card3-182.jpg,1903.1,1951.02,1934.1,1982.02,WHIB site
high_resolution_photos/2021/Galveston/South Deer Island/18June21Camera2-Card3-182.jpg,1835.1,1999.02,1866.1,2030.02,BRPE bird
high_resolution_photos/2021/Galveston/South Deer Island/18June21Camera2-Card3-182.jpg,1819.1,2011.02,1850.1,2042.02,BRPE bird
high_resolution_photos/2021/Galveston/South Deer Island/18June21Camera2-Card3-182.jpg,1815.1,2015.02,1846.1,2046.02,BRPE bird
high_resolution_photos/2021/Galveston/South Deer Island/18June21Camera2-Card3-182.jpg,1783.1,2043.02,1814.1,2074.02,BRPE bird
high_resolution_photos/2021/Galveston/South Deer Island/18June21Camera2-Card3-182.jpg,1779.1,2047.02,1810.1,2078.02,BRPE bird
high_resolution_photos/2021/Galveston/South Deer Island/18June21Camera2-Card3-182.jpg,1775.1,2051.02,1806.1,2082.02,BRPE bird
high_resolution_photos/2021/Galveston/South Deer Island/18June21Camera2-Card3-182.jpg,1735.11,2083.02,1766.11,2114.02,BRPE bird
high_resolution_photos/2021/Galveston/South Deer Island/18June21Camera2-Card3-182.jpg,1731.11,2087.02,1762.11,2118.02,BRPE bird
high_resolution_photos/2021/Galveston/South Deer Island/18June21Camera2-Card3-182.jpg,1727.11,2091.02,1758.11,2122.02,BRPE bird
high_resolution_photos/2021/Galveston/South Deer Island/18June21Camera2-Card3-182.jpg,1723.11,2095.02,1754.11,2126.02,BRPE bird
high_resolution_photos/2021/Galveston/South Deer Island/18June21Camera2-Card3-182.jpg,1719.11,2099.02,1750.11,2130.02,BRPE bird
high_resolution_photos/2021/Galveston/South Deer Island/18June21Camera2-Card3-182.jpg,1715.11,2103.02,1746.11,2134.02,BRPE bird
high_resolution_photos/2021/Galveston/South Deer Island/18June21Camera2-Card3-182.jpg,1693.96,2121.87,1724.96,2152.87,Bird
high_resolution_photos/2021/Galveston/South Deer Island/18June21Camera2-Card3-182.jpg,1679.11,2133.02,1710.11,2164.02,BRPE bird
high_resolution_photos/2021/Galveston/South Deer Island/18June21Camera2-Card3-182.jpg,1671.11,2139.02,1702.11,2170.02,BRPE bird
high_resolution_photos/2021/Galveston/South Deer Island/18June21Camera2-Card3-182.jpg,1667.11,2143.02,1698.11,2174.02,BRPE bird
high_resolution_photos/2021/Galveston/South Deer Island/18June21Camera2-Card3-182.jpg,1663.11,2147.02,1694.11,2178.02,BRPE bird
high_resolution_photos/2021/Galveston/South Deer Island/18June21Camera2-Card3-182.jpg,1651.11,2155.02,1682.11,2186.02,BRPE bird
high_resolution_photos/2021/Galveston/South Deer Island/18June21Camera2-Card3-182.jpg,1647.11,2159.02,1678.11,2190.02,BRPE bird
high_resolution_photos/2021/Galveston/South Deer Island/18June21Camera2-Card3-182.jpg,1643.11,2163.02,1674.11,2194.02,BRPE bird
high_resolution_photos/2021/Galveston/South Deer Island/18June21Camera2-Card3-182.jpg,1639.11,2167.02,1670.11,2198.02,BRPE bird
high_resolution_photos/2021/Galveston/South Deer Island/18June21Camera2-Card3-182.jpg,1635.11,2171.02,1666.11,2202.02,BRPE bird
high_resolution_photos/2021/Galveston/South Deer Island/18June21Camera2-Card3-182.jpg,1627.11,2175.02,1658.11,2206.02,BRPE bird
high_resolution_photos/2021/Galveston/South Deer Island/18June21Camera2-Card3-182.jpg,1618.31,2182.22,1649.31,2213.22,Bird
high_resolution_photos/2021/Galveston/South Deer Island/18June21Camera2-Card3-182.jpg,1611.11,2191.01,1642.11,2222.01,BRPE bird
high_resolution_photos/2021/Galveston/South Deer Island/18June21Camera2-Card3-182.jpg,1515.11,2271.01,1546.11,2302.01,Bird
high_resolution_photos/2021/Galveston/South Deer Island/18June21Camera2-Card3-182.jpg,1567.11,2271.01,1598.11,2302.01,LAGU bird
high_resolution_photos/2021/Galveston/South Deer Island/18June21Camera2-Card3-182.jpg,1479.11,2303.01,1510.11,2334.01,Bird
high_resolution_photos/2021/Galveston/South Deer Island/18June21Camera2-Card3-182.jpg,1375.11,2395.01,1406.11,2426.01,Bird
high_resolution_photos/2021/Galveston/South Deer Island/18June21Camera2-Card3-182.jpg,1371.11,2399.01,1402.11,2430.01,BRPE bird
high_resolution_photos/2021/Galveston/South Deer Island/18June21Camera2-Card3-182.jpg,1367.11,2403.01,1398.11,2434.01,BRPE bird
high_resolution_photos/2021/Galveston/South Deer Island/18June21Camera2-Card3-182.jpg,1307.12,2459.01,1338.12,2490.01,Bird
high_resolution_photos/2021/Galveston/South Deer Island/18June21Camera2-Card3-182.jpg,1303.12,2463.01,1334.12,2494.01,Bird
high_resolution_photos/2021/Galveston/South Deer Island/18June21Camera2-Card3-182.jpg,1299.12,2471.0,1330.12,2502.0,Bird
high_resolution_photos/2021/Galveston/South Deer Island/18June21Camera2-Card3-182.jpg,1271.12,2495.0,1302.12,2526.0,Bird
high_resolution_photos/2021/Galveston/South Deer Island/18June21Camera2-Card3-182.jpg,1307.12,2495.0,1338.12,2526.0,WHIB site
high_resolution_photos/2021/Galveston/South Deer Island/18June21Camera2-Card3-182.jpg,1267.12,2499.0,1298.12,2530.0,Bird
high_resolution_photos/2021/Galveston/South Deer Island/18June21Camera2-Card3-182.jpg,1263.12,2503.0,1294.12,2534.0,Bird
high_resolution_photos/2021/Galveston/South Deer Island/18June21Camera2-Card3-182.jpg,1259.12,2507.0,1290.12,2538.0,Bird
high_resolution_photos/2021/Galveston/South Deer Island/18June21Camera2-Card3-182.jpg,1255.12,2511.0,1286.12,2542.0,Bird
high_resolution_photos/2021/Galveston/South Deer Island/18June21Camera2-Card3-182.jpg,1331.12,2511.0,1362.12,2542.0,WHIB site
high_resolution_photos/2021/Galveston/South Deer Island/18June21Camera2-Card3-182.jpg,1239.12,2523.0,1270.12,2554.0,Bird
high_resolution_photos/2021/Galveston/South Deer Island/18June21Camera2-Card3-182.jpg,1307.12,2539.0,1338.12,2570.0,WHIB ad
high_resolution_photos/2021/Galveston/South Deer Island/18June21Camera2-Card3-182.jpg,1195.12,2563.0,1226.12,2594.0,BRPE bird
high_resolution_photos/2021/Galveston/South Deer Island/18June21Camera2-Card3-182.jpg,1191.12,2567.0,1222.12,2598.0,BRPE bird
high_resolution_photos/2021/Galveston/South Deer Island/18June21Camera2-Card3-182.jpg,1199.12,2595.0,1230.12,2626.0,LAGU site
high_resolution_photos/2021/Galveston/South Deer Island/18June21Camera2-Card3-182.jpg,1205.12,2629.0,1236.12,2660.0,LAGU bird
high_resolution_photos/2021/Galveston/South Deer Island/18June21Camera2-Card3-182.jpg,995.12,2671.0,1026.12,2702.0,BRPE bird
high_resolution_photos/2021/Galveston/South Deer Island/18June21Camera2-Card3-182.jpg,971.12,2711.0,1002.12,2742.0,Bird
high_resolution_photos/2021/Galveston/South Deer Island/18June21Camera2-Card3-182.jpg,947.13,2750.99,978.13,2781.99,Bird
high_resolution_photos/2021/Galveston/South Deer Island/18June21Camera2-Card3-182.jpg,931.13,2774.99,962.13,2805.99,Bird
high_resolution_photos/2021/Galveston/South Deer Island/18June21Camera2-Card3-182.jpg,3093.07,551.07,3124.07,582.07,Bird
high_resolution_photos/2021/Galveston/South Deer Island/18June21Camera2-Card3-182.jpg,2857.08,1479.04,2888.08,1510.04,LAGU site
high_resolution_photos/2021/Galveston/South Deer Island/18June21Camera2-Card3-182.jpg,2875.08,1479.04,2906.08,1510.04,LAGU bird
high_resolution_photos/2021/Galveston/South Deer Island/18June21Camera2-Card3-182.jpg,2471.09,1503.04,2502.09,1534.04,TRHE site
high_resolution_photos/2021/Galveston/South Deer Island/18June21Camera2-Card3-182.jpg,2479.09,1511.04,2510.09,1542.04,TRHE site
high_resolution_photos/2021/Galveston/South Deer Island/18June21Camera2-Card3-182.jpg,2843.08,1527.04,2874.08,1558.04,TRHE site
high_resolution_photos/2021/Galveston/South Deer Island/18June21Camera2-Card3-182.jpg,2863.08,1527.04,2894.08,1558.04,SNEG site
high_resolution_photos/2021/Galveston/South Deer Island/18June21Camera2-Card3-182.jpg,2412.42,1628.37,2443.42,1659.37,WHIB site
high_resolution_photos/2021/Galveston/South Deer Island/18June21Camera2-Card3-182.jpg,2423.09,1635.04,2454.09,1666.04,WHIB site
high_resolution_photos/2021/Galveston/South Deer Island/18June21Camera2-Card3-182.jpg,2431.09,1643.04,2462.09,1674.04,WHIB site
high_resolution_photos/2021/Galveston/South Deer Island/18June21Camera2-Card3-182.jpg,2435.09,1659.03,2466.09,1690.03,WHIB site
high_resolution_photos/2021/Galveston/South Deer Island/18June21Camera2-Card3-182.jpg,2423.09,1671.03,2454.09,1702.03,WHIB ad
high_resolution_photos/2021/Galveston/South Deer Island/18June21Camera2-Card3-182.jpg,2381.76,1681.7,2412.76,1712.7,WHIB site
high_resolution_photos/2021/Galveston/South Deer Island/18June21Camera2-Card3-182.jpg,2419.09,1689.03,2450.09,1720.03,WHIB ad
high_resolution_photos/2021/Galveston/South Deer Island/18June21Camera2-Card3-182.jpg,4947.01,1719.05,4978.01,1750.05,LAGU site
high_resolution_photos/2021/Galveston/South Deer Island/18June21Camera2-Card3-182.jpg,2731.08,1755.03,2762.08,1786.03,WHIB ad
high_resolution_photos/2021/Galveston/South Deer Island/18June21Camera2-Card3-182.jpg,2719.08,1759.03,2750.08,1790.03,WHIB ad
high_resolution_photos/2021/Galveston/South Deer Island/18June21Camera2-Card3-182.jpg,2767.08,1775.03,2798.08,1806.03,WHIB ad
high_resolution_photos/2021/Galveston/South Deer Island/18June21Camera2-Card3-182.jpg,2779.08,1775.03,2810.08,1806.03,WHIB ad
high_resolution_photos/2021/Galveston/South Deer Island/18June21Camera2-Card3-182.jpg,2483.08,1835.03,2514.08,1866.03,WHIB wbn
high_resolution_photos/2021/Galveston/South Deer Island/18June21Camera2-Card3-182.jpg,2511.08,1835.03,2542.08,1866.03,WHIB site
high_resolution_photos/2021/Galveston/South Deer Island/18June21Camera2-Card3-182.jpg,2483.08,1863.03,2514.08,1894.03,WHIB site
high_resolution_photos/2021/Galveston/South Deer Island/18June21Camera2-Card3-182.jpg,2511.08,1863.03,2542.08,1894.03,WHIB wbn
high_resolution_photos/2021/Galveston/South Deer Island/18June21Camera2-Card3-182.jpg,2755.08,1855.03,2786.08,1886.03,WHIB site
high_resolution_photos/2021/Galveston/South Deer Island/18June21Camera2-Card3-182.jpg,2727.08,1875.03,2758.08,1906.03,WHIB ad
high_resolution_photos/2021/Galveston/South Deer Island/18June21Camera2-Card3-182.jpg,2751.08,1891.03,2782.08,1922.03,WHIB site
high_resolution_photos/2021/Galveston/South Deer Island/18June21Camera2-Card3-182.jpg,2755.08,1911.03,2786.08,1942.03,WHIB ad
high_resolution_photos/2021/Galveston/South Deer Island/18June21Camera2-Card3-182.jpg,2159.09,1871.03,2190.09,1902.03,WHIB site
high_resolution_photos/2021/Galveston/South Deer Island/18June21Camera2-Card3-182.jpg,2171.09,1881.03,2202.09,1912.03,WHIB site
high_resolution_photos/2021/Galveston/South Deer Island/18June21Camera2-Card3-182.jpg,2123.1,1887.03,2154.1,1918.03,WHIB ad
high_resolution_photos/2021/Galveston/South Deer Island/18June21Camera2-Card3-182.jpg,2683.08,1907.03,2714.08,1938.03,WHIB site
high_resolution_photos/2021/Galveston/South Deer Island/18June21Camera2-Card3-182.jpg,2711.08,1937.03,2742.08,1968.03,WHIB site
high_resolution_photos/2021/Galveston/South Deer Island/18June21Camera2-Card3-182.jpg,2216.43,1920.36,2247.43,1951.36,WHIB site
high_resolution_photos/2021/Galveston/South Deer Island/18June21Camera2-Card3-182.jpg,2207.09,1927.03,2238.09,1958.03,WHIB ad
high_resolution_photos/2021/Galveston/South Deer Island/18June21Camera2-Card3-182.jpg,1337.12,1914.22,1368.12,1945.22,Bird
high_resolution_photos/2021/Galveston/South Deer Island/18June21Camera2-Card3-182.jpg,1971.1,1939.02,2002.1,1970.02,WHIB site
high_resolution_photos/2021/Galveston/South Deer Island/18June21Camera2-Card3-182.jpg,1991.1,1943.02,2022.1,1974.02,WHIB site
high_resolution_photos/2021/Galveston/South Deer Island/18June21Camera2-Card3-182.jpg,1963.1,1951.02,1994.1,1982.02,WHIB site
high_resolution_photos/2021/Galveston/South Deer Island/18June21Camera2-Card3-182.jpg,2209.55,1952.87,2240.55,1983.87,WHIB ad
high_resolution_photos/2021/Galveston/South Deer Island/18June21Camera2-Card3-182.jpg,2743.08,1983.03,2774.08,2014.03,WHIB site
high_resolution_photos/2021/Galveston/South Deer Island/18June21Camera2-Card3-182.jpg,2755.08,1987.03,2786.08,2018.03,WHIB site
high_resolution_photos/2021/Galveston/South Deer Island/18June21Camera2-Card3-182.jpg,3251.06,2047.03,3282.06,2078.03,LAGU bird
high_resolution_photos/2021/Galveston/South Deer Island/18June21Camera2-Card3-182.jpg,3353.06,2043.03,3384.06,2074.03,LAGU bird
high_resolution_photos/2021/Galveston/South Deer Island/18June21Camera2-Card3-182.jpg,3307.06,2047.03,3338.06,2078.03,LAGU bird
high_resolution_photos/2021/Galveston/South Deer Island/18June21Camera2-Card3-182.jpg,2783.07,2055.02,2814.07,2086.02,WHIB site
high_resolution_photos/2021/Galveston/South Deer Island/18June21Camera2-Card3-182.jpg,2771.08,2063.02,2802.08,2094.02,WHIB ad
high_resolution_photos/2021/Galveston/South Deer Island/18June21Camera2-Card3-182.jpg,2791.07,2063.02,2822.07,2094.02,WHIB ad
high_resolution_photos/2021/Galveston/South Deer Island/18June21Camera2-Card3-182.jpg,2707.08,2091.02,2738.08,2122.02,WHIB site
high_resolution_photos/2021/Galveston/South Deer Island/18June21Camera2-Card3-182.jpg,2651.08,2103.02,2682.08,2134.02,WHIB site
high_resolution_photos/2021/Galveston/South Deer Island/18June21Camera2-Card3-182.jpg,2695.08,2103.02,2726.08,2134.02,WHIB ad
high_resolution_photos/2021/Galveston/South Deer Island/18June21Camera2-Card3-182.jpg,2643.08,2107.02,2674.08,2138.02,WHIB site
high_resolution_photos/2021/Galveston/South Deer Island/18June21Camera2-Card3-182.jpg,2635.08,2111.02,2666.08,2142.02,WHIB ad
high_resolution_photos/2021/Galveston/South Deer Island/18June21Camera2-Card3-182.jpg,2661.08,2111.02,2692.08,2142.02,WHIB site
high_resolution_photos/2021/Galveston/South Deer Island/18June21Camera2-Card3-182.jpg,2659.08,2143.02,2690.08,2174.02,WHIB ad
high_resolution_photos/2021/Galveston/South Deer Island/18June21Camera2-Card3-182.jpg,2693.08,2143.02,2724.08,2174.02,WHIB ad
high_resolution_photos/2021/Galveston/South Deer Island/18June21Camera2-Card3-182.jpg,2721.08,2143.02,2752.08,2174.02,WHIB ad
high_resolution_photos/2021/Galveston/South Deer Island/18June21Camera2-Card3-182.jpg,2519.08,2087.02,2550.08,2118.02,WHIB wbn
high_resolution_photos/2021/Galveston/South Deer Island/18June21Camera2-Card3-182.jpg,2515.08,2091.02,2546.08,2122.02,WHIB wbn
high_resolution_photos/2021/Galveston/South Deer Island/18June21Camera2-Card3-182.jpg,2515.08,2119.02,2546.08,2150.02,WHIB wbn
high_resolution_photos/2021/Galveston/South Deer Island/18June21Camera2-Card3-182.jpg,2543.08,2119.02,2574.08,2150.02,WHIB wbn
high_resolution_photos/2021/Galveston/South Deer Island/18June21Camera2-Card3-182.jpg,2245.09,2142.71,2276.09,2173.71,Bird
high_resolution_photos/2021/Galveston/South Deer Island/18June21Camera2-Card3-182.jpg,2785.74,2216.35,2816.74,2247.35,WHIB site
high_resolution_photos/2021/Galveston/South Deer Island/18June21Camera2-Card3-182.jpg,2771.07,2223.02,2802.07,2254.02,WHIB ad
high_resolution_photos/2021/Galveston/South Deer Island/18June21Camera2-Card3-182.jpg,2795.07,2223.02,2826.07,2254.02,WHIB site
high_resolution_photos/2021/Galveston/South Deer Island/18June21Camera2-Card3-182.jpg,2811.07,2263.02,2842.07,2294.02,WHIB site
high_resolution_photos/2021/Galveston/South Deer Island/18June21Camera2-Card3-182.jpg,1929.77,2220.35,1960.77,2251.35,WHIB site
high_resolution_photos/2021/Galveston/South Deer Island/18June21Camera2-Card3-182.jpg,1931.1,2271.01,1962.1,2302.01,WHIB site
high_resolution_photos/2021/Galveston/South Deer Island/18June21Camera2-Card3-182.jpg,2727.08,2255.02,2758.08,2286.02,WHIB ad
high_resolution_photos/2021/Galveston/South Deer Island/18June21Camera2-Card3-182.jpg,2763.07,2259.02,2794.07,2290.02,WHIB site
high_resolution_photos/2021/Galveston/South Deer Island/18June21Camera2-Card3-182.jpg,2753.07,2263.02,2784.07,2294.02,WHIB ad
high_resolution_photos/2021/Galveston/South Deer Island/18June21Camera2-Card3-182.jpg,2691.08,2271.02,2722.08,2302.02,WHIB ad
high_resolution_photos/2021/Galveston/South Deer Island/18June21Camera2-Card3-182.jpg,2687.08,2275.02,2718.08,2306.02,WHIB ad
high_resolution_photos/2021/Galveston/South Deer Island/18June21Camera2-Card3-182.jpg,2587.08,2283.02,2618.08,2314.02,WHIB site
high_resolution_photos/2021/Galveston/South Deer Island/18June21Camera2-Card3-182.jpg,2557.08,2303.02,2588.08,2334.02,WHIB ad
high_resolution_photos/2021/Galveston/South Deer Island/18June21Camera2-Card3-182.jpg,2567.08,2311.02,2598.08,2342.02,WHIB ad
high_resolution_photos/2021/Galveston/South Deer Island/18June21Camera2-Card3-182.jpg,2599.08,2323.02,2630.08,2354.02,WHIB site
high_resolution_photos/2021/Galveston/South Deer Island/18June21Camera2-Card3-182.jpg,2255.09,2299.01,2286.09,2330.01,WHIB ad
high_resolution_photos/2021/Galveston/South Deer Island/18June21Camera2-Card3-182.jpg,2227.09,2327.01,2258.09,2358.01,WHIB ad
high_resolution_photos/2021/Galveston/South Deer Island/18June21Camera2-Card3-182.jpg,1783.1,2335.01,1814.1,2366.01,LAGU site
high_resolution_photos/2021/Galveston/South Deer Island/18June21Camera2-Card3-182.jpg,1765.1,2383.01,1796.1,2414.01,LAGU site
high_resolution_photos/2021/Galveston/South Deer Island/18June21Camera2-Card3-182.jpg,2477.75,2335.14,2508.75,2366.14,WHIB ad
high_resolution_photos/2021/Galveston/South Deer Island/18June21Camera2-Card3-182.jpg,2847.07,2339.02,2878.07,2370.02,LAGU site
high_resolution_photos/2021/Galveston/South Deer Island/18June21Camera2-Card3-182.jpg,2811.07,2343.02,2842.07,2374.02,WHIB site
high_resolution_photos/2021/Galveston/South Deer Island/18June21Camera2-Card3-182.jpg,2462.58,2355.51,2493.58,2386.51,WHIB wbn
high_resolution_photos/2021/Galveston/South Deer Island/18June21Camera2-Card3-182.jpg,1971.1,2407.01,2002.1,2438.01,LAGU site
high_resolution_photos/2021/Galveston/South Deer Island/18June21Camera2-Card3-182.jpg,1983.1,2415.01,2014.1,2446.01,LAGU bird
high_resolution_photos/2021/Galveston/South Deer Island/18June21Camera2-Card3-182.jpg,1491.11,2419.01,1522.11,2450.01,LAGU site
high_resolution_photos/2021/Galveston/South Deer Island/18June21Camera2-Card3-182.jpg,1503.11,2427.01,1534.11,2458.01,LAGU site
high_resolution_photos/2021/Galveston/South Deer Island/18June21Camera2-Card3-182.jpg,1447.11,2435.01,1478.11,2466.01,LAGU bird
high_resolution_photos/2021/Galveston/South Deer Island/18June21Camera2-Card3-182.jpg,1511.11,2435.01,1542.11,2466.01,LAGU bird
high_resolution_photos/2021/Galveston/South Deer Island/18June21Camera2-Card3-182.jpg,1515.11,2455.01,1546.11,2486.01,LAGU bird
high_resolution_photos/2021/Galveston/South Deer Island/18June21Camera2-Card3-182.jpg,2411.08,2463.01,2442.08,2494.01,WHIB site
high_resolution_photos/2021/Galveston/South Deer Island/18June21Camera2-Card3-182.jpg,2403.08,2467.01,2434.08,2498.01,WHIB site
high_resolution_photos/2021/Galveston/South Deer Island/18June21Camera2-Card3-182.jpg,2395.08,2471.01,2426.08,2502.01,WHIB ad
high_resolution_photos/2021/Galveston/South Deer Island/18June21Camera2-Card3-182.jpg,2423.08,2471.01,2454.08,2502.01,WHIB site
high_resolution_photos/2021/Galveston/South Deer Island/18June21Camera2-Card3-182.jpg,2431.08,2479.01,2462.08,2510.01,WHIB ad
high_resolution_photos/2021/Galveston/South Deer Island/18June21Camera2-Card3-182.jpg,2495.08,2459.01,2526.08,2490.01,WHIB site
high_resolution_photos/2021/Galveston/South Deer Island/18June21Camera2-Card3-182.jpg,2479.08,2475.01,2510.08,2506.01,WHIB ad
high_resolution_photos/2021/Galveston/South Deer Island/18June21Camera2-Card3-182.jpg,2746.75,2484.77,2777.75,2515.77,WHIB wbn
high_resolution_photos/2021/Galveston/South Deer Island/18June21Camera2-Card3-182.jpg,2773.07,2479.01,2804.07,2510.01,WHIB ad
high_resolution_photos/2021/Galveston/South Deer Island/18June21Camera2-Card3-182.jpg,1556.44,2500.34,1587.44,2531.34,LAGU bird
high_resolution_photos/2021/Galveston/South Deer Island/18June21Camera2-Card3-182.jpg,1539.11,2503.01,1570.11,2534.01,LAGU ad
high_resolution_photos/2021/Galveston/South Deer Island/18June21Camera2-Card3-182.jpg,3455.05,2535.01,3486.05,2566.01,LAGU ad
high_resolution_photos/2021/Galveston/South Deer Island/18June21Camera2-Card3-182.jpg,3475.05,2535.01,3506.05,2566.01,LAGU site
high_resolution_photos/2021/Galveston/South Deer Island/18June21Camera2-Card3-182.jpg,2168.29,2518.21,2199.29,2549.21,WHIB ad
high_resolution_photos/2021/Galveston/South Deer Island/18June21Camera2-Card3-182.jpg,2685.08,2555.01,2716.08,2586.01,WHIB site
high_resolution_photos/2021/Galveston/South Deer Island/18June21Camera2-Card3-182.jpg,2651.08,2575.01,2682.08,2606.01,WHIB ad
high_resolution_photos/2021/Galveston/South Deer Island/18June21Camera2-Card3-182.jpg,1535.11,2635.0,1566.11,2666.0,LAGU ad
high_resolution_photos/2021/Galveston/South Deer Island/18June21Camera2-Card3-182.jpg,3779.04,2621.01,3810.04,2652.01,LAGU bird
high_resolution_photos/2021/Galveston/South Deer Island/18June21Camera2-Card3-182.jpg,3775.04,2633.01,3806.04,2664.01,LAGU bird
high_resolution_photos/2021/Galveston/South Deer Island/18June21Camera2-Card3-182.jpg,2404.36,2615.73,2435.36,2646.73,WHIB wbn
high_resolution_photos/2021/Galveston/South Deer Island/18June21Camera2-Card3-182.jpg,1379.11,2639.0,1410.11,2670.0,LAGU site
high_resolution_photos/2021/Galveston/South Deer Island/18June21Camera2-Card3-182.jpg,1351.11,2671.0,1382.11,2702.0,LAGU ad
high_resolution_photos/2021/Galveston/South Deer Island/18June21Camera2-Card3-182.jpg,1315.11,2711.0,1346.11,2742.0,LAGU ad
high_resolution_photos/2021/Galveston/South Deer Island/18June21Camera2-Card3-182.jpg,1335.11,2711.0,1366.11,2742.0,LAGU site
high_resolution_photos/2021/Galveston/South Deer Island/18June21Camera2-Card3-182.jpg,1351.11,2711.0,1382.11,2742.0,LAGU bird
high_resolution_photos/2021/Galveston/South Deer Island/18June21Camera2-Card3-182.jpg,1699.1,2739.0,1730.1,2770.0,WHIB site
high_resolution_photos/2021/Galveston/South Deer Island/18June21Camera2-Card3-182.jpg,1723.1,2751.0,1754.1,2782.0,WHIB ad
high_resolution_photos/2021/Galveston/South Deer Island/18June21Camera2-Card3-182.jpg,1671.1,2775.0,1702.1,2806.0,WHIB ad
high_resolution_photos/2021/Galveston/South Deer Island/18June21Camera2-Card3-182.jpg,1671.1,2803.0,1702.1,2834.0,WHIB site
high_resolution_photos/2021/Galveston/South Deer Island/18June21Camera2-Card3-182.jpg,1711.1,2807.0,1742.1,2838.0,WHIB site
high_resolution_photos/2021/Galveston/South Deer Island/18June21Camera2-Card3-182.jpg,1687.1,2811.0,1718.1,2842.0,WHIB ad
high_resolution_photos/2021/Galveston/South Deer Island/18June21Camera2-Card3-182.jpg,1699.1,2817.0,1730.1,2848.0,WHIB ad
high_resolution_photos/2021/Galveston/South Deer Island/18June21Camera2-Card3-182.jpg,1259.12,2783.0,1290.12,2814.0,LAGU bird
high_resolution_photos/2021/Galveston/South Deer Island/18June21Camera2-Card3-182.jpg,1275.12,2783.0,1306.12,2814.0,LAGU bird
high_resolution_photos/2021/Galveston/South Deer Island/18June21Camera2-Card3-182.jpg,2455.08,2791.0,2486.08,2822.0,WHIB site
high_resolution_photos/2021/Galveston/South Deer Island/18June21Camera2-Card3-182.jpg,2443.08,2799.0,2474.08,2830.0,WHIB ad
high_resolution_photos/2021/Galveston/South Deer Island/18June21Camera2-Card3-182.jpg,2495.08,2809.0,2526.08,2840.0,WHIB site
high_resolution_photos/2021/Galveston/South Deer Island/18June21Camera2-Card3-182.jpg,2487.08,2811.0,2518.08,2842.0,WHIB ad
high_resolution_photos/2021/Galveston/South Deer Island/18June21Camera2-Card3-182.jpg,2483.08,2819.0,2514.08,2850.0,WHIB ad
high_resolution_photos/2021/Galveston/South Deer Island/18June21Camera2-Card3-182.jpg,1191.12,2830.99,1222.12,2861.99,WHIB site
high_resolution_photos/2021/Galveston/South Deer Island/18June21Camera2-Card3-182.jpg,1167.12,2866.99,1198.12,2897.99,WHIB site
high_resolution_photos/2021/Galveston/South Deer Island/18June21Camera2-Card3-182.jpg,1155.12,2874.99,1186.12,2905.99,WHIB ad
high_resolution_photos/2021/Galveston/South Deer Island/18June21Camera2-Card3-182.jpg,1211.12,2894.99,1242.12,2925.99,WHIB ad
high_resolution_photos/2021/Galveston/South Deer Island/18June21Camera2-Card3-182.jpg,3823.04,2827.01,3854.04,2858.01,LAGU site
high_resolution_photos/2021/Galveston/South Deer Island/18June21Camera2-Card3-182.jpg,3857.04,2849.01,3888.04,2880.01,LAGU bird
high_resolution_photos/2021/Galveston/South Deer Island/18June21Camera2-Card3-182.jpg,3843.04,2863.01,3874.04,2894.01,LAGU ad
high_resolution_photos/2021/Galveston/South Deer Island/18June21Camera2-Card3-182.jpg,3839.04,2875.01,3870.04,2906.01,LAGU site
high_resolution_photos/2021/Galveston/South Deer Island/18June21Camera2-Card3-182.jpg,2445.08,2843.0,2476.08,2874.0,WHIB site
high_resolution_photos/2021/Galveston/South Deer Island/18June21Camera2-Card3-182.jpg,2435.08,2855.0,2466.08,2886.0,WHIB ad
high_resolution_photos/2021/Galveston/South Deer Island/18June21Camera2-Card3-182.jpg,880.46,2876.32,911.46,2907.32,WHIB site
high_resolution_photos/2021/Galveston/South Deer Island/18June21Camera2-Card3-182.jpg,199.15,3178.98,230.15,3209.98,SNEG site
high_resolution_photos/2021/Galveston/South Deer Island/18June21Camera2-Card3-182.jpg,157.15,3194.98,188.15,3225.98,WHIB site
high_resolution_photos/2021/Galveston/South Deer Island/18June21Camera2-Card3-182.jpg,815.13,3230.98,846.13,3261.98,Bird
high_resolution_photos/2021/Galveston/South Deer Island/18June21Camera2-Card3-182.jpg,827.13,3230.98,858.13,3261.98,Bird
high_resolution_photos/2021/Galveston/South Deer Island/18June21Camera2-Card3-182.jpg,1727.1,2879.0,1758.1,2910.0,LAGU bird
high_resolution_photos/2021/Galveston/South Deer Island/18June21Camera2-Card3-182.jpg,1711.1,2894.99,1742.1,2925.99,LAGU ad
high_resolution_photos/2021/Galveston/South Deer Island/18June21Camera2-Card3-182.jpg,3907.04,2895.01,3938.04,2926.01,LAGU site
high_resolution_photos/2021/Galveston/South Deer Island/18June21Camera2-Card3-182.jpg,3915.04,2903.01,3946.04,2934.01,LAGU bird
high_resolution_photos/2021/Galveston/South Deer Island/18June21Camera2-Card3-182.jpg,1407.11,2906.99,1438.11,2937.99,LAGU bird
high_resolution_photos/2021/Galveston/South Deer Island/18June21Camera2-Card3-182.jpg,1415.11,2910.99,1446.11,2941.99,LAGU bird
high_resolution_photos/2021/Galveston/South Deer Island/18June21Camera2-Card3-182.jpg,1797.1,2912.99,1828.1,2943.99,LAGU bird
high_resolution_photos/2021/Galveston/South Deer Island/18June21Camera2-Card3-182.jpg,1815.1,2910.99,1846.1,2941.99,LAGU site
high_resolution_photos/2021/Galveston/South Deer Island/18June21Camera2-Card3-182.jpg,2668.41,2916.33,2699.41,2947.33,WHIB site
high_resolution_photos/2021/Galveston/South Deer Island/18June21Camera2-Card3-182.jpg,2659.07,2927.0,2690.07,2958.0,WHIB site
high_resolution_photos/2021/Galveston/South Deer Island/18June21Camera2-Card3-182.jpg,2613.08,2931.0,2644.08,2962.0,WHIB site
high_resolution_photos/2021/Galveston/South Deer Island/18June21Camera2-Card3-182.jpg,2627.07,2941.0,2658.07,2972.0,WHIB ad
high_resolution_photos/2021/Galveston/South Deer Island/18June21Camera2-Card3-182.jpg,2701.07,2939.0,2732.07,2970.0,WHIB site
high_resolution_photos/2021/Galveston/South Deer Island/18June21Camera2-Card3-182.jpg,2651.07,2943.0,2682.07,2974.0,WHIB site
high_resolution_photos/2021/Galveston/South Deer Island/18June21Camera2-Card3-182.jpg,2639.07,2951.0,2670.07,2982.0,WHIB ad
high_resolution_photos/2021/Galveston/South Deer Island/18June21Camera2-Card3-182.jpg,2679.07,2957.0,2710.07,2988.0,WHIB ad
high_resolution_photos/2021/Galveston/South Deer Island/18June21Camera2-Card3-182.jpg,2635.07,2959.0,2666.07,2990.0,WHIB ad
high_resolution_photos/2021/Galveston/South Deer Island/18June21Camera2-Card3-182.jpg,2683.07,2967.0,2714.07,2998.0,WHIB site
high_resolution_photos/2021/Galveston/South Deer Island/18June21Camera2-Card3-182.jpg,2667.07,2987.0,2698.07,3018.0,WHIB site
high_resolution_photos/2021/Galveston/South Deer Island/18June21Camera2-Card3-182.jpg,2667.07,2999.0,2698.07,3030.0,WHIB site
high_resolution_photos/2021/Galveston/South Deer Island/18June21Camera2-Card3-182.jpg,2663.07,3003.0,2694.07,3034.0,WHIB site
high_resolution_photos/2021/Galveston/South Deer Island/18June21Camera2-Card3-182.jpg,1559.11,2922.99,1590.11,2953.99,LAGU site
high_resolution_photos/2021/Galveston/South Deer Island/18June21Camera2-Card3-182.jpg,1595.11,2946.99,1626.11,2977.99,LAGU bird
high_resolution_photos/2021/Galveston/South Deer Island/18June21Camera2-Card3-182.jpg,1359.11,2950.99,1390.11,2981.99,LAGU site
high_resolution_photos/2021/Galveston/South Deer Island/18June21Camera2-Card3-182.jpg,1399.11,2962.99,1430.11,2993.99,LAGU bird
high_resolution_photos/2021/Galveston/South Deer Island/18June21Camera2-Card3-182.jpg,1335.11,2994.99,1366.11,3025.99,LAGU bird
high_resolution_photos/2021/Galveston/South Deer Island/18June21Camera2-Card3-182.jpg,1663.1,2966.99,1694.1,2997.99,LAGU ad
high_resolution_photos/2021/Galveston/South Deer Island/18June21Camera2-Card3-182.jpg,951.12,2974.99,982.12,3005.99,LAGU bird
high_resolution_photos/2021/Galveston/South Deer Island/18June21Camera2-Card3-182.jpg,969.12,2974.99,1000.12,3005.99,LAGU bird
high_resolution_photos/2021/Galveston/South Deer Island/18June21Camera2-Card3-182.jpg,2067.09,2962.99,2098.09,2993.99,LAGU site
high_resolution_photos/2021/Galveston/South Deer Island/18June21Camera2-Card3-182.jpg,2027.09,2966.99,2058.09,2997.99,LAGU bird
high_resolution_photos/2021/Galveston/South Deer Island/18June21Camera2-Card3-182.jpg,2107.09,2978.99,2138.09,3009.99,LAGU bird
high_resolution_photos/2021/Galveston/South Deer Island/18June21Camera2-Card3-182.jpg,3103.06,2967.0,3134.06,2998.0,WHIB site
high_resolution_photos/2021/Galveston/South Deer Island/18June21Camera2-Card3-182.jpg,3087.06,2971.0,3118.06,3002.0,WHIB site
high_resolution_photos/2021/Galveston/South Deer Island/18June21Camera2-Card3-182.jpg,3095.06,2971.0,3126.06,3002.0,WHIB site
high_resolution_photos/2021/Galveston/South Deer Island/18June21Camera2-Card3-182.jpg,3531.05,2987.0,3562.05,3018.0,LAGU site
high_resolution_photos/2021/Galveston/South Deer Island/18June21Camera2-Card3-182.jpg,3555.05,3031.0,3586.05,3062.0,LAGU bird
high_resolution_photos/2021/Galveston/South Deer Island/18June21Camera2-Card3-182.jpg,1155.12,3006.99,1186.12,3037.99,LAGU bird
high_resolution_photos/2021/Galveston/South Deer Island/18June21Camera2-Card3-182.jpg,1135.12,3018.99,1166.12,3049.99,LAGU ad
high_resolution_photos/2021/Galveston/South Deer Island/18June21Camera2-Card3-182.jpg,1113.12,3026.99,1144.12,3057.99,LAGU bird
high_resolution_photos/2021/Galveston/South Deer Island/18June21Camera2-Card3-182.jpg,1107.12,3030.99,1138.12,3061.99,LAGU bird
high_resolution_photos/2021/Galveston/South Deer Island/18June21Camera2-Card3-182.jpg,1099.12,3046.99,1130.12,3077.99,LAGU bird
high_resolution_photos/2021/Galveston/South Deer Island/18June21Camera2-Card3-182.jpg,1491.11,2998.99,1522.11,3029.99,LAGU bird
high_resolution_photos/2021/Galveston/South Deer Island/18June21Camera2-Card3-182.jpg,1455.11,3008.99,1486.11,3039.99,LAGU bird
high_resolution_photos/2021/Galveston/South Deer Island/18June21Camera2-Card3-182.jpg,1707.1,3018.99,1738.1,3049.99,LAGU site
high_resolution_photos/2021/Galveston/South Deer Island/18June21Camera2-Card3-182.jpg,1719.1,3026.99,1750.1,3057.99,LAGU site
high_resolution_photos/2021/Galveston/South Deer Island/18June21Camera2-Card3-182.jpg,1727.1,3030.99,1758.1,3061.99,LAGU bird
high_resolution_photos/2021/Galveston/South Deer Island/18June21Camera2-Card3-182.jpg,1427.11,3038.99,1458.11,3069.99,LAGU site
high_resolution_photos/2021/Galveston/South Deer Island/18June21Camera2-Card3-182.jpg,1447.11,3070.99,1478.11,3101.99,LAGU site
high_resolution_photos/2021/Galveston/South Deer Island/18June21Camera2-Card3-182.jpg,1437.11,3104.99,1468.11,3135.99,LAGU bird
high_resolution_photos/2021/Galveston/South Deer Island/18June21Camera2-Card3-182.jpg,1579.11,3038.99,1610.11,3069.99,LAGU site
high_resolution_photos/2021/Galveston/South Deer Island/18June21Camera2-Card3-182.jpg,1575.11,3042.99,1606.11,3073.99,LAGU bird
high_resolution_photos/2021/Galveston/South Deer Island/18June21Camera2-Card3-182.jpg,1567.11,3050.99,1598.11,3081.99,LAGU bird
high_resolution_photos/2021/Galveston/South Deer Island/18June21Camera2-Card3-182.jpg,1555.11,3056.99,1586.11,3087.99,LAGU ad
high_resolution_photos/2021/Galveston/South Deer Island/18June21Camera2-Card3-182.jpg,1359.11,3062.99,1390.11,3093.99,LAGU site
high_resolution_photos/2021/Galveston/South Deer Island/18June21Camera2-Card3-182.jpg,1377.11,3072.99,1408.11,3103.99,LAGU bird
high_resolution_photos/2021/Galveston/South Deer Island/18June21Camera2-Card3-182.jpg,1039.12,3074.99,1070.12,3105.99,LAGU site
high_resolution_photos/2021/Galveston/South Deer Island/18June21Camera2-Card3-182.jpg,1283.11,3074.99,1314.11,3105.99,LAGU site
high_resolution_photos/2021/Galveston/South Deer Island/18June21Camera2-Card3-182.jpg,1279.11,3078.99,1310.11,3109.99,LAGU site
high_resolution_photos/2021/Galveston/South Deer Island/18June21Camera2-Card3-182.jpg,1271.11,3090.99,1302.11,3121.99,LAGU ad
high_resolution_photos/2021/Galveston/South Deer Island/18June21Camera2-Card3-182.jpg,1309.11,3100.99,1340.11,3131.99,LAGU bird
high_resolution_photos/2021/Galveston/South Deer Island/18June21Camera2-Card3-182.jpg,1729.1,3094.99,1760.1,3125.99,LAGU site
high_resolution_photos/2021/Galveston/South Deer Island/18June21Camera2-Card3-182.jpg,1751.1,3094.99,1782.1,3125.99,LAGU bird
high_resolution_photos/2021/Galveston/South Deer Island/18June21Camera2-Card3-182.jpg,3415.05,3115.0,3446.05,3146.0,LAGU site
high_resolution_photos/2021/Galveston/South Deer Island/18June21Camera2-Card3-182.jpg,3447.05,3151.0,3478.05,3182.0,LAGU bird
high_resolution_photos/2021/Galveston/South Deer Island/18June21Camera2-Card3-182.jpg,3167.06,3127.0,3198.06,3158.0,LAGU site
high_resolution_photos/2021/Galveston/South Deer Island/18June21Camera2-Card3-182.jpg,3183.06,3140.99,3214.06,3171.99,LAGU bird
high_resolution_photos/2021/Galveston/South Deer Island/18June21Camera2-Card3-182.jpg,1515.11,3138.99,1546.11,3169.99,LAGU bird
high_resolution_photos/2021/Galveston/South Deer Island/18June21Camera2-Card3-182.jpg,1531.11,3142.99,1562.11,3173.99,LAGU bird
high_resolution_photos/2021/Galveston/South Deer Island/18June21Camera2-Card3-182.jpg,2071.09,3138.99,2102.09,3169.99,LAGU site
high_resolution_photos/2021/Galveston/South Deer Island/18June21Camera2-Card3-182.jpg,2083.09,3146.99,2114.09,3177.99,LAGU bird
high_resolution_photos/2021/Galveston/South Deer Island/18June21Camera2-Card3-182.jpg,2103.09,3150.99,2134.09,3181.99,LAGU bird
high_resolution_photos/2021/Galveston/South Deer Island/18June21Camera2-Card3-182.jpg,2099.09,3154.99,2130.09,3185.99,LAGU bird
high_resolution_photos/2021/Galveston/South Deer Island/18June21Camera2-Card3-182.jpg,1135.12,3162.98,1166.12,3193.98,LAGU site
high_resolution_photos/2021/Galveston/South Deer Island/18June21Camera2-Card3-182.jpg,1367.11,3194.98,1398.11,3225.98,LAGU bird
high_resolution_photos/2021/Galveston/South Deer Island/18June21Camera2-Card3-182.jpg,2295.08,3194.99,2326.08,3225.99,LAGU site
high_resolution_photos/2021/Galveston/South Deer Island/18June21Camera2-Card3-182.jpg,2311.08,3194.99,2342.08,3225.99,LAGU bird
high_resolution_photos/2021/Galveston/South Deer Island/18June21Camera2-Card3-182.jpg,1283.11,3198.98,1314.11,3229.98,LAGU site
high_resolution_photos/2021/Galveston/South Deer Island/18June21Camera2-Card3-182.jpg,1255.11,3226.98,1286.11,3257.98,LAGU ad
high_resolution_photos/2021/Galveston/South Deer Island/18June21Camera2-Card3-182.jpg,1251.11,3242.98,1282.11,3273.98,LAGU bird
high_resolution_photos/2021/Galveston/South Deer Island/18June21Camera2-Card3-182.jpg,223.14,3218.98,254.14,3249.98,WHIB site
high_resolution_photos/2021/Galveston/South Deer Island/18June21Camera2-Card3-182.jpg,251.14,3262.98,282.14,3293.98,WHIB ad
high_resolution_photos/2021/Galveston/South Deer Island/18June21Camera2-Card3-182.jpg,99.15,3226.98,130.15,3257.98,WHIB bird
high_resolution_photos/2021/Galveston/South Deer Island/18June21Camera2-Card3-182.jpg,95.15,3230.98,126.15,3261.98,WHIB bird
high_resolution_photos/2021/Galveston/South Deer Island/18June21Camera2-Card3-182.jpg,1147.12,3206.98,1178.12,3237.98,LAGU site
high_resolution_photos/2021/Galveston/South Deer Island/18June21Camera2-Card3-182.jpg,1145.12,3224.98,1176.12,3255.98,LAGU bird
high_resolution_photos/2021/Galveston/South Deer Island/18June21Camera2-Card3-182.jpg,2021.76,3229.65,2052.76,3260.65,LAGU site
high_resolution_photos/2021/Galveston/South Deer Island/18June21Camera2-Card3-182.jpg,2021.09,3252.99,2052.09,3283.99,LAGU bird
high_resolution_photos/2021/Galveston/South Deer Island/18June21Camera2-Card3-182.jpg,1547.11,3230.98,1578.11,3261.98,LAGU bird
high_resolution_photos/2021/Galveston/South Deer Island/18June21Camera2-Card3-182.jpg,1567.1,3230.98,1598.1,3261.98,LAGU site
high_resolution_photos/2021/Galveston/South Deer Island/18June21Camera2-Card3-182.jpg,1391.11,3250.98,1422.11,3281.98,LAGU site
high_resolution_photos/2021/Galveston/South Deer Island/18June21Camera2-Card3-182.jpg,1379.11,3262.98,1410.11,3293.98,LAGU bird
high_resolution_photos/2021/Galveston/South Deer Island/18June21Camera2-Card3-182.jpg,405.14,3270.98,436.14,3301.98,WHIB ad
high_resolution_photos/2021/Galveston/South Deer Island/18June21Camera2-Card3-182.jpg,415.14,3270.98,446.14,3301.98,WHIB site
high_resolution_photos/2021/Galveston/South Deer Island/18June21Camera2-Card3-182.jpg,431.14,3278.98,462.14,3309.98,WHIB site
high_resolution_photos/2021/Galveston/South Deer Island/18June21Camera2-Card3-182.jpg,363.14,3298.98,394.14,3329.98,WHIB ad
high_resolution_photos/2021/Galveston/South Deer Island/18June21Camera2-Card3-182.jpg,371.14,3302.98,402.14,3333.98,WHIB ad
high_resolution_photos/2021/Galveston/South Deer Island/18June21Camera2-Card3-182.jpg,439.14,3304.98,470.14,3335.98,WHIB ad
high_resolution_photos/2021/Galveston/South Deer Island/18June21Camera2-Card3-182.jpg,455.14,3310.98,486.14,3341.98,WHIB ad
high_resolution_photos/2021/Galveston/South Deer Island/18June21Camera2-Card3-182.jpg,407.14,3334.97,438.14,3365.97,WHIB site
high_resolution_photos/2021/Galveston/South Deer Island/18June21Camera2-Card3-182.jpg,411.14,3342.97,442.14,3373.97,WHIB ad
high_resolution_photos/2021/Galveston/South Deer Island/18June21Camera2-Card3-182.jpg,535.13,3270.98,566.13,3301.98,WHIB site
high_resolution_photos/2021/Galveston/South Deer Island/18June21Camera2-Card3-182.jpg,523.14,3278.98,554.14,3309.98,WHIB ad
high_resolution_photos/2021/Galveston/South Deer Island/18June21Camera2-Card3-182.jpg,1091.12,3266.98,1122.12,3297.98,LAGU site
high_resolution_photos/2021/Galveston/South Deer Island/18June21Camera2-Card3-182.jpg,1129.12,3284.98,1160.12,3315.98,LAGU bird
high_resolution_photos/2021/Galveston/South Deer Island/18June21Camera2-Card3-182.jpg,1799.1,3266.98,1830.1,3297.98,LAGU site
high_resolution_photos/2021/Galveston/South Deer Island/18June21Camera2-Card3-182.jpg,1831.1,3294.98,1862.1,3325.98,LAGU bird
high_resolution_photos/2021/Galveston/South Deer Island/18June21Camera2-Card3-182.jpg,3887.04,3278.99,3918.04,3309.99,LAGU site
high_resolution_photos/2021/Galveston/South Deer Island/18June21Camera2-Card3-182.jpg,3903.04,3278.99,3934.04,3309.99,LAGU bird
high_resolution_photos/2021/Galveston/South Deer Island/18June21Camera2-Card3-182.jpg,207.14,3262.98,238.14,3293.98,WHIB site
high_resolution_photos/2021/Galveston/South Deer Island/18June21Camera2-Card3-182.jpg,211.14,3274.98,242.14,3305.98,WHIB site
high_resolution_photos/2021/Galveston/South Deer Island/18June21Camera2-Card3-182.jpg,231.14,3314.97,262.14,3345.97,WHIB site
high_resolution_photos/2021/Galveston/South Deer Island/18June21Camera2-Card3-182.jpg,195.14,3318.97,226.14,3349.97,WHIB ad
high_resolution_photos/2021/Galveston/South Deer Island/18June21Camera2-Card3-182.jpg,239.14,3318.97,270.14,3349.97,WHIB ad
high_resolution_photos/2021/Galveston/South Deer Island/18June21Camera2-Card3-182.jpg,179.15,3324.97,210.15,3355.97,WHIB ad
high_resolution_photos/2021/Galveston/South Deer Island/18June21Camera2-Card3-182.jpg,187.14,3322.97,218.14,3353.97,WHIB ad
high_resolution_photos/2021/Galveston/South Deer Island/18June21Camera2-Card3-182.jpg,199.14,3322.97,230.14,3353.97,WHIB ad
high_resolution_photos/2021/Galveston/South Deer Island/18June21Camera2-Card3-182.jpg,219.14,3322.97,250.14,3353.97,WHIB ad
high_resolution_photos/2021/Galveston/South Deer Island/18June21Camera2-Card3-182.jpg,247.14,3322.97,278.14,3353.97,WHIB ad
high_resolution_photos/2021/Galveston/South Deer Island/18June21Camera2-Card3-182.jpg,207.14,3326.97,238.14,3357.97,WHIB ad
high_resolution_photos/2021/Galveston/South Deer Island/18June21Camera2-Card3-182.jpg,255.14,3330.97,286.14,3361.97,WHIB site
high_resolution_photos/2021/Galveston/South Deer Island/18June21Camera2-Card3-182.jpg,259.14,3342.97,290.14,3373.97,WHIB site
high_resolution_photos/2021/Galveston/South Deer Island/18June21Camera2-Card3-182.jpg,275.14,3350.97,306.14,3381.97,WHIB ad
high_resolution_photos/2021/Galveston/South Deer Island/18June21Camera2-Card3-182.jpg,247.14,3354.97,278.14,3385.97,WHIB ad
high_resolution_photos/2021/Galveston/South Deer Island/18June21Camera2-Card3-182.jpg,2395.08,3282.99,2426.08,3313.99,WHIB site
high_resolution_photos/2021/Galveston/South Deer Island/18June21Camera2-Card3-182.jpg,2391.08,3286.99,2422.08,3317.99,WHIB ad
high_resolution_photos/2021/Galveston/South Deer Island/18June21Camera2-Card3-182.jpg,2387.08,3294.99,2418.08,3325.99,WHIB ad
high_resolution_photos/2021/Galveston/South Deer Island/18June21Camera2-Card3-182.jpg,483.14,3274.98,514.14,3305.98,WHIB site
high_resolution_photos/2021/Galveston/South Deer Island/18June21Camera2-Card3-182.jpg,483.14,3302.98,514.14,3333.98,WHIB ad
high_resolution_photos/2021/Galveston/South Deer Island/18June21Camera2-Card3-182.jpg,2903.06,3304.99,2934.06,3335.99,LAGU ad
high_resolution_photos/2021/Galveston/South Deer Island/18June21Camera2-Card3-182.jpg,2923.06,3302.99,2954.06,3333.99,LAGU bird
high_resolution_photos/2021/Galveston/South Deer Island/18June21Camera2-Card3-182.jpg,663.8,3300.98,694.8,3331.98,WHIB wbn
high_resolution_photos/2021/Galveston/South Deer Island/18June21Camera2-Card3-182.jpg,691.63,3294.48,722.63,3325.48,WHIB wbn
high_resolution_photos/2021/Galveston/South Deer Island/18June21Camera2-Card3-182.jpg,507.14,3330.98,538.14,3361.98,WHIB site
high_resolution_photos/2021/Galveston/South Deer Island/18June21Camera2-Card3-182.jpg,495.14,3366.97,526.14,3397.97,WHIB site
high_resolution_photos/2021/Galveston/South Deer Island/18June21Camera2-Card3-182.jpg,535.13,3366.97,566.13,3397.97,WHIB site
high_resolution_photos/2021/Galveston/South Deer Island/18June21Camera2-Card3-182.jpg,511.13,3376.97,542.13,3407.97,WHIB ad
high_resolution_photos/2021/Galveston/South Deer Island/18June21Camera2-Card3-182.jpg,547.13,3374.97,578.13,3405.97,WHIB site
high_resolution_photos/2021/Galveston/South Deer Island/18June21Camera2-Card3-182.jpg,1255.11,3326.98,1286.11,3357.98,LAGU site
high_resolution_photos/2021/Galveston/South Deer Island/18June21Camera2-Card3-182.jpg,1235.11,3342.98,1266.11,3373.98,LAGU ad
high_resolution_photos/2021/Galveston/South Deer Island/18June21Camera2-Card3-182.jpg,1227.11,3382.98,1258.11,3413.98,LAGU site
high_resolution_photos/2021/Galveston/South Deer Island/18June21Camera2-Card3-182.jpg,311.14,3324.97,342.14,3355.97,WHIB site
high_resolution_photos/2021/Galveston/South Deer Island/18June21Camera2-Card3-182.jpg,311.14,3350.97,342.14,3381.97,WHIB ad
high_resolution_photos/2021/Galveston/South Deer Island/18June21Camera2-Card3-182.jpg,3999.03,3354.99,4030.03,3385.99,LAGU bird
high_resolution_photos/2021/Galveston/South Deer Island/18June21Camera2-Card3-182.jpg,4015.03,3354.99,4046.03,3385.99,LAGU ad
high_resolution_photos/2021/Galveston/South Deer Island/18June21Camera2-Card3-182.jpg,1703.1,3350.98,1734.1,3381.98,LAGU ad
high_resolution_photos/2021/Galveston/South Deer Island/18June21Camera2-Card3-182.jpg,1727.1,3394.98,1758.1,3425.98,LAGU bird
high_resolution_photos/2021/Galveston/South Deer Island/18June21Camera2-Card3-182.jpg,2389.08,3362.98,2420.08,3393.98,Bird
high_resolution_photos/2021/Galveston/South Deer Island/18June21Camera2-Card3-182.jpg,2405.08,3366.98,2436.08,3397.98,WHIB site
high_resolution_photos/2021/Galveston/South Deer Island/18June21Camera2-Card3-182.jpg,2371.08,3376.98,2402.08,3407.98,WHIB ad
high_resolution_photos/2021/Galveston/South Deer Island/18June21Camera2-Card3-182.jpg,631.13,3366.97,662.13,3397.97,WHIB site
high_resolution_photos/2021/Galveston/South Deer Island/18June21Camera2-Card3-182.jpg,635.13,3370.97,666.13,3401.97,WHIB site
high_resolution_photos/2021/Galveston/South Deer Island/18June21Camera2-Card3-182.jpg,601.13,3374.97,632.13,3405.97,WHIB ad
high_resolution_photos/2021/Galveston/South Deer Island/18June21Camera2-Card3-182.jpg,611.13,3378.97,642.13,3409.97,WHIB ad
high_resolution_photos/2021/Galveston/South Deer Island/18June21Camera2-Card3-182.jpg,583.13,3390.97,614.13,3421.97,WHIB ad
high_resolution_photos/2021/Galveston/South Deer Island/18June21Camera2-Card3-182.jpg,1655.1,3362.98,1686.1,3393.98,LAGU site
high_resolution_photos/2021/Galveston/South Deer Island/18June21Camera2-Card3-182.jpg,1643.1,3402.98,1674.1,3433.98,LAGU bird
high_resolution_photos/2021/Galveston/South Deer Island/18June21Camera2-Card3-182.jpg,3927.03,3348.99,3958.03,3379.99,LAGU site
high_resolution_photos/2021/Galveston/South Deer Island/18June21Camera2-Card3-182.jpg,3929.03,3360.99,3960.03,3391.99,LAGU bird
high_resolution_photos/2021/Galveston/South Deer Island/18June21Camera2-Card3-182.jpg,207.14,3370.97,238.14,3401.97,WHIB site
high_resolution_photos/2021/Galveston/South Deer Island/18June21Camera2-Card3-182.jpg,219.14,3378.97,250.14,3409.97,WHIB site
high_resolution_photos/2021/Galveston/South Deer Island/18June21Camera2-Card3-182.jpg,1119.12,3378.98,1150.12,3409.98,LAGU site
high_resolution_photos/2021/Galveston/South Deer Island/18June21Camera2-Card3-182.jpg,1135.12,3378.98,1166.12,3409.98,LAGU bird
high_resolution_photos/2021/Galveston/South Deer Island/18June21Camera2-Card3-182.jpg,1583.1,3374.98,1614.1,3405.98,LAGU bird
high_resolution_photos/2021/Galveston/South Deer Island/18June21Camera2-Card3-182.jpg,1563.1,3378.98,1594.1,3409.98,LAGU ad
high_resolution_photos/2021/Galveston/South Deer Island/18June21Camera2-Card3-182.jpg,253.14,3394.97,284.14,3425.97,WHIB ad
high_resolution_photos/2021/Galveston/South Deer Island/18June21Camera2-Card3-182.jpg,285.14,3394.97,316.14,3425.97,WHIB site
high_resolution_photos/2021/Galveston/South Deer Island/18June21Camera2-Card3-182.jpg,265.14,3398.97,296.14,3429.97,WHIB ad
high_resolution_photos/2021/Galveston/South Deer Island/18June21Camera2-Card3-182.jpg,275.14,3398.97,306.14,3429.97,WHIB ad
high_resolution_photos/2021/Galveston/South Deer Island/18June21Camera2-Card3-182.jpg,751.13,3372.98,782.13,3403.98,WHIB wbn
high_resolution_photos/2021/Galveston/South Deer Island/18June21Camera2-Card3-182.jpg,737.93,3397.77,768.93,3428.77,WHIB wbn
high_resolution_photos/2021/Galveston/South Deer Island/18June21Camera2-Card3-182.jpg,405.14,3418.97,436.14,3449.97,WHIB site
high_resolution_photos/2021/Galveston/South Deer Island/18June21Camera2-Card3-182.jpg,455.14,3422.97,486.14,3453.97,WHIB ad
high_resolution_photos/2021/Galveston/South Deer Island/18June21Camera2-Card3-182.jpg,459.14,3438.97,490.14,3469.97,WHIB site
high_resolution_photos/2021/Galveston/South Deer Island/18June21Camera2-Card3-182.jpg,459.14,3462.97,490.14,3493.97,WHIB ad
high_resolution_photos/2021/Galveston/South Deer Island/18June21Camera2-Card3-182.jpg,507.13,3430.97,538.13,3461.97,WHIB site
high_resolution_photos/2021/Galveston/South Deer Island/18June21Camera2-Card3-182.jpg,519.13,3438.97,550.13,3469.97,WHIB site
high_resolution_photos/2021/Galveston/South Deer Island/18June21Camera2-Card3-182.jpg,491.14,3442.97,522.14,3473.97,WHIB site
high_resolution_photos/2021/Galveston/South Deer Island/18June21Camera2-Card3-182.jpg,1571.1,3450.98,1602.1,3481.98,LAGU site
high_resolution_photos/2021/Galveston/South Deer Island/18June21Camera2-Card3-182.jpg,1587.1,3458.98,1618.1,3489.98,LAGU bird
high_resolution_photos/2021/Galveston/South Deer Island/18June21Camera2-Card3-182.jpg,347.14,3474.97,378.14,3505.97,WHIB ad
high_resolution_photos/2021/Galveston/South Deer Island/18June21Camera2-Card3-182.jpg,369.14,3474.97,400.14,3505.97,WHIB ad
high_resolution_photos/2021/Galveston/South Deer Island/18June21Camera2-Card3-182.jpg,415.14,3474.97,446.14,3505.97,WHIB site
high_resolution_photos/2021/Galveston/South Deer Island/18June21Camera2-Card3-182.jpg,403.14,3482.97,434.14,3513.97,WHIB ad
high_resolution_photos/2021/Galveston/South Deer Island/18June21Camera2-Card3-182.jpg,403.14,3514.97,434.14,3545.97,WHIB site
high_resolution_photos/2021/Galveston/South Deer Island/18June21Camera2-Card3-182.jpg,411.14,3518.97,442.14,3549.97,WHIB site
high_resolution_photos/2021/Galveston/South Deer Island/18June21Camera2-Card3-182.jpg,415.14,3526.97,446.14,3557.97,WHIB site
high_resolution_photos/2021/Galveston/South Deer Island/18June21Camera2-Card3-182.jpg,419.14,3538.97,450.14,3569.97,WHIB site
high_resolution_photos/2021/Galveston/South Deer Island/18June21Camera2-Card3-182.jpg,415.14,3542.97,446.14,3573.97,WHIB site
high_resolution_photos/2021/Galveston/South Deer Island/18June21Camera2-Card3-182.jpg,411.14,3550.97,442.14,3581.97,WHIB ad
high_resolution_photos/2021/Galveston/South Deer Island/18June21Camera2-Card3-182.jpg,407.14,3554.97,438.14,3585.97,WHIB ad
high_resolution_photos/2021/Galveston/South Deer Island/18June21Camera2-Card3-182.jpg,385.14,3594.97,416.14,3625.97,WHIB ad
high_resolution_photos/2021/Galveston/South Deer Island/18June21Camera2-Card3-182.jpg,355.14,3604.97,386.14,3635.97,WHIB ad
high_resolution_photos/2021/Galveston/South Deer Island/18June21Camera2-Card3-182.jpg,349.14,3630.97,380.14,3647.0,WHIB site
high_resolution_photos/2021/Galveston/South Deer Island/18June21Camera2-Card3-182.jpg,495.13,3478.97,526.13,3509.97,WHIB site
high_resolution_photos/2021/Galveston/South Deer Island/18June21Camera2-Card3-182.jpg,487.14,3482.97,518.14,3513.97,WHIB site
high_resolution_photos/2021/Galveston/South Deer Island/18June21Camera2-Card3-182.jpg,499.13,3482.97,530.13,3513.97,WHIB ad
high_resolution_photos/2021/Galveston/South Deer Island/18June21Camera2-Card3-182.jpg,475.14,3526.97,506.14,3557.97,WHIB ad
high_resolution_photos/2021/Galveston/South Deer Island/18June21Camera2-Card3-182.jpg,1795.1,3482.98,1826.1,3513.98,LAGU site
high_resolution_photos/2021/Galveston/South Deer Island/18June21Camera2-Card3-182.jpg,1763.1,3486.98,1794.1,3517.98,LAGU bird
high_resolution_photos/2021/Galveston/South Deer Island/18June21Camera2-Card3-182.jpg,1807.1,3490.98,1838.1,3521.98,LAGU site
high_resolution_photos/2021/Galveston/South Deer Island/18June21Camera2-Card3-182.jpg,1815.1,3494.98,1846.1,3525.98,LAGU site
high_resolution_photos/2021/Galveston/South Deer Island/18June21Camera2-Card3-182.jpg,1819.1,3502.98,1850.1,3533.98,LAGU site
high_resolution_photos/2021/Galveston/South Deer Island/18June21Camera2-Card3-182.jpg,1877.09,3518.98,1908.09,3549.98,LAGU bird
high_resolution_photos/2021/Galveston/South Deer Island/18June21Camera2-Card3-182.jpg,1847.09,3522.98,1878.09,3553.98,LAGU bird
high_resolution_photos/2021/Galveston/South Deer Island/18June21Camera2-Card3-182.jpg,3191.06,3486.98,3222.06,3517.98,WHIB site
high_resolution_photos/2021/Galveston/South Deer Island/18June21Camera2-Card3-182.jpg,3207.05,3498.98,3238.05,3529.98,WHIB site
high_resolution_photos/2021/Galveston/South Deer Island/18June21Camera2-Card3-182.jpg,3179.06,3502.98,3210.06,3533.98,WHIB ad
high_resolution_photos/2021/Galveston/South Deer Island/18June21Camera2-Card3-182.jpg,3653.04,3486.99,3684.04,3517.99,LAGU site
high_resolution_photos/2021/Galveston/South Deer Island/18June21Camera2-Card3-182.jpg,3639.04,3498.99,3670.04,3529.99,LAGU ad
high_resolution_photos/2021/Galveston/South Deer Island/18June21Camera2-Card3-182.jpg,1247.11,3494.97,1278.11,3525.97,LAGU bird
high_resolution_photos/2021/Galveston/South Deer Island/18June21Camera2-Card3-182.jpg,643.13,3518.97,674.13,3549.97,WHIB site
high_resolution_photos/2021/Galveston/South Deer Island/18June21Camera2-Card3-182.jpg,631.13,3526.97,662.13,3557.97,WHIB ad
high_resolution_photos/2021/Galveston/South Deer Island/18June21Camera2-Card3-182.jpg,659.13,3534.97,690.13,3565.97,WHIB site
high_resolution_photos/2021/Galveston/South Deer Island/18June21Camera2-Card3-182.jpg,987.12,3510.97,1018.12,3541.97,LAGU site
high_resolution_photos/2021/Galveston/South Deer Island/18June21Camera2-Card3-182.jpg,967.12,3526.97,998.12,3557.97,LAGU bird
high_resolution_photos/2021/Galveston/South Deer Island/18June21Camera2-Card3-182.jpg,2081.09,3524.98,2112.09,3555.98,LAGU site
high_resolution_photos/2021/Galveston/South Deer Island/18June21Camera2-Card3-182.jpg,2095.09,3570.98,2126.09,3601.98,LAGU bird
high_resolution_photos/2021/Galveston/South Deer Island/18June21Camera2-Card3-182.jpg,695.13,3550.97,726.13,3581.97,WHIB ad
high_resolution_photos/2021/Galveston/South Deer Island/18June21Camera2-Card3-182.jpg,715.13,3550.97,746.13,3581.97,WHIB site
high_resolution_photos/2021/Galveston/South Deer Island/18June21Camera2-Card3-182.jpg,3507.05,3558.98,3538.05,3589.98,LAGU ad
high_resolution_photos/2021/Galveston/South Deer Island/18June21Camera2-Card3-182.jpg,3525.05,3558.98,3556.05,3589.98,LAGU bird
high_resolution_photos/2021/Galveston/South Deer Island/18June21Camera2-Card3-182.jpg,1599.1,3554.97,1630.1,3585.97,LAGU site
high_resolution_photos/2021/Galveston/South Deer Island/18June21Camera2-Card3-182.jpg,1587.1,3562.97,1618.1,3593.97,LAGU ad
high_resolution_photos/2021/Galveston/South Deer Island/18June21Camera2-Card3-182.jpg,1571.1,3574.97,1602.1,3605.97,LAGU ad
high_resolution_photos/2021/Galveston/South Deer Island/18June21Camera2-Card3-182.jpg,1265.11,3590.97,1296.11,3621.97,LAGU bird
high_resolution_photos/2021/Galveston/South Deer Island/18June21Camera2-Card3-182.jpg,893.12,3622.97,924.12,3647.0,WHIB ad
high_resolution_photos/2021/Galveston/South Deer Island/18June21Camera2-Card3-182.jpg,911.12,3622.97,942.12,3647.0,WHIB site
high_resolution_photos/2021/Galveston/South Deer Island/18June21Camera2-Card3-182.jpg,1615.1,3594.97,1646.1,3625.97,LAGU site
high_resolution_photos/2021/Galveston/South Deer Island/18June21Camera2-Card3-182.jpg,1617.1,3610.97,1648.1,3641.97,LAGU bird
high_resolution_photos/2021/Galveston/South Deer Island/18June21Camera2-Card3-182.jpg,3543.04,3618.98,3574.04,3647.0,LAGU site
high_resolution_photos/2021/Galveston/South Deer Island/18June21Camera2-Card3-182.jpg,3559.04,3626.98,3590.04,3647.0,LAGU bird
high_resolution_photos/2021/Galveston/South Deer Island/18June21Camera2-Card3-182.jpg,4135.03,3618.99,4166.03,3647.0,LAGU site
high_resolution_photos/2021/Galveston/South Deer Island/18June21Camera2-Card3-182.jpg,4143.03,3626.99,4174.03,3647.0,LAGU bird
high_resolution_photos/2021/Galveston/South Deer Island/18June21Camera2-Card3-182.jpg,1393.48,3622.97,1424.48,3647.0,WHIB site
high_resolution_photos/2021/Galveston/South Deer Island/18June21Camera2-Card3-182.jpg,3478.7,3623.78,3509.7,3647.0,WHIB site
