tile,frame,labelled,pre_found,pre_hit,ft_found,ft_hit,gain
07May10Camera1-Card1-0483_11.png,07May10Camera1-Card1-0483,34,31,5,33,4,-1
07May10Camera1-Card1-0483_12.png,07May10Camera1-Card1-0483,4,13,0,8,1,1
07May10Camera1-Card1-0483_14.png,07May10Camera1-Card1-0483,18,2,0,2,0,0
07May10Camera1-Card1-0483_17.png,07May10Camera1-Card1-0483,23,23,3,27,5,2
07May10Camera1-Card1-0483_18.png,07May10Camera1-Card1-0483,14,23,3,25,3,0
07May10Camera1-Card1-0483_21.png,07May10Camera1-Card1-0483,4,2,0,0,0,0
07May10Camera1-Card1-0483_23.png,07May10Camera1-Card1-0483,8,9,1,8,2,1
07May10Camera1-Card1-0483_24.png,07May10Camera1-Card1-0483,25,24,2,23,1,-1
07May10Camera1-Card1-0483_29.png,07May10Camera1-Card1-0483,7,4,1,6,2,1
07May10Camera1-Card1-0483_30.png,07May10Camera1-Card1-0483,11,16,2,13,2,0
07May10Camera1-Card1-0483_33.png,07May10Camera1-Card1-0483,9,11,2,11,3,1
07May10Camera1-Card1-0483_34.png,07May10Camera1-Card1-0483,4,7,0,4,1,1
07May10Camera1-Card1-0483_35.png,07May10Camera1-Card1-0483,10,16,1,15,1,0
07May10Camera1-Card1-0483_36.png,07May10Camera1-Card1-0483,24,20,4,17,3,-1
07May10Camera1-Card1-0483_37.png,07May10Camera1-Card1-0483,5,7,0,5,1,1
07May10Camera1-Card1-0483_4.png,07May10Camera1-Card1-0483,8,9,0,6,0,0
07May10Camera1-Card1-0483_40.png,07May10Camera1-Card1-0483,14,11,3,10,3,0
07May10Camera1-Card1-0483_42.png,07May10Camera1-Card1-0483,21,22,4,22,6,2
07May10Camera1-Card1-0483_46.png,07May10Camera1-Card1-0483,6,2,1,2,1,0
07May10Camera1-Card1-0483_47.png,07May10Camera1-Card1-0483,1,0,0,0,0,0
07May10Camera1-Card1-0483_49.png,07May10Camera1-Card1-0483,1,3,0,3,0,0
07May10Camera1-Card1-0483_5.png,07May10Camera1-Card1-0483,18,21,4,14,3,-1
07May10Camera1-Card1-0483_53.png,07May10Camera1-Card1-0483,4,2,0,1,0,0
07May10Camera1-Card1-0483_7.png,07May10Camera1-Card1-0483,3,2,0,0,0,0
08May10Camera1-Card1-0127_0.png,08May10Camera1-Card1-0127,1,4,0,3,0,0
08May10Camera1-Card1-0127_1.png,08May10Camera1-Card1-0127,1,5,0,4,1,1
08May10Camera1-Card1-0127_10.png,08May10Camera1-Card1-0127,1,6,0,2,1,1
08May10Camera1-Card1-0127_14.png,08May10Camera1-Card1-0127,1,1,1,1,1,0
08May10Camera1-Card1-0127_15.png,08May10Camera1-Card1-0127,5,8,5,6,3,-2
08May10Camera1-Card1-0127_19.png,08May10Camera1-Card1-0127,1,2,0,2,0,0
08May10Camera1-Card1-0127_2.png,08May10Camera1-Card1-0127,1,5,0,8,1,1
08May10Camera1-Card1-0127_20.png,08May10Camera1-Card1-0127,4,7,0,4,0,0
08May10Camera1-Card1-0127_21.png,08May10Camera1-Card1-0127,6,4,3,5,2,-1
08May10Camera1-Card1-0127_22.png,08May10Camera1-Card1-0127,6,11,5,8,2,-3
08May10Camera1-Card1-0127_27.png,08May10Camera1-Card1-0127,1,3,0,3,0,0
08May10Camera1-Card1-0127_28.png,08May10Camera1-Card1-0127,1,9,0,2,0,0
08May10Camera1-Card1-0127_29.png,08May10Camera1-Card1-0127,6,10,2,6,3,1
08May10Camera1-Card1-0127_30.png,08May10Camera1-Card1-0127,2,7,0,6,0,0
08May10Camera1-Card1-0127_35.png,08May10Camera1-Card1-0127,4,5,3,4,3,0
08May10Camera1-Card1-0127_36.png,08May10Camera1-Card1-0127,21,31,7,22,8,1
08May10Camera1-Card1-0127_37.png,08May10Camera1-Card1-0127,6,10,1,6,1,0
08May10Camera1-Card1-0127_41.png,08May10Camera1-Card1-0127,1,7,0,6,0,0
08May10Camera1-Card1-0127_42.png,08May10Camera1-Card1-0127,1,2,1,2,1,0
08May10Camera1-Card1-0127_43.png,08May10Camera1-Card1-0127,9,12,1,9,2,1
08May10Camera1-Card1-0127_44.png,08May10Camera1-Card1-0127,4,5,1,5,1,0
08May10Camera1-Card1-0127_50.png,08May10Camera1-Card1-0127,2,3,0,2,1,1
08May10Camera1-Card1-0127_51.png,08May10Camera1-Card1-0127,1,2,0,2,0,0
08May10Camera1-Card1-0127_7.png,08May10Camera1-Card1-0127,1,3,0,2,0,0
08May10Camera1-Card1-0127_8.png,08May10Camera1-Card1-0127,2,4,1,4,1,0
10June10Camera2-Card1-0268_26.png,10June10Camera2-Card1-0268,2,13,1,14,1,0
10June10Camera2-Card1-0268_27.png,10June10Camera2-Card1-0268,6,21,4,19,4,0
10June10Camera2-Card1-0268_28.png,10June10Camera2-Card1-0268,4,15,2,10,3,1
10June10Camera2-Card1-0268_33.png,10June10Camera2-Card1-0268,10,8,0,6,0,0
10June10Camera2-Card1-0268_34.png,10June10Camera2-Card1-0268,10,17,2,18,2,0
10June10Camera2-Card1-0268_35.png,10June10Camera2-Card1-0268,26,30,9,35,8,-1
10June10Camera2-Card1-0268_36.png,10June10Camera2-Card1-0268,14,22,7,26,6,-1
10June10Camera2-Card1-0268_41.png,10June10Camera2-Card1-0268,11,9,0,8,0,0
10June10Camera2-Card1-0268_42.png,10June10Camera2-Card1-0268,14,20,4,20,2,-2
10June10Camera2-Card1-0268_43.png,10June10Camera2-Card1-0268,28,27,6,33,8,2
10June10Camera2-Card1-0268_44.png,10June10Camera2-Card1-0268,15,24,4,34,5,1
10June10Camera2-Card1-0268_49.png,10June10Camera2-Card1-0268,5,5,0,5,0,0
10June10Camera2-Card1-0268_50.png,10June10Camera2-Card1-0268,27,25,6,31,9,3
10June10Camera2-Card1-0268_51.png,10June10Camera2-Card1-0268,40,28,9,37,14,5
10June10Camera2-Card1-0268_52.png,10June10Camera2-Card1-0268,41,24,15,37,13,-2
10June10Camera2-Card1-0268_53.png,10June10Camera2-Card1-0268,1,6,0,12,0,0
10June10Camera2-Card1-0268_57.png,10June10Camera2-Card1-0268,6,9,0,7,2,2
10June10Camera2-Card1-0268_58.png,10June10Camera2-Card1-0268,34,17,5,22,5,0
10June10Camera2-Card1-0268_59.png,10June10Camera2-Card1-0268,41,31,14,35,9,-5
10June10Camera2-Card1-0268_60.png,10June10Camera2-Card1-0268,26,25,13,26,12,-1
10June10Camera2-Card1-0268_61.png,10June10Camera2-Card1-0268,1,8,1,4,0,-1
10June10Camera2-Card1-0268_66.png,10June10Camera2-Card1-0268,23,12,2,18,1,-1
10June10Camera2-Card1-0268_67.png,10June10Camera2-Card1-0268,30,26,5,23,3,-2
10June10Camera2-Card1-0268_68.png,10June10Camera2-Card1-0268,28,22,10,30,6,-4
10June10Camera2-Card1-0268_69.png,10June10Camera2-Card1-0268,3,7,3,9,0,-3
10June10Camera2-Card1-0268_75.png,10June10Camera2-Card1-0268,6,15,3,16,4,1
10June10Camera2-Card1-0268_76.png,10June10Camera2-Card1-0268,23,16,3,24,4,1
10June10Camera2-Card1-0268_77.png,10June10Camera2-Card1-0268,3,6,0,9,1,1
11June10Camera1-Card3-0087_100.png,11June10Camera1-Card3-0087,2,4,2,17,1,-1
11June10Camera1-Card3-0087_101.png,11June10Camera1-Card3-0087,4,7,1,13,1,0
11June10Camera1-Card3-0087_102.png,11June10Camera1-Card3-0087,6,4,0,9,2,2
11June10Camera1-Card3-0087_103.png,11June10Camera1-Card3-0087,2,8,1,11,1,0
11June10Camera1-Card3-0087_107.png,11June10Camera1-Card3-0087,1,4,0,8,0,0
11June10Camera1-Card3-0087_110.png,11June10Camera1-Card3-0087,2,9,1,14,1,0
11June10Camera1-Card3-0087_111.png,11June10Camera1-Card3-0087,4,11,2,11,1,-1
11June10Camera1-Card3-0087_112.png,11June10Camera1-Card3-0087,2,10,0,12,1,1
11June10Camera1-Card3-0087_118.png,11June10Camera1-Card3-0087,1,3,0,14,0,0
11June10Camera1-Card3-0087_119.png,11June10Camera1-Card3-0087,1,1,0,17,0,0
11June10Camera1-Card3-0087_123.png,11June10Camera1-Card3-0087,3,4,1,10,1,0
11June10Camera1-Card3-0087_130.png,11June10Camera1-Card3-0087,1,4,1,8,1,0
11June10Camera1-Card3-0087_131.png,11June10Camera1-Card3-0087,1,6,1,12,1,0
11June10Camera1-Card3-0087_133.png,11June10Camera1-Card3-0087,2,4,1,10,1,0
11June10Camera1-Card3-0087_137.png,11June10Camera1-Card3-0087,1,4,1,5,1,0
11June10Camera1-Card3-0087_53.png,11June10Camera1-Card3-0087,1,3,1,3,1,0
11June10Camera1-Card3-0087_54.png,11June10Camera1-Card3-0087,2,8,2,9,2,0
11June10Camera1-Card3-0087_57.png,11June10Camera1-Card3-0087,2,3,1,10,1,0
11June10Camera1-Card3-0087_58.png,11June10Camera1-Card3-0087,2,2,1,8,1,0
11June10Camera1-Card3-0087_63.png,11June10Camera1-Card3-0087,1,3,0,11,1,1
11June10Camera1-Card3-0087_64.png,11June10Camera1-Card3-0087,2,3,0,10,1,1
11June10Camera1-Card3-0087_67.png,11June10Camera1-Card3-0087,2,4,1,15,1,0
11June10Camera1-Card3-0087_68.png,11June10Camera1-Card3-0087,2,4,1,11,1,0
11June10Camera1-Card3-0087_75.png,11June10Camera1-Card3-0087,3,8,0,17,1,1
11June10Camera1-Card3-0087_76.png,11June10Camera1-Card3-0087,2,3,0,14,1,1
11June10Camera1-Card3-0087_80.png,11June10Camera1-Card3-0087,2,6,1,12,0,-1
11June10Camera1-Card3-0087_81.png,11June10Camera1-Card3-0087,2,12,2,15,1,-1
11June10Camera1-Card3-0087_82.png,11June10Camera1-Card3-0087,2,10,0,13,1,1
11June10Camera1-Card3-0087_83.png,11June10Camera1-Card3-0087,1,6,1,11,1,0
11June10Camera1-Card3-0087_90.png,11June10Camera1-Card3-0087,2,6,0,14,1,1
11June10Camera1-Card3-0087_91.png,11June10Camera1-Card3-0087,4,8,1,14,1,0
14June11Camera2-Card3-0379_11.png,14June11Camera2-Card3-0379,1,12,1,10,1,0
14June11Camera2-Card3-0379_12.png,14June11Camera2-Card3-0379,6,15,2,11,3,1
14June11Camera2-Card3-0379_13.png,14June11Camera2-Card3-0379,2,12,1,10,2,1
14June11Camera2-Card3-0379_14.png,14June11Camera2-Card3-0379,2,6,0,7,1,1
14June11Camera2-Card3-0379_15.png,14June11Camera2-Card3-0379,2,6,0,9,0,0
14June11Camera2-Card3-0379_16.png,14June11Camera2-Card3-0379,2,0,0,1,0,0
14June11Camera2-Card3-0379_18.png,14June11Camera2-Card3-0379,7,17,5,16,4,-1
14June11Camera2-Card3-0379_19.png,14June11Camera2-Card3-0379,5,12,3,14,4,1
14June11Camera2-Card3-0379_20.png,14June11Camera2-Card3-0379,9,13,4,14,6,2
14June11Camera2-Card3-0379_22.png,14June11Camera2-Card3-0379,2,4,0,2,0,0
14June11Camera2-Card3-0379_23.png,14June11Camera2-Card3-0379,3,1,0,1,0,0
14June11Camera2-Card3-0379_25.png,14June11Camera2-Card3-0379,2,2,0,5,1,1
14June11Camera2-Card3-0379_26.png,14June11Camera2-Card3-0379,2,6,0,10,0,0
14June11Camera2-Card3-0379_27.png,14June11Camera2-Card3-0379,2,6,0,6,0,0
14June11Camera2-Card3-0379_28.png,14June11Camera2-Card3-0379,4,7,1,8,1,0
14June11Camera2-Card3-0379_29.png,14June11Camera2-Card3-0379,7,4,2,7,0,-2
14June11Camera2-Card3-0379_30.png,14June11Camera2-Card3-0379,10,12,3,11,3,0
14June11Camera2-Card3-0379_35.png,14June11Camera2-Card3-0379,5,11,0,11,1,1
14June11Camera2-Card3-0379_36.png,14June11Camera2-Card3-0379,6,5,2,6,3,1
14June11Camera2-Card3-0379_38.png,14June11Camera2-Card3-0379,8,11,3,9,1,-2
14June11Camera2-Card3-0379_40.png,14June11Camera2-Card3-0379,4,1,0,1,0,0
14June11Camera2-Card3-0379_43.png,14June11Camera2-Card3-0379,11,6,4,7,1,-3
14June11Camera2-Card3-0379_44.png,14June11Camera2-Card3-0379,7,7,2,5,1,-1
14June11Camera2-Card3-0379_45.png,14June11Camera2-Card3-0379,5,3,1,2,1,0
14June11Camera2-Card3-0379_46.png,14June11Camera2-Card3-0379,2,5,0,3,0,0
14June11Camera2-Card3-0379_50.png,14June11Camera2-Card3-0379,1,2,0,0,0,0
14June11Camera2-Card3-0379_51.png,14June11Camera2-Card3-0379,7,6,2,5,1,-1
14June11Camera2-Card3-0379_52.png,14June11Camera2-Card3-0379,4,3,1,2,0,-1
14June11Camera2-Card3-0379_53.png,14June11Camera2-Card3-0379,5,4,1,1,1,0
14June11Camera2-Card3-0379_60.png,14June11Camera2-Card3-0379,2,5,1,4,1,0
14June11Camera2-Card3-0379_8.png,14June11Camera2-Card3-0379,6,12,1,10,0,-1
15June11Camera2-Card3-0818_10.png,15June11Camera2-Card3-0818,2,2,0,2,0,0
15June11Camera2-Card3-0818_11.png,15June11Camera2-Card3-0818,3,0,0,0,0,0
15June11Camera2-Card3-0818_12.png,15June11Camera2-Card3-0818,1,0,0,1,0,0
15June11Camera2-Card3-0818_15.png,15June11Camera2-Card3-0818,7,4,0,6,1,1
15June11Camera2-Card3-0818_16.png,15June11Camera2-Card3-0818,4,2,1,2,1,0
15June11Camera2-Card3-0818_17.png,15June11Camera2-Card3-0818,1,2,0,2,0,0
15June11Camera2-Card3-0818_24.png,15June11Camera2-Card3-0818,8,7,3,7,3,0
15June11Camera2-Card3-0818_3.png,15June11Camera2-Card3-0818,1,1,0,1,0,0
15June11Camera2-Card3-0818_4.png,15June11Camera2-Card3-0818,8,4,1,7,2,1
15June11Camera2-Card3-0818_5.png,15June11Camera2-Card3-0818,21,13,2,17,6,4
15June11Camera2-Card3-0818_6.png,15June11Camera2-Card3-0818,16,9,3,11,4,1
15June11Camera2-Card3-0818_7.png,15June11Camera2-Card3-0818,7,9,4,8,4,0
15June11Camera2-Card3-0818_8.png,15June11Camera2-Card3-0818,7,4,2,6,3,1
15June21Camera2-Card1-1905_108.png,15June21Camera2-Card1-1905,3,13,0,10,0,0
15June21Camera2-Card1-1905_119.png,15June21Camera2-Card1-1905,1,14,0,13,0,0
15June21Camera2-Card1-1905_120.png,15June21Camera2-Card1-1905,1,13,0,10,0,0
15June21Camera2-Card1-1905_55.png,15June21Camera2-Card1-1905,8,8,0,6,0,0
15June21Camera2-Card1-1905_56.png,15June21Camera2-Card1-1905,1,3,0,3,0,0
15June21Camera2-Card1-1905_66.png,15June21Camera2-Card1-1905,4,15,0,15,0,0
15June21Camera2-Card1-1905_67.png,15June21Camera2-Card1-1905,3,10,0,8,0,0
15June21Camera2-Card1-1905_68.png,15June21Camera2-Card1-1905,3,3,0,3,0,0
15June21Camera2-Card1-1905_69.png,15June21Camera2-Card1-1905,1,5,0,4,0,0
15June21Camera2-Card1-1905_70.png,15June21Camera2-Card1-1905,3,10,0,5,0,0
15June21Camera2-Card1-1905_71.png,15June21Camera2-Card1-1905,1,8,0,5,0,0
15June21Camera2-Card1-1905_72.png,15June21Camera2-Card1-1905,1,2,0,1,0,0
15June21Camera2-Card1-1905_78.png,15June21Camera2-Card1-1905,6,4,0,4,0,0
15June21Camera2-Card1-1905_79.png,15June21Camera2-Card1-1905,10,11,1,11,1,0
15June21Camera2-Card1-1905_80.png,15June21Camera2-Card1-1905,4,12,0,12,0,0
15June21Camera2-Card1-1905_81.png,15June21Camera2-Card1-1905,2,13,0,10,0,0
15June21Camera2-Card1-1905_82.png,15June21Camera2-Card1-1905,2,11,0,8,0,0
15June21Camera2-Card1-1905_83.png,15June21Camera2-Card1-1905,3,6,0,5,0,0
15June21Camera2-Card1-1905_90.png,15June21Camera2-Card1-1905,2,6,0,3,0,0
15June21Camera2-Card1-1905_91.png,15June21Camera2-Card1-1905,1,1,0,1,0,0
15June21Camera2-Card1-1905_98.png,15June21Camera2-Card1-1905,1,18,1,10,0,-1
16May15Camera2-Card1-1337_103.png,16May15Camera2-Card1-1337,1,7,1,8,1,0
16May15Camera2-Card1-1337_104.png,16May15Camera2-Card1-1337,1,5,1,5,0,-1
16May15Camera2-Card1-1337_110.png,16May15Camera2-Card1-1337,2,0,0,2,0,0
16May15Camera2-Card1-1337_111.png,16May15Camera2-Card1-1337,4,1,0,2,0,0
16May15Camera2-Card1-1337_112.png,16May15Camera2-Card1-1337,1,1,0,2,0,0
16May15Camera2-Card1-1337_113.png,16May15Camera2-Card1-1337,4,10,0,8,0,0
16May15Camera2-Card1-1337_114.png,16May15Camera2-Card1-1337,2,2,0,3,0,0
16May15Camera2-Card1-1337_138.png,16May15Camera2-Card1-1337,1,3,0,2,0,0
16May15Camera2-Card1-1337_139.png,16May15Camera2-Card1-1337,1,2,0,2,0,0
16May15Camera2-Card1-1337_18.png,16May15Camera2-Card1-1337,1,13,0,10,0,0
16May15Camera2-Card1-1337_93.png,16May15Camera2-Card1-1337,1,9,1,6,1,0
16May15Camera2-Card1-1337_94.png,16May15Camera2-Card1-1337,2,10,1,8,1,0
16May15Camera2-Card1-1337_95.png,16May15Camera2-Card1-1337,1,10,1,10,1,0
16May15Camera2-Card1-1357_0.png,16May15Camera2-Card1-1357,26,25,6,22,4,-2
16May15Camera2-Card1-1357_1.png,16May15Camera2-Card1-1357,12,7,2,13,1,-1
16May15Camera2-Card1-1357_10.png,16May15Camera2-Card1-1357,8,13,1,14,0,-1
16May15Camera2-Card1-1357_100.png,16May15Camera2-Card1-1357,20,9,1,14,1,0
16May15Camera2-Card1-1357_101.png,16May15Camera2-Card1-1357,3,6,0,7,0,0
16May15Camera2-Card1-1357_105.png,16May15Camera2-Card1-1357,20,14,5,17,4,-1
16May15Camera2-Card1-1357_106.png,16May15Camera2-Card1-1357,41,26,12,30,11,-1
16May15Camera2-Card1-1357_107.png,16May15Camera2-Card1-1357,17,17,7,18,6,-1
16May15Camera2-Card1-1357_108.png,16May15Camera2-Card1-1357,23,11,2,16,4,2
16May15Camera2-Card1-1357_11.png,16May15Camera2-Card1-1357,2,6,0,6,0,0
16May15Camera2-Card1-1357_110.png,16May15Camera2-Card1-1357,11,11,0,13,0,0
16May15Camera2-Card1-1357_111.png,16May15Camera2-Card1-1357,7,8,1,11,1,0
16May15Camera2-Card1-1357_112.png,16May15Camera2-Card1-1357,3,2,1,2,0,-1
16May15Camera2-Card1-1357_113.png,16May15Camera2-Card1-1357,2,3,0,2,0,0
16May15Camera2-Card1-1357_114.png,16May15Camera2-Card1-1357,8,6,2,8,4,2
16May15Camera2-Card1-1357_115.png,16May15Camera2-Card1-1357,17,15,3,22,5,2
16May15Camera2-Card1-1357_116.png,16May15Camera2-Card1-1357,18,23,0,21,1,1
16May15Camera2-Card1-1357_117.png,16May15Camera2-Card1-1357,16,12,2,11,0,-2
16May15Camera2-Card1-1357_118.png,16May15Camera2-Card1-1357,2,9,1,6,1,0
16May15Camera2-Card1-1357_119.png,16May15Camera2-Card1-1357,2,6,1,3,1,0
16May15Camera2-Card1-1357_12.png,16May15Camera2-Card1-1357,7,9,1,8,1,0
16May15Camera2-Card1-1357_120.png,16May15Camera2-Card1-1357,4,16,1,12,0,-1
16May15Camera2-Card1-1357_121.png,16May15Camera2-Card1-1357,38,25,3,30,4,1
16May15Camera2-Card1-1357_122.png,16May15Camera2-Card1-1357,15,7,1,9,5,4
16May15Camera2-Card1-1357_123.png,16May15Camera2-Card1-1357,7,11,2,11,0,-2
16May15Camera2-Card1-1357_124.png,16May15Camera2-Card1-1357,33,20,9,31,13,4
16May15Camera2-Card1-1357_125.png,16May15Camera2-Card1-1357,45,21,5,32,9,4
16May15Camera2-Card1-1357_126.png,16May15Camera2-Card1-1357,7,18,2,18,3,1
16May15Camera2-Card1-1357_127.png,16May15Camera2-Card1-1357,9,22,1,18,4,3
16May15Camera2-Card1-1357_128.png,16May15Camera2-Card1-1357,12,13,6,12,6,0
16May15Camera2-Card1-1357_13.png,16May15Camera2-Card1-1357,65,15,8,32,8,0
16May15Camera2-Card1-1357_131.png,16May15Camera2-Card1-1357,20,13,3,24,5,2
16May15Camera2-Card1-1357_132.png,16May15Camera2-Card1-1357,47,21,7,30,9,2
16May15Camera2-Card1-1357_133.png,16May15Camera2-Card1-1357,27,22,7,28,9,2
16May15Camera2-Card1-1357_134.png,16May15Camera2-Card1-1357,12,15,0,23,3,3
16May15Camera2-Card1-1357_137.png,16May15Camera2-Card1-1357,2,7,1,6,1,0
16May15Camera2-Card1-1357_138.png,16May15Camera2-Card1-1357,33,22,7,19,7,0
16May15Camera2-Card1-1357_139.png,16May15Camera2-Card1-1357,23,22,1,17,0,-1
16May15Camera2-Card1-1357_14.png,16May15Camera2-Card1-1357,24,15,0,18,2,2
16May15Camera2-Card1-1357_149.png,16May15Camera2-Card1-1357,15,27,4,18,3,-1
16May15Camera2-Card1-1357_15.png,16May15Camera2-Card1-1357,22,21,8,23,4,-4
16May15Camera2-Card1-1357_159.png,16May15Camera2-Card1-1357,15,26,4,17,2,-2
16May15Camera2-Card1-1357_16.png,16May15Camera2-Card1-1357,4,9,1,10,1,0
16May15Camera2-Card1-1357_17.png,16May15Camera2-Card1-1357,3,2,1,3,1,0
16May15Camera2-Card1-1357_18.png,16May15Camera2-Card1-1357,4,5,0,6,0,0
16May15Camera2-Card1-1357_19.png,16May15Camera2-Card1-1357,2,7,1,7,1,0
16May15Camera2-Card1-1357_2.png,16May15Camera2-Card1-1357,8,11,1,14,0,-1
16May15Camera2-Card1-1357_21.png,16May15Camera2-Card1-1357,1,4,0,3,0,0
16May15Camera2-Card1-1357_22.png,16May15Camera2-Card1-1357,24,16,5,17,4,-1
16May15Camera2-Card1-1357_23.png,16May15Camera2-Card1-1357,28,21,4,22,3,-1
16May15Camera2-Card1-1357_24.png,16May15Camera2-Card1-1357,12,13,1,18,1,0
16May15Camera2-Card1-1357_25.png,16May15Camera2-Card1-1357,25,16,8,22,8,0
16May15Camera2-Card1-1357_26.png,16May15Camera2-Card1-1357,9,11,2,10,2,0
16May15Camera2-Card1-1357_3.png,16May15Camera2-Card1-1357,16,22,3,18,3,0
16May15Camera2-Card1-1357_31.png,16May15Camera2-Card1-1357,1,12,0,13,0,0
16May15Camera2-Card1-1357_32.png,16May15Camera2-Card1-1357,5,14,1,14,0,-1
16May15Camera2-Card1-1357_33.png,16May15Camera2-Card1-1357,20,24,1,24,0,-1
16May15Camera2-Card1-1357_34.png,16May15Camera2-Card1-1357,18,21,0,23,1,1
16May15Camera2-Card1-1357_35.png,16May15Camera2-Card1-1357,10,13,5,14,2,-3
16May15Camera2-Card1-1357_4.png,16May15Camera2-Card1-1357,7,8,3,9,0,-3
16May15Camera2-Card1-1357_40.png,16May15Camera2-Card1-1357,1,21,0,24,0,0
16May15Camera2-Card1-1357_41.png,16May15Camera2-Card1-1357,1,21,0,19,0,0
16May15Camera2-Card1-1357_47.png,16May15Camera2-Card1-1357,1,6,0,4,0,0
16May15Camera2-Card1-1357_5.png,16May15Camera2-Card1-1357,13,9,2,19,1,-1
16May15Camera2-Card1-1357_51.png,16May15Camera2-Card1-1357,1,17,0,18,0,0
16May15Camera2-Card1-1357_53.png,16May15Camera2-Card1-1357,1,13,0,14,0,0
16May15Camera2-Card1-1357_56.png,16May15Camera2-Card1-1357,1,24,0,29,0,0
16May15Camera2-Card1-1357_57.png,16May15Camera2-Card1-1357,3,8,0,8,1,1
16May15Camera2-Card1-1357_58.png,16May15Camera2-Card1-1357,3,3,1,2,1,0
16May15Camera2-Card1-1357_59.png,16May15Camera2-Card1-1357,3,7,1,7,0,-1
16May15Camera2-Card1-1357_6.png,16May15Camera2-Card1-1357,5,8,0,10,1,1
16May15Camera2-Card1-1357_60.png,16May15Camera2-Card1-1357,6,19,0,20,0,0
16May15Camera2-Card1-1357_66.png,16May15Camera2-Card1-1357,1,24,0,26,0,0
16May15Camera2-Card1-1357_67.png,16May15Camera2-Card1-1357,1,5,0,5,0,0
16May15Camera2-Card1-1357_69.png,16May15Camera2-Card1-1357,4,12,1,11,0,-1
16May15Camera2-Card1-1357_7.png,16May15Camera2-Card1-1357,2,8,0,7,1,1
16May15Camera2-Card1-1357_70.png,16May15Camera2-Card1-1357,4,6,0,6,0,0
16May15Camera2-Card1-1357_71.png,16May15Camera2-Card1-1357,3,15,1,18,1,0
16May15Camera2-Card1-1357_72.png,16May15Camera2-Card1-1357,2,12,0,14,0,0
16May15Camera2-Card1-1357_78.png,16May15Camera2-Card1-1357,4,8,0,11,0,0
16May15Camera2-Card1-1357_79.png,16May15Camera2-Card1-1357,8,12,0,10,0,0
16May15Camera2-Card1-1357_8.png,16May15Camera2-Card1-1357,8,9,2,9,1,-1
16May15Camera2-Card1-1357_84.png,16May15Camera2-Card1-1357,1,1,0,1,0,0
16May15Camera2-Card1-1357_85.png,16May15Camera2-Card1-1357,1,1,0,1,0,0
16May15Camera2-Card1-1357_86.png,16May15Camera2-Card1-1357,9,13,2,18,1,-1
16May15Camera2-Card1-1357_87.png,16May15Camera2-Card1-1357,8,15,0,18,2,2
16May15Camera2-Card1-1357_88.png,16May15Camera2-Card1-1357,9,14,0,17,1,1
16May15Camera2-Card1-1357_89.png,16May15Camera2-Card1-1357,3,5,0,4,0,0
16May15Camera2-Card1-1357_9.png,16May15Camera2-Card1-1357,15,12,4,16,1,-3
16May15Camera2-Card1-1357_91.png,16May15Camera2-Card1-1357,1,3,1,3,1,0
16May15Camera2-Card1-1357_92.png,16May15Camera2-Card1-1357,1,1,1,1,1,0
16May15Camera2-Card1-1357_93.png,16May15Camera2-Card1-1357,2,1,1,2,1,0
16May15Camera2-Card1-1357_95.png,16May15Camera2-Card1-1357,10,5,2,7,4,2
16May15Camera2-Card1-1357_96.png,16May15Camera2-Card1-1357,29,21,9,24,10,1
16May15Camera2-Card1-1357_97.png,16May15Camera2-Card1-1357,16,17,6,19,7,1
16May15Camera2-Card1-1357_98.png,16May15Camera2-Card1-1357,47,30,17,33,16,-1
17May10Camera1-Card1-0395_0.png,17May10Camera1-Card1-0395,23,3,0,4,0,0
17May10Camera1-Card1-0395_10.png,17May10Camera1-Card1-0395,19,40,4,40,4,0
17May10Camera1-Card1-0395_15.png,17May10Camera1-Card1-0395,64,63,18,65,21,3
17May10Camera1-Card1-0395_16.png,17May10Camera1-Card1-0395,49,69,19,73,19,0
17May10Camera1-Card1-0395_17.png,17May10Camera1-Card1-0395,41,67,16,64,14,-2
17May10Camera1-Card1-0395_18.png,17May10Camera1-Card1-0395,2,19,1,16,1,0
17May10Camera1-Card1-0395_2.png,17May10Camera1-Card1-0395,2,17,0,10,0,0
17May10Camera1-Card1-0395_21.png,17May10Camera1-Card1-0395,2,6,1,5,1,0
17May10Camera1-Card1-0395_22.png,17May10Camera1-Card1-0395,35,44,11,41,12,1
17May10Camera1-Card1-0395_23.png,17May10Camera1-Card1-0395,56,70,19,74,21,2
17May10Camera1-Card1-0395_24.png,17May10Camera1-Card1-0395,63,74,20,75,23,3
17May10Camera1-Card1-0395_25.png,17May10Camera1-Card1-0395,5,21,1,18,2,1
17May10Camera1-Card1-0395_30.png,17May10Camera1-Card1-0395,26,56,6,53,8,2
17May10Camera1-Card1-0395_31.png,17May10Camera1-Card1-0395,56,70,12,72,15,3
17May10Camera1-Card1-0395_32.png,17May10Camera1-Card1-0395,4,22,2,19,2,0
17May10Camera1-Card1-0395_37.png,17May10Camera1-Card1-0395,18,45,7,48,8,1
17May10Camera1-Card1-0395_38.png,17May10Camera1-Card1-0395,7,71,1,82,4,3
17May10Camera1-Card1-0395_44.png,17May10Camera1-Card1-0395,8,33,3,34,4,1
17May10Camera1-Card1-0395_8.png,17May10Camera1-Card1-0395,24,34,10,32,11,1
17May10Camera1-Card1-0395_9.png,17May10Camera1-Card1-0395,26,56,10,57,11,1
17May10Camera1-Card1-0868_1.png,17May10Camera1-Card1-0868,3,3,3,3,3,0
17May10Camera1-Card1-0868_10.png,17May10Camera1-Card1-0868,2,1,1,1,1,0
17May10Camera1-Card1-0868_11.png,17May10Camera1-Card1-0868,5,3,2,2,2,0
17May10Camera1-Card1-0868_14.png,17May10Camera1-Card1-0868,3,4,3,4,3,0
17May10Camera1-Card1-0868_15.png,17May10Camera1-Card1-0868,4,5,3,3,3,0
17May10Camera1-Card1-0868_16.png,17May10Camera1-Card1-0868,1,1,1,1,1,0
17May10Camera1-Card1-0868_21.png,17May10Camera1-Card1-0868,2,3,2,3,2,0
17May10Camera1-Card1-0868_22.png,17May10Camera1-Card1-0868,2,4,2,4,2,0
17May10Camera1-Card1-0868_23.png,17May10Camera1-Card1-0868,5,6,3,6,4,1
17May10Camera1-Card1-0868_24.png,17May10Camera1-Card1-0868,3,4,2,2,2,0
17May10Camera1-Card1-0868_25.png,17May10Camera1-Card1-0868,7,6,4,7,5,1
17May10Camera1-Card1-0868_28.png,17May10Camera1-Card1-0868,4,3,2,4,3,1
17May10Camera1-Card1-0868_30.png,17May10Camera1-Card1-0868,4,5,3,4,3,0
17May10Camera1-Card1-0868_31.png,17May10Camera1-Card1-0868,2,6,2,4,1,-1
17May10Camera1-Card1-0868_32.png,17May10Camera1-Card1-0868,4,6,3,8,3,0
17May10Camera1-Card1-0868_35.png,17May10Camera1-Card1-0868,15,9,4,12,9,5
17May10Camera1-Card1-0868_36.png,17May10Camera1-Card1-0868,1,2,1,2,1,0
17May10Camera1-Card1-0868_37.png,17May10Camera1-Card1-0868,9,9,7,8,6,-1
17May10Camera1-Card1-0868_38.png,17May10Camera1-Card1-0868,4,6,4,5,4,0
17May10Camera1-Card1-0868_39.png,17May10Camera1-Card1-0868,1,3,0,1,0,0
17May10Camera1-Card1-0868_4.png,17May10Camera1-Card1-0868,4,2,1,2,2,1
17May10Camera1-Card1-0868_42.png,17May10Camera1-Card1-0868,7,4,3,4,4,1
17May10Camera1-Card1-0868_43.png,17May10Camera1-Card1-0868,7,8,5,8,5,0
17May10Camera1-Card1-0868_44.png,17May10Camera1-Card1-0868,9,6,6,6,6,0
17May10Camera1-Card1-0868_45.png,17May10Camera1-Card1-0868,2,5,1,6,2,1
17May10Camera1-Card1-0868_46.png,17May10Camera1-Card1-0868,9,5,3,7,5,2
17May10Camera1-Card1-0868_49.png,17May10Camera1-Card1-0868,2,3,2,2,2,0
17May10Camera1-Card1-0868_50.png,17May10Camera1-Card1-0868,2,5,2,4,2,0
17May10Camera1-Card1-0868_51.png,17May10Camera1-Card1-0868,3,7,3,5,3,0
17May10Camera1-Card1-0868_52.png,17May10Camera1-Card1-0868,5,7,3,11,4,1
17May10Camera1-Card1-0868_53.png,17May10Camera1-Card1-0868,1,4,1,6,1,0
17May10Camera1-Card1-0868_57.png,17May10Camera1-Card1-0868,3,2,1,3,2,1
17May10Camera1-Card1-0868_58.png,17May10Camera1-Card1-0868,9,10,4,9,7,3
17May10Camera1-Card1-0868_59.png,17May10Camera1-Card1-0868,9,10,8,9,8,0
17May10Camera1-Card1-0868_60.png,17May10Camera1-Card1-0868,4,4,3,6,3,0
17May10Camera1-Card1-0868_64.png,17May10Camera1-Card1-0868,1,2,1,1,1,0
17May10Camera1-Card1-0868_65.png,17May10Camera1-Card1-0868,4,2,2,5,2,0
17May10Camera1-Card1-0868_66.png,17May10Camera1-Card1-0868,4,4,2,6,3,1
17May10Camera1-Card1-0868_7.png,17May10Camera1-Card1-0868,8,8,7,9,7,0
17May10Camera1-Card1-0868_72.png,17May10Camera1-Card1-0868,4,2,2,5,2,0
17May10Camera1-Card1-0868_73.png,17May10Camera1-Card1-0868,4,3,2,6,3,1
17May10Camera1-Card1-0868_8.png,17May10Camera1-Card1-0868,7,7,6,7,6,0
17May11Camera1-Card2-0267_0.png,17May11Camera1-Card2-0267,3,24,0,25,0,0
17May11Camera1-Card2-0267_1.png,17May11Camera1-Card2-0267,1,14,0,11,0,0
17May11Camera1-Card2-0267_10.png,17May11Camera1-Card2-0267,5,16,1,12,1,0
17May11Camera1-Card2-0267_11.png,17May11Camera1-Card2-0267,47,41,8,50,7,-1
17May11Camera1-Card2-0267_12.png,17May11Camera1-Card2-0267,25,75,3,87,5,2
17May11Camera1-Card2-0267_14.png,17May11Camera1-Card2-0267,5,12,0,9,1,1
17May11Camera1-Card2-0267_15.png,17May11Camera1-Card2-0267,9,14,0,13,1,1
17May11Camera1-Card2-0267_16.png,17May11Camera1-Card2-0267,15,24,3,21,3,0
17May11Camera1-Card2-0267_17.png,17May11Camera1-Card2-0267,37,58,11,64,12,1
17May11Camera1-Card2-0267_18.png,17May11Camera1-Card2-0267,49,75,7,92,8,1
17May11Camera1-Card2-0267_19.png,17May11Camera1-Card2-0267,11,71,1,85,2,1
17May11Camera1-Card2-0267_21.png,17May11Camera1-Card2-0267,47,68,4,73,6,2
17May11Camera1-Card2-0267_22.png,17May11Camera1-Card2-0267,101,72,11,77,14,3
17May11Camera1-Card2-0267_23.png,17May11Camera1-Card2-0267,81,73,14,80,19,5
17May11Camera1-Card2-0267_24.png,17May11Camera1-Card2-0267,34,86,14,87,9,-5
17May11Camera1-Card2-0267_25.png,17May11Camera1-Card2-0267,19,54,7,51,4,-3
17May11Camera1-Card2-0267_26.png,17May11Camera1-Card2-0267,4,32,1,31,1,0
17May11Camera1-Card2-0267_28.png,17May11Camera1-Card2-0267,50,82,9,94,16,7
17May11Camera1-Card2-0267_29.png,17May11Camera1-Card2-0267,52,91,14,103,19,5
17May11Camera1-Card2-0267_30.png,17May11Camera1-Card2-0267,62,82,20,88,19,-1
17May11Camera1-Card2-0267_31.png,17May11Camera1-Card2-0267,27,64,9,62,8,-1
17May11Camera1-Card2-0267_33.png,17May11Camera1-Card2-0267,2,7,1,6,1,0
17May11Camera1-Card2-0267_35.png,17May11Camera1-Card2-0267,11,54,3,49,2,-1
17May11Camera1-Card2-0267_36.png,17May11Camera1-Card2-0267,29,52,12,54,10,-2
17May11Camera1-Card2-0267_37.png,17May11Camera1-Card2-0267,60,83,22,89,21,-1
17May11Camera1-Card2-0267_38.png,17May11Camera1-Card2-0267,44,55,19,62,11,-8
17May11Camera1-Card2-0267_4.png,17May11Camera1-Card2-0267,17,65,6,80,7,1
17May11Camera1-Card2-0267_43.png,17May11Camera1-Card2-0267,4,16,0,12,1,1
17May11Camera1-Card2-0267_44.png,17May11Camera1-Card2-0267,40,67,13,64,12,-1
17May11Camera1-Card2-0267_45.png,17May11Camera1-Card2-0267,31,73,18,71,15,-3
17May11Camera1-Card2-0267_46.png,17May11Camera1-Card2-0267,2,9,1,5,0,-1
17May11Camera1-Card2-0267_47.png,17May11Camera1-Card2-0267,5,3,0,2,0,0
17May11Camera1-Card2-0267_48.png,17May11Camera1-Card2-0267,5,23,0,21,0,0
17May11Camera1-Card2-0267_5.png,17May11Camera1-Card2-0267,11,77,0,93,1,1
17May11Camera1-Card2-0267_50.png,17May11Camera1-Card2-0267,3,14,0,9,0,0
17May11Camera1-Card2-0267_51.png,17May11Camera1-Card2-0267,10,31,1,28,2,1
17May11Camera1-Card2-0267_52.png,17May11Camera1-Card2-0267,32,77,13,77,13,0
17May11Camera1-Card2-0267_53.png,17May11Camera1-Card2-0267,14,30,6,28,5,-1
17May11Camera1-Card2-0267_54.png,17May11Camera1-Card2-0267,10,4,1,4,1,0
17May11Camera1-Card2-0267_55.png,17May11Camera1-Card2-0267,2,8,1,7,0,-1
17May11Camera1-Card2-0267_56.png,17May11Camera1-Card2-0267,1,2,0,2,0,0
17May11Camera1-Card2-0267_57.png,17May11Camera1-Card2-0267,1,2,0,2,0,0
17May11Camera1-Card2-0267_58.png,17May11Camera1-Card2-0267,6,8,1,7,1,0
17May11Camera1-Card2-0267_59.png,17May11Camera1-Card2-0267,22,57,5,58,9,4
17May11Camera1-Card2-0267_60.png,17May11Camera1-Card2-0267,16,34,4,31,3,-1
17May11Camera1-Card2-0267_63.png,17May11Camera1-Card2-0267,4,1,0,1,0,0
17May11Camera1-Card2-0267_65.png,17May11Camera1-Card2-0267,1,1,0,1,0,0
17May11Camera1-Card2-0267_67.png,17May11Camera1-Card2-0267,1,4,0,4,0,0
17May11Camera1-Card2-0267_69.png,17May11Camera1-Card2-0267,1,2,0,2,0,0
17May11Camera1-Card2-0267_7.png,17May11Camera1-Card2-0267,3,8,0,7,0,0
17May11Camera1-Card2-0267_70.png,17May11Camera1-Card2-0267,3,0,0,0,0,0
17May11Camera1-Card2-0267_74.png,17May11Camera1-Card2-0267,1,5,0,4,0,0
17May11Camera1-Card2-0267_76.png,17May11Camera1-Card2-0267,1,4,0,2,0,0
17May11Camera1-Card2-0267_8.png,17May11Camera1-Card2-0267,2,12,0,12,1,1
17May11Camera1-Card2-0267_9.png,17May11Camera1-Card2-0267,1,10,0,9,0,0
17May11Camera1-Card2-0384_0.png,17May11Camera1-Card2-0384,1,3,0,2,0,0
17May11Camera1-Card2-0384_1.png,17May11Camera1-Card2-0384,5,20,1,14,1,0
17May11Camera1-Card2-0384_2.png,17May11Camera1-Card2-0384,5,18,1,16,1,0
17May11Camera1-Card2-0384_21.png,17May11Camera1-Card2-0384,5,22,2,17,0,-2
17May11Camera1-Card2-0384_22.png,17May11Camera1-Card2-0384,2,19,0,15,0,0
17May11Camera1-Card2-0384_23.png,17May11Camera1-Card2-0384,11,21,0,15,0,0
17May11Camera1-Card2-0384_28.png,17May11Camera1-Card2-0384,3,16,1,15,0,-1
17May11Camera1-Card2-0384_29.png,17May11Camera1-Card2-0384,11,18,1,13,1,0
17May11Camera1-Card2-0384_30.png,17May11Camera1-Card2-0384,15,21,0,15,1,1
17May11Camera1-Card2-0384_31.png,17May11Camera1-Card2-0384,8,21,1,17,0,-1
17May11Camera1-Card2-0384_32.png,17May11Camera1-Card2-0384,23,18,3,16,1,-2
17May11Camera1-Card2-0384_33.png,17May11Camera1-Card2-0384,15,18,0,17,1,1
17May11Camera1-Card2-0384_34.png,17May11Camera1-Card2-0384,4,17,0,16,0,0
17May11Camera1-Card2-0384_35.png,17May11Camera1-Card2-0384,5,16,1,14,1,0
17May11Camera1-Card2-0384_36.png,17May11Camera1-Card2-0384,14,20,2,14,1,-1
17May11Camera1-Card2-0384_37.png,17May11Camera1-Card2-0384,19,24,2,23,2,0
17May11Camera1-Card2-0384_38.png,17May11Camera1-Card2-0384,31,22,3,24,2,-1
17May11Camera1-Card2-0384_39.png,17May11Camera1-Card2-0384,31,24,1,19,1,0
17May11Camera1-Card2-0384_40.png,17May11Camera1-Card2-0384,14,21,0,18,0,0
17May11Camera1-Card2-0384_41.png,17May11Camera1-Card2-0384,2,19,0,19,0,0
17May11Camera1-Card2-0384_42.png,17May11Camera1-Card2-0384,3,13,1,11,1,0
17May11Camera1-Card2-0384_43.png,17May11Camera1-Card2-0384,14,19,2,15,0,-2
17May11Camera1-Card2-0384_44.png,17May11Camera1-Card2-0384,21,18,1,17,2,1
17May11Camera1-Card2-0384_45.png,17May11Camera1-Card2-0384,7,16,1,8,0,-1
17May11Camera1-Card2-0384_46.png,17May11Camera1-Card2-0384,5,15,0,6,0,0
17May11Camera1-Card2-0384_47.png,17May11Camera1-Card2-0384,19,22,1,18,0,-1
17May11Camera1-Card2-0384_49.png,17May11Camera1-Card2-0384,5,11,1,7,0,-1
17May11Camera1-Card2-0384_50.png,17May11Camera1-Card2-0384,14,17,1,14,1,0
17May11Camera1-Card2-0384_51.png,17May11Camera1-Card2-0384,32,23,3,19,0,-3
17May11Camera1-Card2-0384_52.png,17May11Camera1-Card2-0384,3,6,1,4,1,0
17May11Camera1-Card2-0384_53.png,17May11Camera1-Card2-0384,4,6,0,3,0,0
17May11Camera1-Card2-0384_54.png,17May11Camera1-Card2-0384,4,15,0,13,0,0
17May11Camera1-Card2-0384_56.png,17May11Camera1-Card2-0384,5,15,0,11,0,0
17May11Camera1-Card2-0384_57.png,17May11Camera1-Card2-0384,5,17,0,10,0,0
17May11Camera1-Card2-0384_58.png,17May11Camera1-Card2-0384,1,11,0,7,0,0
17May11Camera1-Card2-0384_60.png,17May11Camera1-Card2-0384,2,5,0,2,0,0
17May11Camera1-Card2-0384_61.png,17May11Camera1-Card2-0384,2,14,0,13,0,0
17May11Camera1-Card2-0384_63.png,17May11Camera1-Card2-0384,3,14,0,14,0,0
17May11Camera1-Card2-0384_64.png,17May11Camera1-Card2-0384,1,12,1,9,1,0
17May11Camera1-Card2-0384_66.png,17May11Camera1-Card2-0384,3,2,1,1,1,0
17May11Camera1-Card2-0384_68.png,17May11Camera1-Card2-0384,7,14,2,15,2,0
17May11Camera1-Card2-0384_69.png,17May11Camera1-Card2-0384,6,16,1,14,2,1
17May11Camera1-Card2-0384_7.png,17May11Camera1-Card2-0384,2,8,0,2,0,0
17May11Camera1-Card2-0384_70.png,17May11Camera1-Card2-0384,3,11,0,13,0,0
17May11Camera1-Card2-0384_71.png,17May11Camera1-Card2-0384,1,12,1,9,1,0
17May11Camera1-Card2-0384_73.png,17May11Camera1-Card2-0384,3,2,1,1,1,0
17May11Camera1-Card2-0384_75.png,17May11Camera1-Card2-0384,8,15,2,15,0,-2
17May11Camera1-Card2-0384_76.png,17May11Camera1-Card2-0384,7,16,1,17,1,0
17May11Camera1-Card2-0384_8.png,17May11Camera1-Card2-0384,4,13,0,12,0,0
17May11Camera2-Card2-71_0.png,17May11Camera2-Card2-71,54,15,0,5,0,0
17May11Camera2-Card2-71_10.png,17May11Camera2-Card2-71,21,13,0,5,0,0
17May11Camera2-Card2-71_100.png,17May11Camera2-Card2-71,1,2,0,1,0,0
17May11Camera2-Card2-71_101.png,17May11Camera2-Card2-71,17,3,0,5,0,0
17May11Camera2-Card2-71_102.png,17May11Camera2-Card2-71,1,5,0,6,0,0
17May11Camera2-Card2-71_103.png,17May11Camera2-Card2-71,3,3,0,8,0,0
17May11Camera2-Card2-71_105.png,17May11Camera2-Card2-71,1,10,0,11,0,0
17May11Camera2-Card2-71_106.png,17May11Camera2-Card2-71,3,5,0,4,0,0
17May11Camera2-Card2-71_107.png,17May11Camera2-Card2-71,2,9,0,6,0,0
17May11Camera2-Card2-71_11.png,17May11Camera2-Card2-71,2,11,0,8,0,0
17May11Camera2-Card2-71_110.png,17May11Camera2-Card2-71,26,4,0,1,0,0
17May11Camera2-Card2-71_111.png,17May11Camera2-Card2-71,18,3,0,5,0,0
17May11Camera2-Card2-71_115.png,17May11Camera2-Card2-71,1,2,0,1,0,0
17May11Camera2-Card2-71_116.png,17May11Camera2-Card2-71,2,2,0,2,0,0
17May11Camera2-Card2-71_117.png,17May11Camera2-Card2-71,2,5,0,6,0,0
17May11Camera2-Card2-71_118.png,17May11Camera2-Card2-71,2,7,0,6,0,0
17May11Camera2-Card2-71_119.png,17May11Camera2-Card2-71,2,7,0,6,0,0
17May11Camera2-Card2-71_12.png,17May11Camera2-Card2-71,10,19,1,16,0,-1
17May11Camera2-Card2-71_120.png,17May11Camera2-Card2-71,20,3,0,3,0,0
17May11Camera2-Card2-71_121.png,17May11Camera2-Card2-71,26,3,0,6,0,0
17May11Camera2-Card2-71_122.png,17May11Camera2-Card2-71,9,2,0,3,0,0
17May11Camera2-Card2-71_125.png,17May11Camera2-Card2-71,1,3,0,2,0,0
17May11Camera2-Card2-71_13.png,17May11Camera2-Card2-71,3,21,0,18,0,0
17May11Camera2-Card2-71_130.png,17May11Camera2-Card2-71,3,2,0,3,0,0
17May11Camera2-Card2-71_131.png,17May11Camera2-Card2-71,2,6,0,5,0,0
17May11Camera2-Card2-71_132.png,17May11Camera2-Card2-71,11,3,0,5,0,0
17May11Camera2-Card2-71_133.png,17May11Camera2-Card2-71,12,4,0,1,0,0
17May11Camera2-Card2-71_135.png,17May11Camera2-Card2-71,6,5,0,4,0,0
17May11Camera2-Card2-71_14.png,17May11Camera2-Card2-71,2,16,0,9,0,0
17May11Camera2-Card2-71_15.png,17May11Camera2-Card2-71,11,14,2,13,0,-2
17May11Camera2-Card2-71_16.png,17May11Camera2-Card2-71,2,13,0,12,0,0
17May11Camera2-Card2-71_20.png,17May11Camera2-Card2-71,1,13,0,9,0,0
17May11Camera2-Card2-71_21.png,17May11Camera2-Card2-71,7,17,0,14,0,0
17May11Camera2-Card2-71_22.png,17May11Camera2-Card2-71,3,11,0,9,0,0
17May11Camera2-Card2-71_23.png,17May11Camera2-Card2-71,5,7,0,6,0,0
17May11Camera2-Card2-71_24.png,17May11Camera2-Card2-71,2,7,1,3,0,-1
17May11Camera2-Card2-71_25.png,17May11Camera2-Card2-71,13,17,4,14,0,-4
17May11Camera2-Card2-71_26.png,17May11Camera2-Card2-71,2,18,1,17,0,-1
17May11Camera2-Card2-71_30.png,17May11Camera2-Card2-71,1,18,0,10,0,0
17May11Camera2-Card2-71_31.png,17May11Camera2-Card2-71,2,11,0,9,0,0
17May11Camera2-Card2-71_32.png,17May11Camera2-Card2-71,3,12,0,10,0,0
17May11Camera2-Card2-71_33.png,17May11Camera2-Card2-71,8,17,1,14,0,-1
17May11Camera2-Card2-71_34.png,17May11Camera2-Card2-71,3,12,1,10,0,-1
17May11Camera2-Card2-71_35.png,17May11Camera2-Card2-71,7,15,1,13,0,-1
17May11Camera2-Card2-71_36.png,17May11Camera2-Card2-71,2,10,1,10,0,-1
17May11Camera2-Card2-71_4.png,17May11Camera2-Card2-71,9,16,0,13,0,0
17May11Camera2-Card2-71_5.png,17May11Camera2-Card2-71,13,19,0,7,0,0
17May11Camera2-Card2-71_6.png,17May11Camera2-Card2-71,12,16,0,9,0,0
17May11Camera2-Card2-71_77.png,17May11Camera2-Card2-71,9,3,0,6,0,0
17May11Camera2-Card2-71_78.png,17May11Camera2-Card2-71,14,1,0,2,0,0
17May11Camera2-Card2-71_79.png,17May11Camera2-Card2-71,11,2,0,2,0,0
17May11Camera2-Card2-71_80.png,17May11Camera2-Card2-71,5,7,2,6,0,-2
17May11Camera2-Card2-71_81.png,17May11Camera2-Card2-71,6,8,1,5,0,-1
17May11Camera2-Card2-71_82.png,17May11Camera2-Card2-71,1,4,0,3,0,0
17May11Camera2-Card2-71_84.png,17May11Camera2-Card2-71,1,4,0,5,0,0
17May11Camera2-Card2-71_85.png,17May11Camera2-Card2-71,2,5,0,9,0,0
17May11Camera2-Card2-71_86.png,17May11Camera2-Card2-71,3,4,0,5,0,0
17May11Camera2-Card2-71_87.png,17May11Camera2-Card2-71,4,2,0,5,0,0
17May11Camera2-Card2-71_88.png,17May11Camera2-Card2-71,6,4,0,6,0,0
17May11Camera2-Card2-71_89.png,17May11Camera2-Card2-71,5,5,0,7,0,0
17May11Camera2-Card2-71_90.png,17May11Camera2-Card2-71,1,1,0,2,0,0
17May11Camera2-Card2-71_91.png,17May11Camera2-Card2-71,3,6,0,5,0,0
17May11Camera2-Card2-71_92.png,17May11Camera2-Card2-71,5,6,0,6,0,0
17May11Camera2-Card2-71_93.png,17May11Camera2-Card2-71,2,6,0,5,0,0
17May11Camera2-Card2-71_94.png,17May11Camera2-Card2-71,1,4,0,2,0,0
17May11Camera2-Card2-71_95.png,17May11Camera2-Card2-71,1,4,0,2,0,0
17May11Camera2-Card2-71_97.png,17May11Camera2-Card2-71,1,4,0,5,0,0
17May15Camera1-Card5-423_138.png,17May15Camera1-Card5-423,3,2,0,3,1,1
17May15Camera1-Card5-423_61.png,17May15Camera1-Card5-423,2,10,1,11,0,-1
17May15Camera1-Card5-423_70.png,17May15Camera1-Card5-423,2,11,1,7,1,0
17May15Camera1-Card5-423_71.png,17May15Camera1-Card5-423,3,10,2,12,2,0
17May15Camera1-Card5-423_72.png,17May15Camera1-Card5-423,2,10,1,8,1,0
17May15Camera1-Card5-423_81.png,17May15Camera1-Card5-423,2,5,1,5,1,0
17May15Camera1-Card5-423_82.png,17May15Camera1-Card5-423,2,4,1,4,1,0
17May15Camera2-Card3-01229_102.png,17May15Camera2-Card3-01229,4,9,1,6,1,0
17May15Camera2-Card3-01229_123.png,17May15Camera2-Card3-01229,2,3,0,3,0,0
17May15Camera2-Card3-01229_133.png,17May15Camera2-Card3-01229,4,7,0,8,0,0
17May15Camera2-Card3-01229_27.png,17May15Camera2-Card3-01229,5,3,0,6,0,0
17May15Camera2-Card3-01229_37.png,17May15Camera2-Card3-01229,5,3,1,7,1,0
17May15Camera2-Card3-01229_45.png,17May15Camera2-Card3-01229,1,3,0,6,0,0
17May15Camera2-Card3-01229_46.png,17May15Camera2-Card3-01229,1,6,0,9,0,0
17May15Camera2-Card3-01229_47.png,17May15Camera2-Card3-01229,2,7,1,10,0,-1
17May15Camera2-Card3-01229_55.png,17May15Camera2-Card3-01229,1,7,0,7,0,0
17May15Camera2-Card3-01229_56.png,17May15Camera2-Card3-01229,1,4,0,6,0,0
17May15Camera2-Card3-01229_64.png,17May15Camera2-Card3-01229,1,5,0,5,0,0
17May15Camera2-Card3-01229_65.png,17May15Camera2-Card3-01229,2,9,0,10,1,1
17May15Camera2-Card3-01229_75.png,17May15Camera2-Card3-01229,6,5,1,6,1,0
17May15Camera2-Card3-01229_86.png,17May15Camera2-Card3-01229,4,5,0,5,0,0
17May15Camera2-Card3-01229_87.png,17May15Camera2-Card3-01229,4,6,0,5,0,0
17May15Camera2-Card3-01229_93.png,17May15Camera2-Card3-01229,2,6,2,8,1,-1
17May21Camera1-Card1-469_100.png,17May21Camera1-Card1-469,2,10,1,9,1,0
17May21Camera1-Card1-469_101.png,17May21Camera1-Card1-469,6,10,3,8,3,0
17May21Camera1-Card1-469_102.png,17May21Camera1-Card1-469,7,13,3,15,3,0
17May21Camera1-Card1-469_111.png,17May21Camera1-Card1-469,5,11,2,12,2,0
17May21Camera1-Card1-469_112.png,17May21Camera1-Card1-469,4,11,2,11,2,0
17May21Camera1-Card1-469_113.png,17May21Camera1-Card1-469,7,12,3,10,3,0
17May21Camera1-Card1-469_123.png,17May21Camera1-Card1-469,3,12,1,13,1,0
17May21Camera1-Card1-469_124.png,17May21Camera1-Card1-469,5,4,2,4,2,0
17May21Camera1-Card1-469_133.png,17May21Camera1-Card1-469,2,7,1,6,1,0
17May21Camera1-Card1-469_18.png,17May21Camera1-Card1-469,3,2,1,2,1,0
17May21Camera1-Card1-469_19.png,17May21Camera1-Card1-469,3,2,1,2,1,0
17May21Camera1-Card1-469_29.png,17May21Camera1-Card1-469,2,5,1,3,1,0
17May21Camera1-Card1-469_38.png,17May21Camera1-Card1-469,2,2,1,2,1,0
17May21Camera1-Card1-469_40.png,17May21Camera1-Card1-469,3,5,2,2,2,0
17May21Camera1-Card1-469_47.png,17May21Camera1-Card1-469,3,2,1,2,1,0
17May21Camera1-Card1-469_53.png,17May21Camera1-Card1-469,2,5,1,5,1,0
17May21Camera1-Card1-469_55.png,17May21Camera1-Card1-469,2,5,1,2,1,0
17May21Camera1-Card1-469_56.png,17May21Camera1-Card1-469,18,10,7,8,7,0
17May21Camera1-Card1-469_57.png,17May21Camera1-Card1-469,1,2,0,1,0,0
17May21Camera1-Card1-469_58.png,17May21Camera1-Card1-469,4,2,1,2,1,0
17May21Camera1-Card1-469_66.png,17May21Camera1-Card1-469,2,5,1,3,1,0
17May21Camera1-Card1-469_67.png,17May21Camera1-Card1-469,39,19,15,18,15,0
17May21Camera1-Card1-469_68.png,17May21Camera1-Card1-469,1,3,0,2,0,0
17May21Camera1-Card1-469_69.png,17May21Camera1-Card1-469,6,3,2,2,2,0
17May21Camera1-Card1-469_72.png,17May21Camera1-Card1-469,2,2,1,1,1,0
17May21Camera1-Card1-469_78.png,17May21Camera1-Card1-469,32,30,15,34,17,2
17May21Camera1-Card1-469_79.png,17May21Camera1-Card1-469,49,28,20,29,23,3
17May21Camera1-Card1-469_8.png,17May21Camera1-Card1-469,2,2,0,2,0,0
17May21Camera1-Card1-469_80.png,17May21Camera1-Card1-469,1,4,0,3,1,1
17May21Camera1-Card1-469_81.png,17May21Camera1-Card1-469,3,10,1,8,1,0
17May21Camera1-Card1-469_82.png,17May21Camera1-Card1-469,5,8,3,8,3,0
17May21Camera1-Card1-469_83.png,17May21Camera1-Card1-469,4,5,2,3,2,0
17May21Camera1-Card1-469_89.png,17May21Camera1-Card1-469,19,15,8,15,8,0
17May21Camera1-Card1-469_90.png,17May21Camera1-Card1-469,23,14,10,16,12,2
17May21Camera1-Card1-469_91.png,17May21Camera1-Card1-469,8,8,4,9,4,0
17May21Camera1-Card1-469_92.png,17May21Camera1-Card1-469,6,12,3,12,3,0
17May21Camera1-Card1-469_93.png,17May21Camera1-Card1-469,2,6,1,7,1,0
17May21Camera1-Card1-469_94.png,17May21Camera1-Card1-469,1,3,1,1,1,0
18June13Camera1-Card2-0296_101.png,18June13Camera1-Card2-0296,1,7,1,6,1,0
18June13Camera1-Card2-0296_102.png,18June13Camera1-Card2-0296,29,22,7,20,13,6
18June13Camera1-Card2-0296_103.png,18June13Camera1-Card2-0296,28,24,10,22,13,3
18June13Camera1-Card2-0296_104.png,18June13Camera1-Card2-0296,13,15,6,10,6,0
18June13Camera1-Card2-0296_105.png,18June13Camera1-Card2-0296,3,8,2,7,2,0
18June13Camera1-Card2-0296_107.png,18June13Camera1-Card2-0296,2,7,0,6,0,0
18June13Camera1-Card2-0296_112.png,18June13Camera1-Card2-0296,2,3,1,2,1,0
18June13Camera1-Card2-0296_113.png,18June13Camera1-Card2-0296,2,2,1,1,1,0
18June13Camera1-Card2-0296_114.png,18June13Camera1-Card2-0296,3,5,1,4,1,0
18June13Camera1-Card2-0296_115.png,18June13Camera1-Card2-0296,2,7,1,4,1,0
18June13Camera1-Card2-0296_120.png,18June13Camera1-Card2-0296,8,9,0,3,0,0
18June13Camera1-Card2-0296_124.png,18June13Camera1-Card2-0296,1,5,0,4,0,0
18June13Camera1-Card2-0296_126.png,18June13Camera1-Card2-0296,2,8,1,3,1,0
18June13Camera1-Card2-0296_128.png,18June13Camera1-Card2-0296,9,3,0,3,0,0
18June13Camera1-Card2-0296_129.png,18June13Camera1-Card2-0296,20,3,0,2,0,0
18June13Camera1-Card2-0296_138.png,18June13Camera1-Card2-0296,14,6,1,5,1,0
18June13Camera1-Card2-0296_139.png,18June13Camera1-Card2-0296,23,2,1,1,1,0
18June13Camera1-Card2-0296_14.png,18June13Camera1-Card2-0296,1,4,0,2,0,0
18June13Camera1-Card2-0296_149.png,18June13Camera1-Card2-0296,1,5,0,3,0,0
18June13Camera1-Card2-0296_159.png,18June13Camera1-Card2-0296,1,5,0,3,0,0
18June13Camera1-Card2-0296_17.png,18June13Camera1-Card2-0296,3,7,2,4,2,0
18June13Camera1-Card2-0296_18.png,18June13Camera1-Card2-0296,1,3,1,2,1,0
18June13Camera1-Card2-0296_20.png,18June13Camera1-Card2-0296,2,9,1,2,1,0
18June13Camera1-Card2-0296_21.png,18June13Camera1-Card2-0296,2,2,1,1,1,0
18June13Camera1-Card2-0296_25.png,18June13Camera1-Card2-0296,1,1,0,1,0,0
18June13Camera1-Card2-0296_26.png,18June13Camera1-Card2-0296,1,5,0,1,0,0
18June13Camera1-Card2-0296_30.png,18June13Camera1-Card2-0296,2,9,1,4,0,-1
18June13Camera1-Card2-0296_31.png,18June13Camera1-Card2-0296,2,3,1,2,1,0
18June13Camera1-Card2-0296_37.png,18June13Camera1-Card2-0296,4,3,1,2,0,-1
18June13Camera1-Card2-0296_40.png,18June13Camera1-Card2-0296,4,11,2,8,1,-1
18June13Camera1-Card2-0296_41.png,18June13Camera1-Card2-0296,2,12,1,5,1,0
18June13Camera1-Card2-0296_42.png,18June13Camera1-Card2-0296,3,9,0,5,2,2
18June13Camera1-Card2-0296_52.png,18June13Camera1-Card2-0296,4,5,0,5,2,2
18June13Camera1-Card2-0296_53.png,18June13Camera1-Card2-0296,59,30,7,33,22,15
18June13Camera1-Card2-0296_54.png,18June13Camera1-Card2-0296,38,30,10,25,19,9
18June13Camera1-Card2-0296_62.png,18June13Camera1-Card2-0296,9,16,2,13,4,2
18June13Camera1-Card2-0296_63.png,18June13Camera1-Card2-0296,106,51,14,50,35,21
18June13Camera1-Card2-0296_64.png,18June13Camera1-Card2-0296,106,51,15,53,39,24
18June13Camera1-Card2-0296_65.png,18June13Camera1-Card2-0296,19,20,4,17,8,4
18June13Camera1-Card2-0296_66.png,18June13Camera1-Card2-0296,2,4,1,2,1,0
18June13Camera1-Card2-0296_7.png,18June13Camera1-Card2-0296,4,10,2,5,2,0
18June13Camera1-Card2-0296_71.png,18June13Camera1-Card2-0296,30,20,6,20,13,7
18June13Camera1-Card2-0296_72.png,18June13Camera1-Card2-0296,49,28,7,29,17,10
18June13Camera1-Card2-0296_73.png,18June13Camera1-Card2-0296,99,48,15,48,28,13
18June13Camera1-Card2-0296_74.png,18June13Camera1-Card2-0296,84,48,10,58,36,26
18June13Camera1-Card2-0296_75.png,18June13Camera1-Card2-0296,18,19,6,16,8,2
18June13Camera1-Card2-0296_8.png,18June13Camera1-Card2-0296,2,2,0,3,0,0
18June13Camera1-Card2-0296_80.png,18June13Camera1-Card2-0296,2,17,0,13,1,1
18June13Camera1-Card2-0296_81.png,18June13Camera1-Card2-0296,79,36,19,40,32,13
18June13Camera1-Card2-0296_82.png,18June13Camera1-Card2-0296,104,34,19,46,38,19
18June13Camera1-Card2-0296_83.png,18June13Camera1-Card2-0296,94,40,14,49,37,23
18June13Camera1-Card2-0296_84.png,18June13Camera1-Card2-0296,38,28,10,28,14,4
18June13Camera1-Card2-0296_85.png,18June13Camera1-Card2-0296,7,13,3,7,4,1
18June13Camera1-Card2-0296_86.png,18June13Camera1-Card2-0296,3,6,2,4,1,-1
18June13Camera1-Card2-0296_91.png,18June13Camera1-Card2-0296,59,34,13,34,24,11
18June13Camera1-Card2-0296_92.png,18June13Camera1-Card2-0296,83,48,25,48,34,9
18June13Camera1-Card2-0296_93.png,18June13Camera1-Card2-0296,84,51,25,48,32,7
18June13Camera1-Card2-0296_94.png,18June13Camera1-Card2-0296,28,23,8,17,10,2
18June13Camera1-Card2-0296_95.png,18June13Camera1-Card2-0296,1,8,1,5,1,0
18June13Camera2-Card2-1299_106.png,18June13Camera2-Card2-1299,5,14,2,7,3,1
18June13Camera2-Card2-1299_107.png,18June13Camera2-Card2-1299,5,11,1,5,2,1
18June13Camera2-Card2-1299_116.png,18June13Camera2-Card2-1299,2,7,1,6,1,0
18June13Camera2-Card2-1299_117.png,18June13Camera2-Card2-1299,1,2,0,3,0,0
18June13Camera2-Card2-1299_128.png,18June13Camera2-Card2-1299,2,6,1,3,1,0
18June13Camera2-Card2-1299_129.png,18June13Camera2-Card2-1299,2,15,1,6,1,0
18June13Camera2-Card2-1299_138.png,18June13Camera2-Card2-1299,19,18,10,17,12,2
18June13Camera2-Card2-1299_139.png,18June13Camera2-Card2-1299,25,22,12,18,13,1
18June13Camera2-Card2-1299_144.png,18June13Camera2-Card2-1299,1,31,0,25,0,0
18June13Camera2-Card2-1299_148.png,18June13Camera2-Card2-1299,3,11,0,12,1,1
18June13Camera2-Card2-1299_149.png,18June13Camera2-Card2-1299,21,25,8,18,11,3
18June13Camera2-Card2-1299_154.png,18June13Camera2-Card2-1299,1,31,0,27,0,0
18June13Camera2-Card2-1299_158.png,18June13Camera2-Card2-1299,2,10,0,10,0,0
18June13Camera2-Card2-1299_159.png,18June13Camera2-Card2-1299,18,18,8,16,8,0
18June13Camera2-Card2-1299_36.png,18June13Camera2-Card2-1299,1,4,1,2,1,0
18June13Camera2-Card2-1299_37.png,18June13Camera2-Card2-1299,3,12,2,12,2,0
18June13Camera2-Card2-1299_38.png,18June13Camera2-Card2-1299,1,12,1,18,1,0
18June13Camera2-Card2-1299_39.png,18June13Camera2-Card2-1299,1,15,0,16,0,0
18June13Camera2-Card2-1299_46.png,18June13Camera2-Card2-1299,1,6,1,3,1,0
18June13Camera2-Card2-1299_47.png,18June13Camera2-Card2-1299,7,14,4,11,5,1
18June13Camera2-Card2-1299_48.png,18June13Camera2-Card2-1299,8,24,6,15,7,1
18June13Camera2-Card2-1299_49.png,18June13Camera2-Card2-1299,13,26,5,16,6,1
18June13Camera2-Card2-1299_57.png,18June13Camera2-Card2-1299,2,3,1,2,0,-1
18June13Camera2-Card2-1299_58.png,18June13Camera2-Card2-1299,8,13,3,9,2,-1
18June13Camera2-Card2-1299_59.png,18June13Camera2-Card2-1299,6,16,3,12,3,0
18June13Camera2-Card2-1299_69.png,18June13Camera2-Card2-1299,4,6,2,5,2,0
18June13Camera2-Card2-1299_79.png,18June13Camera2-Card2-1299,12,19,7,16,7,0
18June13Camera2-Card2-1299_81.png,18June13Camera2-Card2-1299,2,9,1,9,1,0
18June13Camera2-Card2-1299_89.png,18June13Camera2-Card2-1299,5,7,2,11,2,0
18June13Camera2-Card2-1299_95.png,18June13Camera2-Card2-1299,2,7,1,3,1,0
18June13Camera2-Card2-1299_96.png,18June13Camera2-Card2-1299,1,8,0,3,1,1
18June13Camera2-Card2-1299_97.png,18June13Camera2-Card2-1299,3,16,1,3,1,0
18June21Camera2-Card2-06174_103.png,18June21Camera2-Card2-06174,21,26,15,25,11,-4
18June21Camera2-Card2-06174_104.png,18June21Camera2-Card2-06174,14,17,4,18,7,3
18June21Camera2-Card2-06174_105.png,18June21Camera2-Card2-06174,10,11,0,9,0,0
18June21Camera2-Card2-06174_106.png,18June21Camera2-Card2-06174,2,9,0,4,0,0
18June21Camera2-Card2-06174_114.png,18June21Camera2-Card2-06174,38,43,27,42,16,-11
18June21Camera2-Card2-06174_115.png,18June21Camera2-Card2-06174,47,48,32,35,16,-16
18June21Camera2-Card2-06174_116.png,18June21Camera2-Card2-06174,12,8,1,6,0,-1
18June21Camera2-Card2-06174_125.png,18June21Camera2-Card2-06174,36,37,13,33,16,3
18June21Camera2-Card2-06174_126.png,18June21Camera2-Card2-06174,41,44,23,39,19,-4
18June21Camera2-Card2-06174_127.png,18June21Camera2-Card2-06174,3,8,1,5,0,-1
18June21Camera2-Card2-06174_136.png,18June21Camera2-Card2-06174,51,45,37,42,31,-6
18June21Camera2-Card2-06174_137.png,18June21Camera2-Card2-06174,50,51,31,40,18,-13
18June21Camera2-Card2-06174_138.png,18June21Camera2-Card2-06174,4,10,1,8,1,0
18June21Camera2-Card2-06174_147.png,18June21Camera2-Card2-06174,20,25,13,24,11,-2
18June21Camera2-Card2-06174_148.png,18June21Camera2-Card2-06174,44,54,28,49,23,-5
18June21Camera2-Card2-06174_157.png,18June21Camera2-Card2-06174,12,19,3,18,5,2
18June21Camera2-Card2-06174_158.png,18June21Camera2-Card2-06174,37,40,18,39,17,-1
18June21Camera2-Card2-06174_159.png,18June21Camera2-Card2-06174,79,78,48,53,28,-20
18June21Camera2-Card2-06174_160.png,18June21Camera2-Card2-06174,1,13,1,12,1,0
18June21Camera2-Card2-06174_166.png,18June21Camera2-Card2-06174,3,12,1,8,1,0
18June21Camera2-Card2-06174_168.png,18June21Camera2-Card2-06174,13,19,4,17,6,2
18June21Camera2-Card2-06174_169.png,18June21Camera2-Card2-06174,47,55,29,52,25,-4
18June21Camera2-Card2-06174_17.png,18June21Camera2-Card2-06174,24,4,0,0,0,0
18June21Camera2-Card2-06174_170.png,18June21Camera2-Card2-06174,93,90,65,73,46,-19
18June21Camera2-Card2-06174_171.png,18June21Camera2-Card2-06174,4,15,3,13,4,1
18June21Camera2-Card2-06174_18.png,18June21Camera2-Card2-06174,10,8,0,2,0,0
18June21Camera2-Card2-06174_28.png,18June21Camera2-Card2-06174,13,6,0,3,0,0
18June21Camera2-Card2-06174_29.png,18June21Camera2-Card2-06174,12,9,0,2,0,0
18June21Camera2-Card2-06174_39.png,18June21Camera2-Card2-06174,12,14,0,5,0,0
18June21Camera2-Card2-06174_40.png,18June21Camera2-Card2-06174,6,7,0,2,0,0
18June21Camera2-Card2-06174_50.png,18June21Camera2-Card2-06174,2,7,0,3,0,0
18June21Camera2-Card2-06174_55.png,18June21Camera2-Card2-06174,1,4,0,2,0,0
18June21Camera2-Card2-06174_56.png,18June21Camera2-Card2-06174,2,13,0,15,0,0
18June21Camera2-Card2-06174_57.png,18June21Camera2-Card2-06174,4,11,0,15,0,0
18June21Camera2-Card2-06174_58.png,18June21Camera2-Card2-06174,5,19,1,20,1,0
18June21Camera2-Card2-06174_59.png,18June21Camera2-Card2-06174,3,16,1,17,1,0
18June21Camera2-Card2-06174_6.png,18June21Camera2-Card2-06174,28,6,0,5,0,0
18June21Camera2-Card2-06174_60.png,18June21Camera2-Card2-06174,1,5,0,5,0,0
18June21Camera2-Card2-06174_61.png,18June21Camera2-Card2-06174,11,4,0,1,0,0
18June21Camera2-Card2-06174_68.png,18June21Camera2-Card2-06174,2,12,1,14,0,-1
18June21Camera2-Card2-06174_69.png,18June21Camera2-Card2-06174,6,16,3,15,3,0
18June21Camera2-Card2-06174_7.png,18June21Camera2-Card2-06174,22,9,0,0,0,0
18June21Camera2-Card2-06174_70.png,18June21Camera2-Card2-06174,14,18,3,18,5,2
18June21Camera2-Card2-06174_71.png,18June21Camera2-Card2-06174,2,7,1,6,1,0
18June21Camera2-Card2-06174_72.png,18June21Camera2-Card2-06174,14,2,0,1,0,0
18June21Camera2-Card2-06174_79.png,18June21Camera2-Card2-06174,7,19,2,16,2,0
18June21Camera2-Card2-06174_80.png,18June21Camera2-Card2-06174,14,20,4,21,4,0
18June21Camera2-Card2-06174_81.png,18June21Camera2-Card2-06174,7,14,2,14,2,0
18June21Camera2-Card2-06174_82.png,18June21Camera2-Card2-06174,2,10,1,8,1,0
18June21Camera2-Card2-06174_83.png,18June21Camera2-Card2-06174,8,5,0,4,0,0
18June21Camera2-Card2-06174_90.png,18June21Camera2-Card2-06174,1,13,0,16,0,0
18June21Camera2-Card2-06174_91.png,18June21Camera2-Card2-06174,11,22,3,23,4,1
18June21Camera2-Card2-06174_92.png,18June21Camera2-Card2-06174,6,15,1,13,1,0
18June21Camera2-Card2-06174_93.png,18June21Camera2-Card2-06174,6,11,3,9,3,0
18June21Camera2-Card2-06174_94.png,18June21Camera2-Card2-06174,10,9,1,8,2,1
18May11Camera1-Card4-0396_0.png,18May11Camera1-Card4-0396,6,9,2,7,2,0
18May11Camera1-Card4-0396_1.png,18May11Camera1-Card4-0396,2,11,1,7,2,1
18May11Camera1-Card4-0396_10.png,18May11Camera1-Card4-0396,7,9,3,10,5,2
18May11Camera1-Card4-0396_11.png,18May11Camera1-Card4-0396,8,5,3,6,4,1
18May11Camera1-Card4-0396_114.png,18May11Camera1-Card4-0396,4,2,2,5,1,-1
18May11Camera1-Card4-0396_12.png,18May11Camera1-Card4-0396,3,3,1,5,2,1
18May11Camera1-Card4-0396_124.png,18May11Camera1-Card4-0396,1,1,1,4,1,0
18May11Camera1-Card4-0396_125.png,18May11Camera1-Card4-0396,2,2,1,6,1,0
18May11Camera1-Card4-0396_13.png,18May11Camera1-Card4-0396,1,12,0,7,0,0
18May11Camera1-Card4-0396_134.png,18May11Camera1-Card4-0396,2,1,1,9,1,0
18May11Camera1-Card4-0396_135.png,18May11Camera1-Card4-0396,2,3,1,4,1,0
18May11Camera1-Card4-0396_14.png,18May11Camera1-Card4-0396,6,9,2,4,2,0
18May11Camera1-Card4-0396_15.png,18May11Camera1-Card4-0396,1,5,1,2,1,0
18May11Camera1-Card4-0396_16.png,18May11Camera1-Card4-0396,6,8,3,5,3,0
18May11Camera1-Card4-0396_17.png,18May11Camera1-Card4-0396,5,9,3,7,3,0
18May11Camera1-Card4-0396_18.png,18May11Camera1-Card4-0396,11,14,4,9,6,2
18May11Camera1-Card4-0396_19.png,18May11Camera1-Card4-0396,11,12,3,9,4,1
18May11Camera1-Card4-0396_20.png,18May11Camera1-Card4-0396,12,15,6,13,7,1
18May11Camera1-Card4-0396_21.png,18May11Camera1-Card4-0396,6,10,2,6,3,1
18May11Camera1-Card4-0396_22.png,18May11Camera1-Card4-0396,8,13,1,7,3,2
18May11Camera1-Card4-0396_23.png,18May11Camera1-Card4-0396,6,11,1,9,2,1
18May11Camera1-Card4-0396_24.png,18May11Camera1-Card4-0396,9,9,0,8,2,2
18May11Camera1-Card4-0396_25.png,18May11Camera1-Card4-0396,2,4,0,2,1,1
18May11Camera1-Card4-0396_26.png,18May11Camera1-Card4-0396,5,6,2,3,2,0
18May11Camera1-Card4-0396_27.png,18May11Camera1-Card4-0396,2,7,1,2,1,0
18May11Camera1-Card4-0396_3.png,18May11Camera1-Card4-0396,7,8,2,5,3,1
18May11Camera1-Card4-0396_30.png,18May11Camera1-Card4-0396,18,18,9,14,9,0
18May11Camera1-Card4-0396_31.png,18May11Camera1-Card4-0396,6,11,5,6,5,0
18May11Camera1-Card4-0396_32.png,18May11Camera1-Card4-0396,9,11,2,6,3,1
18May11Camera1-Card4-0396_33.png,18May11Camera1-Card4-0396,2,7,1,3,1,0
18May11Camera1-Card4-0396_34.png,18May11Camera1-Card4-0396,2,11,1,5,1,0
18May11Camera1-Card4-0396_35.png,18May11Camera1-Card4-0396,4,8,1,3,1,0
18May11Camera1-Card4-0396_37.png,18May11Camera1-Card4-0396,2,7,1,4,1,0
18May11Camera1-Card4-0396_4.png,18May11Camera1-Card4-0396,6,12,2,8,3,1
18May11Camera1-Card4-0396_40.png,18May11Camera1-Card4-0396,14,14,5,11,5,0
18May11Camera1-Card4-0396_41.png,18May11Camera1-Card4-0396,4,4,2,3,2,0
18May11Camera1-Card4-0396_42.png,18May11Camera1-Card4-0396,4,6,3,3,3,0
18May11Camera1-Card4-0396_43.png,18May11Camera1-Card4-0396,2,5,1,3,1,0
18May11Camera1-Card4-0396_44.png,18May11Camera1-Card4-0396,1,8,1,6,1,0
18May11Camera1-Card4-0396_45.png,18May11Camera1-Card4-0396,3,7,1,3,2,1
18May11Camera1-Card4-0396_47.png,18May11Camera1-Card4-0396,2,8,2,7,2,0
18May11Camera1-Card4-0396_5.png,18May11Camera1-Card4-0396,2,8,2,8,2,0
18May11Camera1-Card4-0396_50.png,18May11Camera1-Card4-0396,16,12,6,12,8,2
18May11Camera1-Card4-0396_51.png,18May11Camera1-Card4-0396,7,9,3,5,4,1
18May11Camera1-Card4-0396_52.png,18May11Camera1-Card4-0396,4,8,3,4,3,0
18May11Camera1-Card4-0396_53.png,18May11Camera1-Card4-0396,1,10,1,7,1,0
18May11Camera1-Card4-0396_54.png,18May11Camera1-Card4-0396,1,8,1,9,1,0
18May11Camera1-Card4-0396_55.png,18May11Camera1-Card4-0396,2,12,2,5,2,0
18May11Camera1-Card4-0396_57.png,18May11Camera1-Card4-0396,11,11,5,9,6,1
18May11Camera1-Card4-0396_58.png,18May11Camera1-Card4-0396,5,11,2,5,3,1
18May11Camera1-Card4-0396_6.png,18May11Camera1-Card4-0396,2,7,1,5,1,0
18May11Camera1-Card4-0396_60.png,18May11Camera1-Card4-0396,6,15,2,12,3,1
18May11Camera1-Card4-0396_61.png,18May11Camera1-Card4-0396,5,11,1,10,3,2
18May11Camera1-Card4-0396_62.png,18May11Camera1-Card4-0396,6,7,3,7,4,1
18May11Camera1-Card4-0396_64.png,18May11Camera1-Card4-0396,3,5,2,4,2,0
18May11Camera1-Card4-0396_65.png,18May11Camera1-Card4-0396,4,4,2,4,3,1
18May11Camera1-Card4-0396_67.png,18May11Camera1-Card4-0396,9,10,3,4,3,0
18May11Camera1-Card4-0396_68.png,18May11Camera1-Card4-0396,3,9,1,8,1,0
18May11Camera1-Card4-0396_7.png,18May11Camera1-Card4-0396,5,13,2,8,2,0
18May11Camera1-Card4-0396_70.png,18May11Camera1-Card4-0396,2,7,0,5,1,1
18May11Camera1-Card4-0396_71.png,18May11Camera1-Card4-0396,10,11,3,6,4,1
18May11Camera1-Card4-0396_72.png,18May11Camera1-Card4-0396,5,10,4,10,4,0
18May11Camera1-Card4-0396_73.png,18May11Camera1-Card4-0396,5,12,4,12,4,0
18May11Camera1-Card4-0396_74.png,18May11Camera1-Card4-0396,3,13,3,8,3,0
18May11Camera1-Card4-0396_75.png,18May11Camera1-Card4-0396,10,13,4,10,5,1
18May11Camera1-Card4-0396_76.png,18May11Camera1-Card4-0396,3,10,3,7,3,0
18May11Camera1-Card4-0396_77.png,18May11Camera1-Card4-0396,8,10,4,6,4,0
18May11Camera1-Card4-0396_78.png,18May11Camera1-Card4-0396,2,9,1,7,1,0
18May11Camera1-Card4-0396_79.png,18May11Camera1-Card4-0396,1,10,0,7,1,1
18May11Camera1-Card4-0396_8.png,18May11Camera1-Card4-0396,9,12,2,10,4,2
18May11Camera1-Card4-0396_82.png,18May11Camera1-Card4-0396,1,4,0,2,1,1
18May11Camera1-Card4-0396_85.png,18May11Camera1-Card4-0396,3,9,1,7,2,1
18May11Camera1-Card4-0396_86.png,18May11Camera1-Card4-0396,11,11,5,12,5,0
18May11Camera1-Card4-0396_87.png,18May11Camera1-Card4-0396,16,11,5,12,9,4
18May11Camera1-Card4-0396_9.png,18May11Camera1-Card4-0396,6,8,1,8,2,1
18May11Camera1-Card4-0396_96.png,18May11Camera1-Card4-0396,1,4,0,5,1,1
18May11Camera1-Card4-0396_97.png,18May11Camera1-Card4-0396,2,12,1,9,2,1
18May11Camera1-Card4-0396_98.png,18May11Camera1-Card4-0396,1,9,1,7,1,0
18May11Camera1-Card4-0411_0.png,18May11Camera1-Card4-0411,2,3,1,4,1,0
18May11Camera1-Card4-0411_1.png,18May11Camera1-Card4-0411,5,8,1,8,3,2
18May11Camera1-Card4-0411_30.png,18May11Camera1-Card4-0411,1,3,0,3,0,0
18May11Camera1-Card4-0411_52.png,18May11Camera1-Card4-0411,2,7,1,6,1,0
18May11Camera1-Card4-0411_54.png,18May11Camera1-Card4-0411,3,7,1,6,1,0
18May11Camera1-Card4-0411_60.png,18May11Camera1-Card4-0411,5,2,2,5,2,0
18May11Camera1-Card4-0411_63.png,18May11Camera1-Card4-0411,1,4,1,4,1,0
18May11Camera1-Card4-0411_64.png,18May11Camera1-Card4-0411,8,9,3,8,5,2
18May11Camera1-Card4-0411_65.png,18May11Camera1-Card4-0411,5,5,0,2,0,0
18May11Camera1-Card4-0411_70.png,18May11Camera1-Card4-0411,1,1,0,2,1,1
18May11Camera1-Card4-0411_73.png,18May11Camera1-Card4-0411,2,3,1,5,1,0
18May11Camera1-Card4-0411_74.png,18May11Camera1-Card4-0411,1,4,1,6,1,0
18May11Camera1-Card4-0411_81.png,18May11Camera1-Card4-0411,4,2,1,2,1,0
18May11Camera1-Card4-0411_82.png,18May11Camera1-Card4-0411,4,5,1,5,1,0
18May11Camera1-Card4-0411_85.png,18May11Camera1-Card4-0411,1,4,0,6,1,1
18May11Camera1-Card4-0411_86.png,18May11Camera1-Card4-0411,1,4,0,3,0,0
18May11Camera1-Card4-0411_92.png,18May11Camera1-Card4-0411,1,3,1,6,1,0
18May11Camera1-Card6-0369_104.png,18May11Camera1-Card6-0369,3,6,2,6,2,0
18May11Camera1-Card6-0369_105.png,18May11Camera1-Card6-0369,6,9,3,8,4,1
18May11Camera1-Card6-0369_114.png,18May11Camera1-Card6-0369,2,11,1,7,1,0
18May11Camera1-Card6-0369_115.png,18May11Camera1-Card6-0369,2,5,1,4,1,0
18May11Camera1-Card6-0369_124.png,18May11Camera1-Card6-0369,1,5,1,3,1,0
18May11Camera1-Card6-0369_125.png,18May11Camera1-Card6-0369,5,7,1,5,2,1
18May11Camera1-Card6-0369_131.png,18May11Camera1-Card6-0369,5,1,0,3,2,2
18May11Camera1-Card6-0369_133.png,18May11Camera1-Card6-0369,5,6,2,5,3,1
18May11Camera1-Card6-0369_134.png,18May11Camera1-Card6-0369,7,7,4,6,4,0
18May11Camera1-Card6-0369_25.png,18May11Camera1-Card6-0369,4,7,2,7,2,0
18May11Camera1-Card6-0369_35.png,18May11Camera1-Card6-0369,2,7,1,6,1,0
18May11Camera1-Card6-0369_36.png,18May11Camera1-Card6-0369,2,5,1,4,1,0
18May11Camera1-Card6-0369_45.png,18May11Camera1-Card6-0369,7,10,2,7,3,1
18May11Camera1-Card6-0369_46.png,18May11Camera1-Card6-0369,4,6,2,6,2,0
18May11Camera1-Card6-0369_54.png,18May11Camera1-Card6-0369,1,7,1,3,1,0
18May11Camera1-Card6-0369_55.png,18May11Camera1-Card6-0369,4,8,2,6,2,0
18May11Camera1-Card6-0369_56.png,18May11Camera1-Card6-0369,4,5,1,5,2,1
18May11Camera1-Card6-0369_57.png,18May11Camera1-Card6-0369,2,3,1,4,1,0
18May11Camera1-Card6-0369_6.png,18May11Camera1-Card6-0369,1,1,0,0,0,0
18May11Camera1-Card6-0369_64.png,18May11Camera1-Card6-0369,7,6,1,8,5,4
18May11Camera1-Card6-0369_65.png,18May11Camera1-Card6-0369,12,10,4,10,6,2
18May11Camera1-Card6-0369_66.png,18May11Camera1-Card6-0369,10,8,2,7,5,3
18May11Camera1-Card6-0369_67.png,18May11Camera1-Card6-0369,2,3,1,1,1,0
18May11Camera1-Card6-0369_7.png,18May11Camera1-Card6-0369,1,0,0,0,0,0
18May11Camera1-Card6-0369_74.png,18May11Camera1-Card6-0369,4,9,2,6,2,0
18May11Camera1-Card6-0369_75.png,18May11Camera1-Card6-0369,6,11,2,10,2,0
18May11Camera1-Card6-0369_76.png,18May11Camera1-Card6-0369,2,4,1,8,1,0
18May11Camera1-Card6-0369_82.png,18May11Camera1-Card6-0369,2,3,1,2,1,0
18May11Camera1-Card6-0369_83.png,18May11Camera1-Card6-0369,4,9,1,8,2,1
18May11Camera1-Card6-0369_84.png,18May11Camera1-Card6-0369,4,14,2,12,2,0
18May11Camera1-Card6-0369_85.png,18May11Camera1-Card6-0369,6,13,2,12,2,0
18May11Camera1-Card6-0369_86.png,18May11Camera1-Card6-0369,6,6,2,6,3,1
18May11Camera1-Card6-0369_93.png,18May11Camera1-Card6-0369,7,15,5,14,6,1
18May11Camera1-Card6-0369_94.png,18May11Camera1-Card6-0369,2,8,1,8,2,1
18May11Camera1-Card6-0369_95.png,18May11Camera1-Card6-0369,2,7,1,8,1,0
18May11Camera1-Card6-0369_96.png,18May11Camera1-Card6-0369,3,8,1,5,2,1
19June12Camera1-Card4-0974_17.png,19June12Camera1-Card4-0974,2,8,0,6,0,0
19June12Camera1-Card4-0974_4.png,19June12Camera1-Card4-0974,1,8,0,5,0,0
19June12Camera1-Card4-0974_50.png,19June12Camera1-Card4-0974,56,52,6,64,7,1
19June12Camera1-Card4-0974_51.png,19June12Camera1-Card4-0974,20,30,2,30,1,-1
19June12Camera1-Card4-0974_52.png,19June12Camera1-Card4-0974,7,16,1,13,1,0
19June12Camera1-Card4-0974_53.png,19June12Camera1-Card4-0974,1,8,0,3,0,0
19June12Camera1-Card4-0974_60.png,19June12Camera1-Card4-0974,92,47,6,54,2,-4
19June12Camera1-Card4-0974_61.png,19June12Camera1-Card4-0974,122,59,6,78,7,1
19June12Camera1-Card4-0974_62.png,19June12Camera1-Card4-0974,84,56,6,66,7,1
19June12Camera1-Card4-0974_63.png,19June12Camera1-Card4-0974,14,17,0,16,1,1
19June12Camera1-Card4-0974_64.png,19June12Camera1-Card4-0974,2,12,0,7,0,0
19June12Camera1-Card4-0974_71.png,19June12Camera1-Card4-0974,12,10,2,10,4,2
19June12Camera1-Card4-0974_75.png,19June12Camera1-Card4-0974,2,8,0,5,0,0
19June13Camera2-Card4-0781_0.png,19June13Camera2-Card4-0781,1,26,0,5,1,1
19June13Camera2-Card4-0781_10.png,19June13Camera2-Card4-0781,1,26,0,12,0,0
19June13Camera2-Card4-0781_101.png,19June13Camera2-Card4-0781,1,6,0,10,0,0
19June13Camera2-Card4-0781_103.png,19June13Camera2-Card4-0781,1,7,0,9,1,1
19June13Camera2-Card4-0781_110.png,19June13Camera2-Card4-0781,18,35,0,8,0,0
19June13Camera2-Card4-0781_111.png,19June13Camera2-Card4-0781,21,29,0,14,1,1
19June13Camera2-Card4-0781_114.png,19June13Camera2-Card4-0781,2,14,1,16,2,1
19June13Camera2-Card4-0781_12.png,19June13Camera2-Card4-0781,1,29,0,14,0,0
19June13Camera2-Card4-0781_120.png,19June13Camera2-Card4-0781,5,15,0,7,0,0
19June13Camera2-Card4-0781_121.png,19June13Camera2-Card4-0781,7,24,0,13,1,1
19June13Camera2-Card4-0781_140.png,19June13Camera2-Card4-0781,5,4,0,3,0,0
19June13Camera2-Card4-0781_150.png,19June13Camera2-Card4-0781,5,3,0,3,0,0
19June13Camera2-Card4-0781_16.png,19June13Camera2-Card4-0781,2,17,1,9,0,-1
19June13Camera2-Card4-0781_2.png,19June13Camera2-Card4-0781,1,26,0,10,0,0
19June13Camera2-Card4-0781_22.png,19June13Camera2-Card4-0781,1,26,0,17,1,1
19June13Camera2-Card4-0781_3.png,19June13Camera2-Card4-0781,2,23,1,11,0,-1
19June13Camera2-Card4-0781_30.png,19June13Camera2-Card4-0781,1,22,0,10,0,0
19June13Camera2-Card4-0781_31.png,19June13Camera2-Card4-0781,1,21,1,12,1,0
19June13Camera2-Card4-0781_32.png,19June13Camera2-Card4-0781,2,14,1,10,1,0
19June13Camera2-Card4-0781_35.png,19June13Camera2-Card4-0781,1,36,1,8,1,0
19June13Camera2-Card4-0781_36.png,19June13Camera2-Card4-0781,2,15,1,13,1,0
19June13Camera2-Card4-0781_37.png,19June13Camera2-Card4-0781,1,18,1,16,1,0
19June13Camera2-Card4-0781_38.png,19June13Camera2-Card4-0781,1,26,1,12,1,0
19June13Camera2-Card4-0781_39.png,19June13Camera2-Card4-0781,1,25,0,9,0,0
19June13Camera2-Card4-0781_41.png,19June13Camera2-Card4-0781,1,18,1,14,1,0
19June13Camera2-Card4-0781_42.png,19June13Camera2-Card4-0781,3,24,1,19,1,0
19June13Camera2-Card4-0781_43.png,19June13Camera2-Card4-0781,1,25,0,16,0,0
19June13Camera2-Card4-0781_44.png,19June13Camera2-Card4-0781,2,29,0,12,0,0
19June13Camera2-Card4-0781_47.png,19June13Camera2-Card4-0781,3,22,2,11,3,1
19June13Camera2-Card4-0781_48.png,19June13Camera2-Card4-0781,1,25,1,9,1,0
19June13Camera2-Card4-0781_49.png,19June13Camera2-Card4-0781,1,22,0,7,0,0
19June13Camera2-Card4-0781_50.png,19June13Camera2-Card4-0781,2,20,1,12,2,1
19June13Camera2-Card4-0781_51.png,19June13Camera2-Card4-0781,3,13,1,12,1,0
19June13Camera2-Card4-0781_54.png,19June13Camera2-Card4-0781,3,26,0,12,1,1
19June13Camera2-Card4-0781_57.png,19June13Camera2-Card4-0781,3,19,2,14,2,0
19June13Camera2-Card4-0781_58.png,19June13Camera2-Card4-0781,2,22,0,17,1,1
19June13Camera2-Card4-0781_6.png,19June13Camera2-Card4-0781,2,24,0,12,0,0
19June13Camera2-Card4-0781_60.png,19June13Camera2-Card4-0781,1,28,0,13,0,0
19June13Camera2-Card4-0781_62.png,19June13Camera2-Card4-0781,1,23,1,16,1,0
19June13Camera2-Card4-0781_63.png,19June13Camera2-Card4-0781,2,15,1,12,1,0
19June13Camera2-Card4-0781_64.png,19June13Camera2-Card4-0781,1,9,0,8,0,0
19June13Camera2-Card4-0781_65.png,19June13Camera2-Card4-0781,1,14,0,7,0,0
19June13Camera2-Card4-0781_66.png,19June13Camera2-Card4-0781,1,16,0,11,0,0
19June13Camera2-Card4-0781_67.png,19June13Camera2-Card4-0781,2,11,0,12,0,0
19June13Camera2-Card4-0781_70.png,19June13Camera2-Card4-0781,1,25,0,12,0,0
19June13Camera2-Card4-0781_72.png,19June13Camera2-Card4-0781,3,18,1,12,2,1
19June13Camera2-Card4-0781_73.png,19June13Camera2-Card4-0781,1,11,0,8,0,0
19June13Camera2-Card4-0781_75.png,19June13Camera2-Card4-0781,3,18,1,10,1,0
19June13Camera2-Card4-0781_76.png,19June13Camera2-Card4-0781,1,16,0,12,0,0
19June13Camera2-Card4-0781_77.png,19June13Camera2-Card4-0781,2,9,0,13,0,0
19June13Camera2-Card4-0781_80.png,19June13Camera2-Card4-0781,2,12,1,12,2,1
19June13Camera2-Card4-0781_81.png,19June13Camera2-Card4-0781,2,18,1,12,2,1
19June13Camera2-Card4-0781_83.png,19June13Camera2-Card4-0781,1,21,0,13,0,0
19June13Camera2-Card4-0781_89.png,19June13Camera2-Card4-0781,1,13,1,10,1,0
19June13Camera2-Card4-0781_92.png,19June13Camera2-Card4-0781,1,14,0,9,0,0
19June13Camera2-Card4-0781_93.png,19June13Camera2-Card4-0781,3,11,0,13,0,0
19June13Camera2-Card4-0781_94.png,19June13Camera2-Card4-0781,2,8,0,9,1,1
19June13Camera2-Card4-0781_95.png,19June13Camera2-Card4-0781,1,5,1,3,1,0
19June13Camera2-Card4-0781_98.png,19June13Camera2-Card4-0781,1,19,0,12,0,0
19May11Camera2-Card7-0702_10.png,19May11Camera2-Card7-0702,21,2,0,3,0,0
19May11Camera2-Card7-0702_23.png,19May11Camera2-Card7-0702,2,43,1,43,1,0
19May11Camera2-Card7-0702_24.png,19May11Camera2-Card7-0702,5,34,3,35,3,0
19May11Camera2-Card7-0702_3.png,19May11Camera2-Card7-0702,18,2,0,2,0,0
19May11Camera2-Card7-0702_30.png,19May11Camera2-Card7-0702,6,36,4,38,4,0
19May11Camera2-Card7-0702_31.png,19May11Camera2-Card7-0702,2,36,1,35,1,0
19May11Camera2-Card7-0702_36.png,19May11Camera2-Card7-0702,3,42,2,43,2,0
19May11Camera2-Card7-0702_37.png,19May11Camera2-Card7-0702,4,38,2,42,2,0
19May11Camera2-Card7-0702_4.png,19May11Camera2-Card7-0702,5,1,0,1,0,0
19May11Camera2-Card7-0702_49.png,19May11Camera2-Card7-0702,5,35,3,36,3,0
19May11Camera2-Card7-0702_55.png,19May11Camera2-Card7-0702,4,3,0,2,0,0
19May11Camera2-Card7-0702_56.png,19May11Camera2-Card7-0702,1,36,1,37,1,0
19May11Camera2-Card7-0702_62.png,19May11Camera2-Card7-0702,1,4,0,6,0,0
19May18Camera1-Card1-00086_109.png,19May18Camera1-Card1-00086,2,7,2,5,2,0
19May18Camera1-Card1-00086_119.png,19May18Camera1-Card1-00086,2,8,1,3,1,0
19May18Camera1-Card1-00086_13.png,19May18Camera1-Card1-00086,4,12,4,8,4,0
19May18Camera1-Card1-00086_14.png,19May18Camera1-Card1-00086,10,16,8,9,9,1
19May18Camera1-Card1-00086_15.png,19May18Camera1-Card1-00086,11,18,7,12,10,3
19May18Camera1-Card1-00086_21.png,19May18Camera1-Card1-00086,1,3,1,1,1,0
19May18Camera1-Card1-00086_22.png,19May18Camera1-Card1-00086,2,13,1,9,1,0
19May18Camera1-Card1-00086_23.png,19May18Camera1-Card1-00086,10,19,7,15,8,1
19May18Camera1-Card1-00086_24.png,19May18Camera1-Card1-00086,5,11,5,8,5,0
19May18Camera1-Card1-00086_30.png,19May18Camera1-Card1-00086,3,6,2,3,3,1
19May18Camera1-Card1-00086_31.png,19May18Camera1-Card1-00086,1,3,1,1,1,0
19May18Camera1-Card1-00086_32.png,19May18Camera1-Card1-00086,6,8,6,8,6,0
19May18Camera1-Card1-00086_33.png,19May18Camera1-Card1-00086,10,14,8,11,8,0
19May18Camera1-Card1-00086_34.png,19May18Camera1-Card1-00086,2,5,2,5,2,0
19May18Camera1-Card1-00086_35.png,19May18Camera1-Card1-00086,2,3,2,2,2,0
19May18Camera1-Card1-00086_36.png,19May18Camera1-Card1-00086,3,5,3,3,3,0
19May18Camera1-Card1-00086_41.png,19May18Camera1-Card1-00086,3,6,3,5,3,0
19May18Camera1-Card1-00086_42.png,19May18Camera1-Card1-00086,3,7,3,6,3,0
19May18Camera1-Card1-00086_43.png,19May18Camera1-Card1-00086,4,8,4,5,4,0
19May18Camera1-Card1-00086_44.png,19May18Camera1-Card1-00086,1,2,1,1,1,0
19May18Camera1-Card1-00086_47.png,19May18Camera1-Card1-00086,1,5,1,2,1,0
19May18Camera1-Card1-00086_48.png,19May18Camera1-Card1-00086,1,4,1,2,1,0
19May18Camera1-Card1-00086_50.png,19May18Camera1-Card1-00086,4,6,2,3,2,0
19May18Camera1-Card1-00086_51.png,19May18Camera1-Card1-00086,3,3,3,3,3,0
19May18Camera1-Card1-00086_52.png,19May18Camera1-Card1-00086,2,4,1,5,2,1
19May18Camera1-Card1-00086_54.png,19May18Camera1-Card1-00086,3,5,2,2,2,0
19May18Camera1-Card1-00086_60.png,19May18Camera1-Card1-00086,4,4,1,2,2,1
19May18Camera1-Card1-00086_61.png,19May18Camera1-Card1-00086,3,7,3,4,3,0
19May18Camera1-Card1-00086_62.png,19May18Camera1-Card1-00086,2,8,2,4,2,0
19May18Camera1-Card1-00086_63.png,19May18Camera1-Card1-00086,2,5,2,3,2,0
19May18Camera1-Card1-00086_64.png,19May18Camera1-Card1-00086,4,7,4,7,4,0
19May18Camera1-Card1-00086_65.png,19May18Camera1-Card1-00086,4,7,3,4,3,0
19May18Camera1-Card1-00086_66.png,19May18Camera1-Card1-00086,2,7,2,3,2,0
19May18Camera1-Card1-00086_70.png,19May18Camera1-Card1-00086,1,5,1,2,1,0
19May18Camera1-Card1-00086_71.png,19May18Camera1-Card1-00086,2,6,2,6,2,0
19May18Camera1-Card1-00086_72.png,19May18Camera1-Card1-00086,3,5,2,4,2,0
19May18Camera1-Card1-00086_73.png,19May18Camera1-Card1-00086,4,7,4,5,4,0
19May18Camera1-Card1-00086_74.png,19May18Camera1-Card1-00086,2,6,2,4,2,0
19May18Camera1-Card1-00086_75.png,19May18Camera1-Card1-00086,5,7,2,4,3,1
19May18Camera1-Card1-00086_76.png,19May18Camera1-Card1-00086,1,5,1,4,1,0
19May18Camera1-Card1-00086_77.png,19May18Camera1-Card1-00086,8,14,6,10,7,1
19May18Camera1-Card1-00086_78.png,19May18Camera1-Card1-00086,1,8,1,5,1,0
19May18Camera1-Card1-00086_85.png,19May18Camera1-Card1-00086,1,4,1,1,1,0
19May18Camera1-Card1-00086_86.png,19May18Camera1-Card1-00086,4,5,2,5,3,1
19May18Camera1-Card1-00086_87.png,19May18Camera1-Card1-00086,6,8,3,7,4,1
19May18Camera1-Card1-00086_88.png,19May18Camera1-Card1-00086,1,2,1,2,1,0
19May18Camera1-Card1-00086_89.png,19May18Camera1-Card1-00086,1,3,1,1,1,0
19May18Camera1-Card1-00086_96.png,19May18Camera1-Card1-00086,1,2,1,3,1,0
19May18Camera1-Card1-00086_97.png,19May18Camera1-Card1-00086,2,5,2,2,2,0
19May18Camera1-Card1-00086_98.png,19May18Camera1-Card1-00086,4,4,3,3,3,0
19May18Camera1-Card1-00086_99.png,19May18Camera1-Card1-00086,3,3,2,3,2,0
19May18Camera1-Card1-00956_105.png,19May18Camera1-Card1-00956,2,5,1,3,1,0
19May18Camera1-Card1-00956_107.png,19May18Camera1-Card1-00956,2,5,1,6,0,-1
19May18Camera1-Card1-00956_110.png,19May18Camera1-Card1-00956,3,11,2,11,1,-1
19May18Camera1-Card1-00956_115.png,19May18Camera1-Card1-00956,1,8,0,5,0,0
19May18Camera1-Card1-00956_119.png,19May18Camera1-Card1-00956,2,7,0,3,0,0
19May18Camera1-Card1-00956_12.png,19May18Camera1-Card1-00956,2,4,2,5,1,-1
19May18Camera1-Card1-00956_120.png,19May18Camera1-Card1-00956,20,25,8,29,6,-2
19May18Camera1-Card1-00956_121.png,19May18Camera1-Card1-00956,13,14,4,13,1,-3
19May18Camera1-Card1-00956_122.png,19May18Camera1-Card1-00956,10,12,2,9,1,-1
19May18Camera1-Card1-00956_125.png,19May18Camera1-Card1-00956,1,4,0,3,0,0
19May18Camera1-Card1-00956_128.png,19May18Camera1-Card1-00956,1,2,1,2,0,-1
19May18Camera1-Card1-00956_13.png,19May18Camera1-Card1-00956,2,8,2,4,1,-1
19May18Camera1-Card1-00956_130.png,19May18Camera1-Card1-00956,12,18,0,13,0,0
19May18Camera1-Card1-00956_131.png,19May18Camera1-Card1-00956,9,11,2,10,1,-1
19May18Camera1-Card1-00956_132.png,19May18Camera1-Card1-00956,10,11,2,8,1,-1
19May18Camera1-Card1-00956_14.png,19May18Camera1-Card1-00956,2,5,1,1,0,-1
19May18Camera1-Card1-00956_140.png,19May18Camera1-Card1-00956,1,3,0,1,0,0
19May18Camera1-Card1-00956_15.png,19May18Camera1-Card1-00956,2,4,1,2,0,-1
19May18Camera1-Card1-00956_16.png,19May18Camera1-Card1-00956,1,1,1,1,1,0
19May18Camera1-Card1-00956_19.png,19May18Camera1-Card1-00956,3,3,0,1,0,0
19May18Camera1-Card1-00956_29.png,19May18Camera1-Card1-00956,7,4,1,2,0,-1
19May18Camera1-Card1-00956_3.png,19May18Camera1-Card1-00956,1,4,0,3,0,0
19May18Camera1-Card1-00956_32.png,19May18Camera1-Card1-00956,3,5,1,3,1,0
19May18Camera1-Card1-00956_35.png,19May18Camera1-Card1-00956,1,4,0,3,0,0
19May18Camera1-Card1-00956_39.png,19May18Camera1-Card1-00956,2,2,0,0,0,0
19May18Camera1-Card1-00956_4.png,19May18Camera1-Card1-00956,2,4,2,2,0,-2
19May18Camera1-Card1-00956_42.png,19May18Camera1-Card1-00956,44,27,7,26,8,1
19May18Camera1-Card1-00956_43.png,19May18Camera1-Card1-00956,41,28,4,25,5,1
19May18Camera1-Card1-00956_46.png,19May18Camera1-Card1-00956,3,2,1,2,0,-1
19May18Camera1-Card1-00956_48.png,19May18Camera1-Card1-00956,2,2,1,1,0,-1
19May18Camera1-Card1-00956_5.png,19May18Camera1-Card1-00956,2,3,0,1,0,0
19May18Camera1-Card1-00956_50.png,19May18Camera1-Card1-00956,1,13,0,6,0,0
19May18Camera1-Card1-00956_51.png,19May18Camera1-Card1-00956,1,10,1,4,1,0
19May18Camera1-Card1-00956_52.png,19May18Camera1-Card1-00956,90,55,4,58,7,3
19May18Camera1-Card1-00956_53.png,19May18Camera1-Card1-00956,108,71,2,69,4,2
19May18Camera1-Card1-00956_54.png,19May18Camera1-Card1-00956,8,12,2,14,2,0
19May18Camera1-Card1-00956_55.png,19May18Camera1-Card1-00956,2,4,1,3,0,-1
19May18Camera1-Card1-00956_56.png,19May18Camera1-Card1-00956,2,5,0,4,0,0
19May18Camera1-Card1-00956_58.png,19May18Camera1-Card1-00956,1,1,1,1,0,-1
19May18Camera1-Card1-00956_6.png,19May18Camera1-Card1-00956,2,2,1,1,0,-1
19May18Camera1-Card1-00956_60.png,19May18Camera1-Card1-00956,3,9,1,7,1,0
19May18Camera1-Card1-00956_61.png,19May18Camera1-Card1-00956,6,6,2,5,2,0
19May18Camera1-Card1-00956_62.png,19May18Camera1-Card1-00956,73,37,7,37,3,-4
19May18Camera1-Card1-00956_63.png,19May18Camera1-Card1-00956,126,61,3,73,9,6
19May18Camera1-Card1-00956_64.png,19May18Camera1-Card1-00956,46,39,11,42,12,1
19May18Camera1-Card1-00956_66.png,19May18Camera1-Card1-00956,2,8,1,5,1,0
19May18Camera1-Card1-00956_67.png,19May18Camera1-Card1-00956,3,4,1,4,1,0
19May18Camera1-Card1-00956_69.png,19May18Camera1-Card1-00956,3,6,0,4,0,0
19May18Camera1-Card1-00956_71.png,19May18Camera1-Card1-00956,2,9,0,3,0,0
19May18Camera1-Card1-00956_72.png,19May18Camera1-Card1-00956,3,14,0,11,0,0
19May18Camera1-Card1-00956_73.png,19May18Camera1-Card1-00956,85,49,5,50,5,0
19May18Camera1-Card1-00956_74.png,19May18Camera1-Card1-00956,69,66,18,61,15,-3
19May18Camera1-Card1-00956_75.png,19May18Camera1-Card1-00956,11,15,3,13,4,1
19May18Camera1-Card1-00956_76.png,19May18Camera1-Card1-00956,2,5,1,2,0,-1
19May18Camera1-Card1-00956_79.png,19May18Camera1-Card1-00956,2,6,1,4,0,-1
19May18Camera1-Card1-00956_8.png,19May18Camera1-Card1-00956,2,2,0,4,0,0
19May18Camera1-Card1-00956_80.png,19May18Camera1-Card1-00956,2,5,0,3,1,1
19May18Camera1-Card1-00956_81.png,19May18Camera1-Card1-00956,7,9,3,6,3,0
19May18Camera1-Card1-00956_83.png,19May18Camera1-Card1-00956,5,8,2,5,1,-1
19May18Camera1-Card1-00956_84.png,19May18Camera1-Card1-00956,17,17,2,12,2,0
19May18Camera1-Card1-00956_85.png,19May18Camera1-Card1-00956,12,11,2,7,2,0
19May18Camera1-Card1-00956_86.png,19May18Camera1-Card1-00956,2,3,1,1,0,-1
19May18Camera1-Card1-00956_87.png,19May18Camera1-Card1-00956,1,4,1,1,1,0
19May18Camera1-Card1-00956_88.png,19May18Camera1-Card1-00956,6,5,3,4,1,-2
19May18Camera1-Card1-00956_89.png,19May18Camera1-Card1-00956,3,6,2,4,1,-1
19May18Camera1-Card1-00956_91.png,19May18Camera1-Card1-00956,2,5,1,1,1,0
19May18Camera1-Card1-00956_95.png,19May18Camera1-Card1-00956,3,10,2,2,2,0
19May18Camera1-Card1-00956_97.png,19May18Camera1-Card1-00956,2,5,1,2,0,-1
19May18Camera1-Card1-00956_98.png,19May18Camera1-Card1-00956,2,3,1,1,1,0
20June12Camera1-Card7-0307_102.png,20June12Camera1-Card7-0307,1,4,0,1,1,1
20June12Camera1-Card7-0307_103.png,20June12Camera1-Card7-0307,4,8,2,6,3,1
20June12Camera1-Card7-0307_104.png,20June12Camera1-Card7-0307,5,12,2,13,3,1
20June12Camera1-Card7-0307_105.png,20June12Camera1-Card7-0307,3,10,1,6,1,0
20June12Camera1-Card7-0307_106.png,20June12Camera1-Card7-0307,5,9,3,6,3,0
20June12Camera1-Card7-0307_107.png,20June12Camera1-Card7-0307,14,3,0,0,0,0
20June12Camera1-Card7-0307_108.png,20June12Camera1-Card7-0307,2,0,0,0,0,0
20June12Camera1-Card7-0307_109.png,20June12Camera1-Card7-0307,2,3,0,0,0,0
20June12Camera1-Card7-0307_112.png,20June12Camera1-Card7-0307,5,4,3,5,3,0
20June12Camera1-Card7-0307_113.png,20June12Camera1-Card7-0307,3,5,3,4,3,0
20June12Camera1-Card7-0307_114.png,20June12Camera1-Card7-0307,6,10,2,9,4,2
20June12Camera1-Card7-0307_115.png,20June12Camera1-Card7-0307,5,10,1,9,2,1
20June12Camera1-Card7-0307_116.png,20June12Camera1-Card7-0307,22,7,2,4,1,-1
20June12Camera1-Card7-0307_117.png,20June12Camera1-Card7-0307,9,8,1,2,1,0
20June12Camera1-Card7-0307_121.png,20June12Camera1-Card7-0307,5,5,0,3,0,0
20June12Camera1-Card7-0307_122.png,20June12Camera1-Card7-0307,1,4,0,3,1,1
20June12Camera1-Card7-0307_123.png,20June12Camera1-Card7-0307,1,5,1,1,1,0
20June12Camera1-Card7-0307_124.png,20June12Camera1-Card7-0307,1,7,0,7,1,1
20June12Camera1-Card7-0307_127.png,20June12Camera1-Card7-0307,30,6,1,4,3,2
20June12Camera1-Card7-0307_128.png,20June12Camera1-Card7-0307,2,13,0,1,0,0
20June12Camera1-Card7-0307_13.png,20June12Camera1-Card7-0307,6,10,1,11,2,1
20June12Camera1-Card7-0307_131.png,20June12Camera1-Card7-0307,5,7,0,5,0,0
20June12Camera1-Card7-0307_137.png,20June12Camera1-Card7-0307,10,6,0,3,1,1
20June12Camera1-Card7-0307_14.png,20June12Camera1-Card7-0307,11,5,1,5,2,1
20June12Camera1-Card7-0307_15.png,20June12Camera1-Card7-0307,18,6,0,5,0,0
20June12Camera1-Card7-0307_16.png,20June12Camera1-Card7-0307,6,7,0,3,0,0
20June12Camera1-Card7-0307_17.png,20June12Camera1-Card7-0307,32,2,0,2,0,0
20June12Camera1-Card7-0307_22.png,20June12Camera1-Card7-0307,5,4,0,4,0,0
20June12Camera1-Card7-0307_23.png,20June12Camera1-Card7-0307,22,10,2,6,3,1
20June12Camera1-Card7-0307_24.png,20June12Camera1-Card7-0307,3,9,0,6,1,1
20June12Camera1-Card7-0307_26.png,20June12Camera1-Card7-0307,2,5,0,5,0,0
20June12Camera1-Card7-0307_27.png,20June12Camera1-Card7-0307,7,3,0,0,0,0
20June12Camera1-Card7-0307_34.png,20June12Camera1-Card7-0307,1,7,0,6,1,1
20June12Camera1-Card7-0307_36.png,20June12Camera1-Card7-0307,3,9,0,5,0,0
20June12Camera1-Card7-0307_37.png,20June12Camera1-Card7-0307,8,1,0,0,0,0
20June12Camera1-Card7-0307_4.png,20June12Camera1-Card7-0307,1,3,0,0,0,0
20June12Camera1-Card7-0307_44.png,20June12Camera1-Card7-0307,4,12,3,10,3,0
20June12Camera1-Card7-0307_45.png,20June12Camera1-Card7-0307,3,5,1,5,1,0
20June12Camera1-Card7-0307_5.png,20June12Camera1-Card7-0307,30,9,0,6,0,0
20June12Camera1-Card7-0307_54.png,20June12Camera1-Card7-0307,6,14,4,10,5,1
20June12Camera1-Card7-0307_55.png,20June12Camera1-Card7-0307,14,11,6,12,7,1
20June12Camera1-Card7-0307_6.png,20June12Camera1-Card7-0307,46,10,0,2,0,0
20June12Camera1-Card7-0307_64.png,20June12Camera1-Card7-0307,10,17,1,16,5,4
20June12Camera1-Card7-0307_65.png,20June12Camera1-Card7-0307,16,13,7,14,9,2
20June12Camera1-Card7-0307_7.png,20June12Camera1-Card7-0307,14,6,0,5,0,0
20June12Camera1-Card7-0307_74.png,20June12Camera1-Card7-0307,7,15,1,13,5,4
20June12Camera1-Card7-0307_75.png,20June12Camera1-Card7-0307,3,9,3,7,3,0
20June12Camera1-Card7-0307_82.png,20June12Camera1-Card7-0307,1,8,0,5,1,1
20June12Camera1-Card7-0307_83.png,20June12Camera1-Card7-0307,7,13,3,11,4,1
20June12Camera1-Card7-0307_84.png,20June12Camera1-Card7-0307,9,15,5,15,7,2
20June12Camera1-Card7-0307_85.png,20June12Camera1-Card7-0307,8,12,3,10,5,2
20June12Camera1-Card7-0307_92.png,20June12Camera1-Card7-0307,3,6,1,5,1,0
20June12Camera1-Card7-0307_93.png,20June12Camera1-Card7-0307,10,16,1,14,6,5
20June12Camera1-Card7-0307_94.png,20June12Camera1-Card7-0307,9,16,3,15,5,2
20June12Camera1-Card7-0307_95.png,20June12Camera1-Card7-0307,7,13,3,13,6,3
20June12Camera1-Card7-0307_96.png,20June12Camera1-Card7-0307,4,5,2,5,3,1
20June21Camera2-Card3-5018_0.png,20June21Camera2-Card3-5018,5,10,3,9,3,0
20June21Camera2-Card3-5018_1.png,20June21Camera2-Card3-5018,1,4,0,4,0,0
20June21Camera2-Card3-5018_101.png,20June21Camera2-Card3-5018,1,1,1,1,1,0
20June21Camera2-Card3-5018_102.png,20June21Camera2-Card3-5018,12,13,10,12,10,0
20June21Camera2-Card3-5018_103.png,20June21Camera2-Card3-5018,12,11,9,13,9,0
20June21Camera2-Card3-5018_104.png,20June21Camera2-Card3-5018,6,8,4,10,5,1
20June21Camera2-Card3-5018_105.png,20June21Camera2-Card3-5018,6,15,4,11,4,0
20June21Camera2-Card3-5018_106.png,20June21Camera2-Card3-5018,3,9,3,8,3,0
20June21Camera2-Card3-5018_107.png,20June21Camera2-Card3-5018,3,3,2,3,2,0
20June21Camera2-Card3-5018_108.png,20June21Camera2-Card3-5018,1,2,1,2,1,0
20June21Camera2-Card3-5018_109.png,20June21Camera2-Card3-5018,1,3,0,2,0,0
20June21Camera2-Card3-5018_11.png,20June21Camera2-Card3-5018,11,14,4,14,5,1
20June21Camera2-Card3-5018_113.png,20June21Camera2-Card3-5018,3,7,2,8,3,1
20June21Camera2-Card3-5018_114.png,20June21Camera2-Card3-5018,5,8,3,7,4,1
20June21Camera2-Card3-5018_115.png,20June21Camera2-Card3-5018,3,5,2,4,2,0
20June21Camera2-Card3-5018_116.png,20June21Camera2-Card3-5018,4,7,4,9,4,0
20June21Camera2-Card3-5018_117.png,20June21Camera2-Card3-5018,1,3,1,4,1,0
20June21Camera2-Card3-5018_118.png,20June21Camera2-Card3-5018,1,1,0,1,1,1
20June21Camera2-Card3-5018_119.png,20June21Camera2-Card3-5018,2,2,0,2,1,1
20June21Camera2-Card3-5018_12.png,20June21Camera2-Card3-5018,11,15,8,14,8,0
20June21Camera2-Card3-5018_120.png,20June21Camera2-Card3-5018,1,2,0,1,0,0
20June21Camera2-Card3-5018_124.png,20June21Camera2-Card3-5018,1,5,0,6,1,1
20June21Camera2-Card3-5018_125.png,20June21Camera2-Card3-5018,6,9,2,5,2,0
20June21Camera2-Card3-5018_126.png,20June21Camera2-Card3-5018,3,1,1,3,2,1
20June21Camera2-Card3-5018_127.png,20June21Camera2-Card3-5018,2,6,1,3,1,0
20June21Camera2-Card3-5018_128.png,20June21Camera2-Card3-5018,3,4,2,4,2,0
20June21Camera2-Card3-5018_129.png,20June21Camera2-Card3-5018,1,1,0,2,1,1
20June21Camera2-Card3-5018_13.png,20June21Camera2-Card3-5018,6,7,2,7,3,1
20June21Camera2-Card3-5018_130.png,20June21Camera2-Card3-5018,1,3,0,1,1,1
20June21Camera2-Card3-5018_132.png,20June21Camera2-Card3-5018,1,7,0,5,0,0
20June21Camera2-Card3-5018_134.png,20June21Camera2-Card3-5018,3,5,2,6,3,1
20June21Camera2-Card3-5018_135.png,20June21Camera2-Card3-5018,2,8,2,4,2,0
20June21Camera2-Card3-5018_136.png,20June21Camera2-Card3-5018,3,2,2,2,2,0
20June21Camera2-Card3-5018_137.png,20June21Camera2-Card3-5018,2,4,1,4,1,0
20June21Camera2-Card3-5018_139.png,20June21Camera2-Card3-5018,1,4,1,3,1,0
20June21Camera2-Card3-5018_14.png,20June21Camera2-Card3-5018,4,7,2,5,3,1
20June21Camera2-Card3-5018_141.png,20June21Camera2-Card3-5018,2,4,1,4,1,0
20June21Camera2-Card3-5018_145.png,20June21Camera2-Card3-5018,1,1,1,1,1,0
20June21Camera2-Card3-5018_146.png,20June21Camera2-Card3-5018,1,2,1,2,1,0
20June21Camera2-Card3-5018_15.png,20June21Camera2-Card3-5018,3,5,1,4,1,0
20June21Camera2-Card3-5018_152.png,20June21Camera2-Card3-5018,2,4,0,3,0,0
20June21Camera2-Card3-5018_153.png,20June21Camera2-Card3-5018,1,6,0,3,0,0
20June21Camera2-Card3-5018_154.png,20June21Camera2-Card3-5018,1,10,0,4,0,0
20June21Camera2-Card3-5018_157.png,20June21Camera2-Card3-5018,2,1,0,3,1,1
20June21Camera2-Card3-5018_158.png,20June21Camera2-Card3-5018,2,9,0,5,0,0
20June21Camera2-Card3-5018_16.png,20June21Camera2-Card3-5018,1,4,0,3,0,0
20June21Camera2-Card3-5018_168.png,20June21Camera2-Card3-5018,3,4,0,4,1,1
20June21Camera2-Card3-5018_169.png,20June21Camera2-Card3-5018,2,6,0,5,0,0
20June21Camera2-Card3-5018_17.png,20June21Camera2-Card3-5018,1,3,1,1,1,0
20June21Camera2-Card3-5018_19.png,20June21Camera2-Card3-5018,1,2,1,3,1,0
20June21Camera2-Card3-5018_2.png,20June21Camera2-Card3-5018,2,2,1,3,1,0
20June21Camera2-Card3-5018_22.png,20June21Camera2-Card3-5018,4,11,2,10,2,0
20June21Camera2-Card3-5018_23.png,20June21Camera2-Card3-5018,4,8,3,3,3,0
20June21Camera2-Card3-5018_24.png,20June21Camera2-Card3-5018,1,0,0,0,0,0
20June21Camera2-Card3-5018_25.png,20June21Camera2-Card3-5018,4,4,2,3,3,1
20June21Camera2-Card3-5018_26.png,20June21Camera2-Card3-5018,10,10,4,10,5,1
20June21Camera2-Card3-5018_27.png,20June21Camera2-Card3-5018,6,6,2,6,2,0
20June21Camera2-Card3-5018_28.png,20June21Camera2-Card3-5018,6,7,3,8,4,1
20June21Camera2-Card3-5018_29.png,20June21Camera2-Card3-5018,3,4,0,4,0,0
20June21Camera2-Card3-5018_3.png,20June21Camera2-Card3-5018,1,1,1,1,1,0
20June21Camera2-Card3-5018_30.png,20June21Camera2-Card3-5018,2,4,1,2,1,0
20June21Camera2-Card3-5018_33.png,20June21Camera2-Card3-5018,3,9,1,4,0,-1
20June21Camera2-Card3-5018_34.png,20June21Camera2-Card3-5018,1,2,1,1,0,-1
20June21Camera2-Card3-5018_35.png,20June21Camera2-Card3-5018,3,2,1,3,1,0
20June21Camera2-Card3-5018_36.png,20June21Camera2-Card3-5018,2,2,2,2,1,-1
20June21Camera2-Card3-5018_37.png,20June21Camera2-Card3-5018,3,6,2,5,2,0
20June21Camera2-Card3-5018_38.png,20June21Camera2-Card3-5018,7,7,3,9,2,-1
20June21Camera2-Card3-5018_39.png,20June21Camera2-Card3-5018,9,15,5,13,6,1
20June21Camera2-Card3-5018_40.png,20June21Camera2-Card3-5018,12,18,4,16,3,-1
20June21Camera2-Card3-5018_41.png,20June21Camera2-Card3-5018,1,6,1,5,1,0
20June21Camera2-Card3-5018_42.png,20June21Camera2-Card3-5018,2,8,2,7,2,0
20June21Camera2-Card3-5018_43.png,20June21Camera2-Card3-5018,1,6,1,6,1,0
20June21Camera2-Card3-5018_44.png,20June21Camera2-Card3-5018,7,8,5,5,2,-3
20June21Camera2-Card3-5018_45.png,20June21Camera2-Card3-5018,6,5,1,3,2,1
20June21Camera2-Card3-5018_46.png,20June21Camera2-Card3-5018,6,6,1,7,1,0
20June21Camera2-Card3-5018_47.png,20June21Camera2-Card3-5018,8,15,3,12,2,-1
20June21Camera2-Card3-5018_48.png,20June21Camera2-Card3-5018,9,13,2,17,2,0
20June21Camera2-Card3-5018_49.png,20June21Camera2-Card3-5018,11,18,6,17,6,0
20June21Camera2-Card3-5018_50.png,20June21Camera2-Card3-5018,5,9,2,13,2,0
20June21Camera2-Card3-5018_51.png,20June21Camera2-Card3-5018,15,17,6,19,6,0
20June21Camera2-Card3-5018_52.png,20June21Camera2-Card3-5018,6,8,4,11,4,0
20June21Camera2-Card3-5018_53.png,20June21Camera2-Card3-5018,1,4,1,5,0,-1
20June21Camera2-Card3-5018_54.png,20June21Camera2-Card3-5018,2,3,2,3,2,0
20June21Camera2-Card3-5018_55.png,20June21Camera2-Card3-5018,8,10,4,10,4,0
20June21Camera2-Card3-5018_56.png,20June21Camera2-Card3-5018,6,8,2,8,2,0
20June21Camera2-Card3-5018_57.png,20June21Camera2-Card3-5018,9,12,5,9,5,0
20June21Camera2-Card3-5018_58.png,20June21Camera2-Card3-5018,8,15,4,17,3,-1
20June21Camera2-Card3-5018_59.png,20June21Camera2-Card3-5018,5,10,1,12,1,0
20June21Camera2-Card3-5018_60.png,20June21Camera2-Card3-5018,11,15,7,18,8,1
20June21Camera2-Card3-5018_61.png,20June21Camera2-Card3-5018,12,14,3,14,3,0
20June21Camera2-Card3-5018_62.png,20June21Camera2-Card3-5018,13,16,6,17,6,0
20June21Camera2-Card3-5018_63.png,20June21Camera2-Card3-5018,8,11,7,10,7,0
20June21Camera2-Card3-5018_64.png,20June21Camera2-Card3-5018,6,11,4,13,4,0
20June21Camera2-Card3-5018_65.png,20June21Camera2-Card3-5018,2,7,0,5,0,0
20June21Camera2-Card3-5018_66.png,20June21Camera2-Card3-5018,3,6,3,6,2,-1
20June21Camera2-Card3-5018_67.png,20June21Camera2-Card3-5018,9,13,7,12,8,1
20June21Camera2-Card3-5018_68.png,20June21Camera2-Card3-5018,10,9,7,10,8,1
20June21Camera2-Card3-5018_69.png,20June21Camera2-Card3-5018,8,19,5,16,5,0
20June21Camera2-Card3-5018_7.png,20June21Camera2-Card3-5018,2,3,0,1,0,0
20June21Camera2-Card3-5018_70.png,20June21Camera2-Card3-5018,8,14,3,14,3,0
20June21Camera2-Card3-5018_71.png,20June21Camera2-Card3-5018,14,16,1,17,3,2
20June21Camera2-Card3-5018_72.png,20June21Camera2-Card3-5018,16,19,5,21,7,2
20June21Camera2-Card3-5018_73.png,20June21Camera2-Card3-5018,13,18,2,18,1,-1
20June21Camera2-Card3-5018_74.png,20June21Camera2-Card3-5018,14,15,7,18,8,1
20June21Camera2-Card3-5018_75.png,20June21Camera2-Card3-5018,10,15,4,19,4,0
20June21Camera2-Card3-5018_76.png,20June21Camera2-Card3-5018,3,9,2,9,2,0
20June21Camera2-Card3-5018_80.png,20June21Camera2-Card3-5018,5,9,5,8,5,0
20June21Camera2-Card3-5018_81.png,20June21Camera2-Card3-5018,14,15,11,16,10,-1
20June21Camera2-Card3-5018_82.png,20June21Camera2-Card3-5018,18,17,4,20,6,2
20June21Camera2-Card3-5018_83.png,20June21Camera2-Card3-5018,10,14,7,17,7,0
20June21Camera2-Card3-5018_84.png,20June21Camera2-Card3-5018,16,15,2,20,2,0
20June21Camera2-Card3-5018_85.png,20June21Camera2-Card3-5018,11,14,5,15,5,0
20June21Camera2-Card3-5018_86.png,20June21Camera2-Card3-5018,8,17,5,15,5,0
20June21Camera2-Card3-5018_87.png,20June21Camera2-Card3-5018,3,8,1,7,1,0
20June21Camera2-Card3-5018_90.png,20June21Camera2-Card3-5018,1,2,1,1,1,0
20June21Camera2-Card3-5018_91.png,20June21Camera2-Card3-5018,8,13,5,11,6,1
20June21Camera2-Card3-5018_92.png,20June21Camera2-Card3-5018,7,8,3,11,3,0
20June21Camera2-Card3-5018_93.png,20June21Camera2-Card3-5018,7,11,4,12,4,0
20June21Camera2-Card3-5018_94.png,20June21Camera2-Card3-5018,11,15,5,13,6,1
20June21Camera2-Card3-5018_95.png,20June21Camera2-Card3-5018,16,13,6,15,5,-1
20June21Camera2-Card3-5018_96.png,20June21Camera2-Card3-5018,9,11,7,11,7,0
20June21Camera2-Card3-5018_97.png,20June21Camera2-Card3-5018,2,5,1,7,1,0
20June21Camera2-Card3-5018_98.png,20June21Camera2-Card3-5018,2,3,1,4,1,0
21June15Camera1-Card3-00465_1.png,21June15Camera1-Card3-00465,2,7,1,9,1,0
21June15Camera1-Card3-00465_100.png,21June15Camera1-Card3-00465,34,33,8,32,9,1
21June15Camera1-Card3-00465_101.png,21June15Camera1-Card3-00465,20,27,7,27,9,2
21June15Camera1-Card3-00465_102.png,21June15Camera1-Card3-00465,7,29,3,27,3,0
21June15Camera1-Card3-00465_103.png,21June15Camera1-Card3-00465,12,21,4,22,6,2
21June15Camera1-Card3-00465_104.png,21June15Camera1-Card3-00465,13,12,5,16,6,1
21June15Camera1-Card3-00465_105.png,21June15Camera1-Card3-00465,17,22,4,20,6,2
21June15Camera1-Card3-00465_106.png,21June15Camera1-Card3-00465,9,23,4,15,5,1
21June15Camera1-Card3-00465_107.png,21June15Camera1-Card3-00465,5,11,1,7,1,0
21June15Camera1-Card3-00465_108.png,21June15Camera1-Card3-00465,2,5,0,3,0,0
21June15Camera1-Card3-00465_110.png,21June15Camera1-Card3-00465,8,9,3,8,4,1
21June15Camera1-Card3-00465_22.png,21June15Camera1-Card3-00465,2,4,0,3,1,1
21June15Camera1-Card3-00465_23.png,21June15Camera1-Card3-00465,3,15,1,7,1,0
21June15Camera1-Card3-00465_24.png,21June15Camera1-Card3-00465,4,15,1,8,2,1
21June15Camera1-Card3-00465_32.png,21June15Camera1-Card3-00465,2,7,1,6,1,0
21June15Camera1-Card3-00465_33.png,21June15Camera1-Card3-00465,9,15,2,13,4,2
21June15Camera1-Card3-00465_34.png,21June15Camera1-Card3-00465,23,18,6,18,7,1
21June15Camera1-Card3-00465_35.png,21June15Camera1-Card3-00465,10,21,4,16,4,0
21June15Camera1-Card3-00465_36.png,21June15Camera1-Card3-00465,11,27,5,25,6,1
21June15Camera1-Card3-00465_37.png,21June15Camera1-Card3-00465,5,8,2,7,2,0
21June15Camera1-Card3-00465_42.png,21June15Camera1-Card3-00465,1,0,0,2,0,0
21June15Camera1-Card3-00465_43.png,21June15Camera1-Card3-00465,3,2,1,2,1,0
21June15Camera1-Card3-00465_46.png,21June15Camera1-Card3-00465,10,18,5,15,5,0
21June15Camera1-Card3-00465_47.png,21June15Camera1-Card3-00465,11,20,4,13,3,-1
21June15Camera1-Card3-00465_50.png,21June15Camera1-Card3-00465,4,8,2,6,2,0
21June15Camera1-Card3-00465_51.png,21June15Camera1-Card3-00465,2,4,0,4,0,0
21June15Camera1-Card3-00465_60.png,21June15Camera1-Card3-00465,1,5,0,3,0,0
21June15Camera1-Card3-00465_61.png,21June15Camera1-Card3-00465,5,4,1,3,1,0
21June15Camera1-Card3-00465_66.png,21June15Camera1-Card3-00465,9,15,1,15,3,2
21June15Camera1-Card3-00465_68.png,21June15Camera1-Card3-00465,2,3,0,3,0,0
21June15Camera1-Card3-00465_70.png,21June15Camera1-Card3-00465,5,6,1,5,1,0
21June15Camera1-Card3-00465_75.png,21June15Camera1-Card3-00465,4,9,0,10,1,1
21June15Camera1-Card3-00465_76.png,21June15Camera1-Card3-00465,5,16,0,13,3,3
21June15Camera1-Card3-00465_80.png,21June15Camera1-Card3-00465,6,12,1,8,3,2
21June15Camera1-Card3-00465_85.png,21June15Camera1-Card3-00465,19,17,2,19,5,3
21June15Camera1-Card3-00465_86.png,21June15Camera1-Card3-00465,19,30,2,27,1,-1
21June15Camera1-Card3-00465_90.png,21June15Camera1-Card3-00465,8,11,0,13,2,2
21June15Camera1-Card3-00465_91.png,21June15Camera1-Card3-00465,10,21,2,20,3,1
21June15Camera1-Card3-00465_92.png,21June15Camera1-Card3-00465,12,28,6,25,5,-1
21June15Camera1-Card3-00465_93.png,21June15Camera1-Card3-00465,13,17,5,14,5,0
21June15Camera1-Card3-00465_94.png,21June15Camera1-Card3-00465,4,3,2,3,2,0
21June15Camera1-Card3-00465_95.png,21June15Camera1-Card3-00465,28,25,5,25,7,2
21June15Camera1-Card3-00465_96.png,21June15Camera1-Card3-00465,25,32,3,30,5,2
21June15Camera1-Card3-00465_97.png,21June15Camera1-Card3-00465,1,9,1,6,0,-1
21June15Camera1-Card3-00465_98.png,21June15Camera1-Card3-00465,1,6,1,2,1,0
21June15Camera1-Card3-01044_0.png,21June15Camera1-Card3-01044,5,9,0,3,0,0
21June15Camera1-Card3-01044_1.png,21June15Camera1-Card3-01044,7,10,0,3,0,0
21June15Camera1-Card3-01044_12.png,21June15Camera1-Card3-01044,5,8,0,6,0,0
21June15Camera1-Card3-01044_13.png,21June15Camera1-Card3-01044,3,5,0,5,0,0
21June15Camera1-Card3-01044_133.png,21June15Camera1-Card3-01044,2,13,0,9,0,0
21June15Camera1-Card3-01044_2.png,21June15Camera1-Card3-01044,7,10,0,5,0,0
21June15Camera1-Card3-01044_23.png,21June15Camera1-Card3-01044,1,8,0,2,0,0
21June15Camera1-Card3-01044_3.png,21June15Camera1-Card3-01044,5,8,0,4,0,0
21June15Camera1-Card3-01044_30.png,21June15Camera1-Card3-01044,14,12,1,7,1,0
21June15Camera1-Card3-01044_31.png,21June15Camera1-Card3-01044,2,3,0,2,0,0
21June15Camera1-Card3-01044_32.png,21June15Camera1-Card3-01044,1,5,0,2,0,0
21June15Camera1-Card3-01044_33.png,21June15Camera1-Card3-01044,2,8,0,5,0,0
21June15Camera1-Card3-01044_40.png,21June15Camera1-Card3-01044,4,9,0,8,0,0
21June15Camera1-Card3-01044_41.png,21June15Camera1-Card3-01044,1,14,0,5,0,0
21June15Camera1-Card3-01044_42.png,21June15Camera1-Card3-01044,1,9,0,6,0,0
21June15Camera1-Card3-01044_43.png,21June15Camera1-Card3-01044,1,9,0,6,0,0
21June15Camera1-Card3-01044_58.png,21June15Camera1-Card3-01044,3,10,0,5,0,0
21June15Camera1-Card3-01343_102.png,21June15Camera1-Card3-01343,1,10,1,8,1,0
21June15Camera1-Card3-01343_103.png,21June15Camera1-Card3-01343,37,32,13,39,29,16
21June15Camera1-Card3-01343_104.png,21June15Camera1-Card3-01343,47,39,24,44,37,13
21June15Camera1-Card3-01343_105.png,21June15Camera1-Card3-01343,41,39,27,39,33,6
21June15Camera1-Card3-01343_106.png,21June15Camera1-Card3-01343,10,22,9,16,10,1
21June15Camera1-Card3-01343_113.png,21June15Camera1-Card3-01343,11,17,9,21,10,1
21June15Camera1-Card3-01343_114.png,21June15Camera1-Card3-01343,44,45,20,46,38,18
21June15Camera1-Card3-01343_115.png,21June15Camera1-Card3-01343,17,20,12,18,15,3
21June15Camera1-Card3-01343_119.png,21June15Camera1-Card3-01343,1,4,1,8,1,0
21June15Camera1-Card3-01343_12.png,21June15Camera1-Card3-01343,21,20,12,20,16,4
21June15Camera1-Card3-01343_124.png,21June15Camera1-Card3-01343,1,12,1,19,1,0
21June15Camera1-Card3-01343_13.png,21June15Camera1-Card3-01343,45,39,21,43,36,15
21June15Camera1-Card3-01343_130.png,21June15Camera1-Card3-01343,1,20,1,15,1,0
21June15Camera1-Card3-01343_14.png,21June15Camera1-Card3-01343,50,41,19,50,43,24
21June15Camera1-Card3-01343_145.png,21June15Camera1-Card3-01343,1,8,1,15,1,0
21June15Camera1-Card3-01343_15.png,21June15Camera1-Card3-01343,52,43,6,56,48,42
21June15Camera1-Card3-01343_155.png,21June15Camera1-Card3-01343,1,10,1,14,1,0
21June15Camera1-Card3-01343_16.png,21June15Camera1-Card3-01343,43,37,9,43,35,26
21June15Camera1-Card3-01343_17.png,21June15Camera1-Card3-01343,3,11,1,9,1,0
21June15Camera1-Card3-01343_2.png,21June15Camera1-Card3-01343,25,24,11,27,21,10
21June15Camera1-Card3-01343_22.png,21June15Camera1-Card3-01343,23,22,9,24,22,13
21June15Camera1-Card3-01343_23.png,21June15Camera1-Card3-01343,47,40,15,54,37,22
21June15Camera1-Card3-01343_24.png,21June15Camera1-Card3-01343,55,44,15,57,49,34
21June15Camera1-Card3-01343_25.png,21June15Camera1-Card3-01343,55,48,13,50,41,28
21June15Camera1-Card3-01343_26.png,21June15Camera1-Card3-01343,47,40,17,45,41,24
21June15Camera1-Card3-01343_3.png,21June15Camera1-Card3-01343,39,36,13,43,34,21
21June15Camera1-Card3-01343_32.png,21June15Camera1-Card3-01343,15,21,3,22,14,11
21June15Camera1-Card3-01343_33.png,21June15Camera1-Card3-01343,59,45,7,56,49,42
21June15Camera1-Card3-01343_34.png,21June15Camera1-Card3-01343,52,45,11,56,45,34
21June15Camera1-Card3-01343_35.png,21June15Camera1-Card3-01343,44,36,15,47,40,25
21June15Camera1-Card3-01343_36.png,21June15Camera1-Card3-01343,13,18,10,19,13,3
21June15Camera1-Card3-01343_4.png,21June15Camera1-Card3-01343,29,43,16,47,27,11
21June15Camera1-Card3-01343_42.png,21June15Camera1-Card3-01343,18,20,3,17,16,13
21June15Camera1-Card3-01343_43.png,21June15Camera1-Card3-01343,55,43,11,55,44,33
21June15Camera1-Card3-01343_44.png,21June15Camera1-Card3-01343,63,47,9,57,48,39
21June15Camera1-Card3-01343_45.png,21June15Camera1-Card3-01343,42,39,12,42,38,26
21June15Camera1-Card3-01343_46.png,21June15Camera1-Card3-01343,12,15,8,12,11,3
21June15Camera1-Card3-01343_47.png,21June15Camera1-Card3-01343,1,5,1,5,1,0
21June15Camera1-Card3-01343_5.png,21June15Camera1-Card3-01343,35,43,8,53,29,21
21June15Camera1-Card3-01343_52.png,21June15Camera1-Card3-01343,11,12,7,11,9,2
21June15Camera1-Card3-01343_53.png,21June15Camera1-Card3-01343,53,41,11,49,42,31
21June15Camera1-Card3-01343_54.png,21June15Camera1-Card3-01343,52,38,7,49,34,27
21June15Camera1-Card3-01343_55.png,21June15Camera1-Card3-01343,62,39,11,52,42,31
21June15Camera1-Card3-01343_56.png,21June15Camera1-Card3-01343,32,27,13,29,26,13
21June15Camera1-Card3-01343_6.png,21June15Camera1-Card3-01343,30,45,6,57,25,19
21June15Camera1-Card3-01343_62.png,21June15Camera1-Card3-01343,3,8,2,8,3,1
21June15Camera1-Card3-01343_63.png,21June15Camera1-Card3-01343,50,38,11,49,39,28
21June15Camera1-Card3-01343_64.png,21June15Camera1-Card3-01343,66,47,14,55,47,33
21June15Camera1-Card3-01343_65.png,21June15Camera1-Card3-01343,55,46,21,55,50,29
21June15Camera1-Card3-01343_66.png,21June15Camera1-Card3-01343,43,35,18,39,38,20
21June15Camera1-Card3-01343_67.png,21June15Camera1-Card3-01343,8,16,7,15,8,1
21June15Camera1-Card3-01343_7.png,21June15Camera1-Card3-01343,3,22,2,26,2,0
21June15Camera1-Card3-01343_71.png,21June15Camera1-Card3-01343,2,5,1,8,1,0
21June15Camera1-Card3-01343_72.png,21June15Camera1-Card3-01343,8,11,2,9,7,5
21June15Camera1-Card3-01343_73.png,21June15Camera1-Card3-01343,57,43,16,53,44,28
21June15Camera1-Card3-01343_74.png,21June15Camera1-Card3-01343,57,51,15,54,47,32
21June15Camera1-Card3-01343_75.png,21June15Camera1-Card3-01343,52,47,21,53,47,26
21June15Camera1-Card3-01343_76.png,21June15Camera1-Card3-01343,46,41,17,46,35,18
21June15Camera1-Card3-01343_77.png,21June15Camera1-Card3-01343,7,20,4,19,6,2
21June15Camera1-Card3-01343_81.png,21June15Camera1-Card3-01343,2,7,1,13,1,0
21June15Camera1-Card3-01343_82.png,21June15Camera1-Card3-01343,14,19,6,16,10,4
21June15Camera1-Card3-01343_83.png,21June15Camera1-Card3-01343,61,45,18,54,46,28
21June15Camera1-Card3-01343_84.png,21June15Camera1-Card3-01343,49,47,20,54,42,22
21June15Camera1-Card3-01343_85.png,21June15Camera1-Card3-01343,53,45,27,53,40,13
21June15Camera1-Card3-01343_86.png,21June15Camera1-Card3-01343,23,28,13,28,18,5
21June15Camera1-Card3-01343_87.png,21June15Camera1-Card3-01343,2,18,1,17,2,1
21June15Camera1-Card3-01343_91.png,21June15Camera1-Card3-01343,1,7,1,12,1,0
21June15Camera1-Card3-01343_92.png,21June15Camera1-Card3-01343,1,9,0,8,1,1
21June15Camera1-Card3-01343_93.png,21June15Camera1-Card3-01343,45,32,14,44,38,24
21June15Camera1-Card3-01343_94.png,21June15Camera1-Card3-01343,46,41,19,44,35,16
21June15Camera1-Card3-01343_95.png,21June15Camera1-Card3-01343,48,43,24,50,38,14
21June15Camera1-Card3-01343_96.png,21June15Camera1-Card3-01343,13,22,9,20,11,2
21June15Camera2-Card2-01240_31.png,21June15Camera2-Card2-01240,3,18,1,15,1,0
21June15Camera2-Card2-01240_32.png,21June15Camera2-Card2-01240,3,16,0,12,0,0
21June15Camera2-Card2-01240_33.png,21June15Camera2-Card2-01240,2,7,0,6,0,0
21June15Camera2-Card2-01240_40.png,21June15Camera2-Card2-01240,13,19,0,14,0,0
21June15Camera2-Card2-01240_41.png,21June15Camera2-Card2-01240,22,20,1,23,2,1
21June15Camera2-Card2-01240_42.png,21June15Camera2-Card2-01240,3,9,0,12,0,0
21June15Camera2-Card2-01240_45.png,21June15Camera2-Card2-01240,4,6,1,11,1,0
21June15Camera2-Card2-01240_47.png,21June15Camera2-Card2-01240,2,6,0,5,0,0
21June15Camera2-Card2-01240_50.png,21June15Camera2-Card2-01240,13,22,1,22,2,1
21June15Camera2-Card2-01240_60.png,21June15Camera2-Card2-01240,2,13,1,12,1,0
21June15Camera2-Card2-01240_65.png,21June15Camera2-Card2-01240,1,3,0,3,0,0
21June15Camera2-Card2-01240_66.png,21June15Camera2-Card2-01240,3,5,1,5,1,0
21June15Camera2-Card2-01240_67.png,21June15Camera2-Card2-01240,4,4,0,1,0,0
21June15Camera2-Card2-01240_73.png,21June15Camera2-Card2-01240,1,6,1,6,0,-1
21June15Camera2-Card2-01240_74.png,21June15Camera2-Card2-01240,2,2,1,1,0,-1
21June15Camera2-Card2-01240_84.png,21June15Camera2-Card2-01240,2,3,1,1,0,-1
21June15Camera2-Card2-01240_86.png,21June15Camera2-Card2-01240,5,6,0,5,0,0
21June15Camera2-Card2-01240_87.png,21June15Camera2-Card2-01240,6,8,1,7,0,-1
21June15Camera2-Card2-01240_96.png,21June15Camera2-Card2-01240,4,7,1,7,1,0
21June15Camera2-Card2-01240_97.png,21June15Camera2-Card2-01240,2,1,1,3,0,-1
21June15Camera2-Card3-00571_100.png,21June15Camera2-Card3-00571,2,3,0,2,0,0
21June15Camera2-Card3-00571_108.png,21June15Camera2-Card3-00571,2,9,0,12,1,1
21June15Camera2-Card3-00571_109.png,21June15Camera2-Card3-00571,11,12,2,17,3,1
21June15Camera2-Card3-00571_110.png,21June15Camera2-Card3-00571,41,6,0,2,0,0
21June15Camera2-Card3-00571_111.png,21June15Camera2-Card3-00571,30,3,0,2,0,0
21June15Camera2-Card3-00571_112.png,21June15Camera2-Card3-00571,12,0,0,0,0,0
21June15Camera2-Card3-00571_119.png,21June15Camera2-Card3-00571,1,4,1,2,1,0
21June15Camera2-Card3-00571_12.png,21June15Camera2-Card3-00571,1,12,0,8,1,1
21June15Camera2-Card3-00571_121.png,21June15Camera2-Card3-00571,2,5,0,1,0,0
21June15Camera2-Card3-00571_122.png,21June15Camera2-Card3-00571,2,6,0,0,0,0
21June15Camera2-Card3-00571_127.png,21June15Camera2-Card3-00571,2,4,0,5,0,0
21June15Camera2-Card3-00571_128.png,21June15Camera2-Card3-00571,19,2,0,2,0,0
21June15Camera2-Card3-00571_13.png,21June15Camera2-Card3-00571,10,8,0,9,2,2
21June15Camera2-Card3-00571_130.png,21June15Camera2-Card3-00571,2,3,0,3,1,1
21June15Camera2-Card3-00571_137.png,21June15Camera2-Card3-00571,7,6,0,7,0,0
21June15Camera2-Card3-00571_138.png,21June15Camera2-Card3-00571,38,4,0,4,0,0
21June15Camera2-Card3-00571_14.png,21June15Camera2-Card3-00571,3,8,0,3,0,0
21June15Camera2-Card3-00571_140.png,21June15Camera2-Card3-00571,2,6,0,5,0,0
21June15Camera2-Card3-00571_150.png,21June15Camera2-Card3-00571,2,5,0,5,0,0
21June15Camera2-Card3-00571_16.png,21June15Camera2-Card3-00571,1,4,0,6,1,1
21June15Camera2-Card3-00571_22.png,21June15Camera2-Card3-00571,2,12,0,10,1,1
21June15Camera2-Card3-00571_23.png,21June15Camera2-Card3-00571,22,9,0,11,3,3
21June15Camera2-Card3-00571_24.png,21June15Camera2-Card3-00571,21,4,0,3,1,1
21June15Camera2-Card3-00571_25.png,21June15Camera2-Card3-00571,3,5,0,6,0,0
21June15Camera2-Card3-00571_26.png,21June15Camera2-Card3-00571,1,9,0,10,1,1
21June15Camera2-Card3-00571_31.png,21June15Camera2-Card3-00571,1,9,0,11,1,1
21June15Camera2-Card3-00571_32.png,21June15Camera2-Card3-00571,1,4,0,3,0,0
21June15Camera2-Card3-00571_37.png,21June15Camera2-Card3-00571,3,13,1,8,1,0
21June15Camera2-Card3-00571_38.png,21June15Camera2-Card3-00571,2,9,0,7,0,0
21June15Camera2-Card3-00571_39.png,21June15Camera2-Card3-00571,1,10,0,4,1,1
21June15Camera2-Card3-00571_40.png,21June15Camera2-Card3-00571,11,11,2,9,3,1
21June15Camera2-Card3-00571_41.png,21June15Camera2-Card3-00571,3,1,0,2,1,1
21June15Camera2-Card3-00571_42.png,21June15Camera2-Card3-00571,6,4,0,5,0,0
21June15Camera2-Card3-00571_46.png,21June15Camera2-Card3-00571,1,4,0,7,1,1
21June15Camera2-Card3-00571_47.png,21June15Camera2-Card3-00571,6,3,1,8,3,2
21June15Camera2-Card3-00571_48.png,21June15Camera2-Card3-00571,1,8,0,3,0,0
21June15Camera2-Card3-00571_49.png,21June15Camera2-Card3-00571,1,14,1,12,1,0
21June15Camera2-Card3-00571_50.png,21June15Camera2-Card3-00571,11,10,1,8,4,3
21June15Camera2-Card3-00571_51.png,21June15Camera2-Card3-00571,1,10,0,3,0,0
21June15Camera2-Card3-00571_57.png,21June15Camera2-Card3-00571,3,5,0,6,1,1
21June15Camera2-Card3-00571_58.png,21June15Camera2-Card3-00571,17,10,2,9,6,4
21June15Camera2-Card3-00571_59.png,21June15Camera2-Card3-00571,6,10,1,11,3,2
21June15Camera2-Card3-00571_60.png,21June15Camera2-Card3-00571,10,15,1,7,5,4
21June15Camera2-Card3-00571_61.png,21June15Camera2-Card3-00571,3,20,1,4,1,0
21June15Camera2-Card3-00571_66.png,21June15Camera2-Card3-00571,6,9,0,6,1,1
21June15Camera2-Card3-00571_67.png,21June15Camera2-Card3-00571,11,10,1,13,2,1
21June15Camera2-Card3-00571_68.png,21June15Camera2-Card3-00571,10,13,1,14,3,2
21June15Camera2-Card3-00571_69.png,21June15Camera2-Card3-00571,5,11,1,13,3,2
21June15Camera2-Card3-00571_70.png,21June15Camera2-Card3-00571,14,14,0,13,4,4
21June15Camera2-Card3-00571_71.png,21June15Camera2-Card3-00571,1,16,0,7,0,0
21June15Camera2-Card3-00571_76.png,21June15Camera2-Card3-00571,6,9,0,7,1,1
21June15Camera2-Card3-00571_77.png,21June15Camera2-Card3-00571,24,16,0,12,5,5
21June15Camera2-Card3-00571_78.png,21June15Camera2-Card3-00571,21,14,1,15,6,5
21June15Camera2-Card3-00571_79.png,21June15Camera2-Card3-00571,16,15,4,14,6,2
21June15Camera2-Card3-00571_80.png,21June15Camera2-Card3-00571,21,9,2,7,3,1
21June15Camera2-Card3-00571_81.png,21June15Camera2-Card3-00571,18,10,0,12,4,4
21June15Camera2-Card3-00571_82.png,21June15Camera2-Card3-00571,10,7,0,4,2,2
21June15Camera2-Card3-00571_87.png,21June15Camera2-Card3-00571,15,18,1,13,3,2
21June15Camera2-Card3-00571_88.png,21June15Camera2-Card3-00571,9,10,2,9,3,1
21June15Camera2-Card3-00571_89.png,21June15Camera2-Card3-00571,27,18,5,13,8,3
21June15Camera2-Card3-00571_91.png,21June15Camera2-Card3-00571,1,5,0,2,0,0
21June15Camera2-Card3-00571_92.png,21June15Camera2-Card3-00571,9,7,0,5,2,2
21June15Camera2-Card3-00571_97.png,21June15Camera2-Card3-00571,8,20,0,25,2,2
21June15Camera2-Card3-00571_98.png,21June15Camera2-Card3-00571,20,14,1,14,5,4
21June15Camera2-Card3-00571_99.png,21June15Camera2-Card3-00571,50,14,1,15,6,5
21May18Camera1-Card1-4754_103.png,21May18Camera1-Card1-4754,5,9,2,4,2,0
21May18Camera1-Card1-4754_104.png,21May18Camera1-Card1-4754,7,9,2,6,3,1
21May18Camera1-Card1-4754_105.png,21May18Camera1-Card1-4754,8,14,7,10,6,-1
21May18Camera1-Card1-4754_106.png,21May18Camera1-Card1-4754,2,8,1,5,1,0
21May18Camera1-Card1-4754_107.png,21May18Camera1-Card1-4754,3,6,3,3,3,0
21May18Camera1-Card1-4754_108.png,21May18Camera1-Card1-4754,1,8,1,5,1,0
21May18Camera1-Card1-4754_113.png,21May18Camera1-Card1-4754,7,12,4,7,4,0
21May18Camera1-Card1-4754_114.png,21May18Camera1-Card1-4754,7,12,3,9,2,-1
21May18Camera1-Card1-4754_115.png,21May18Camera1-Card1-4754,7,11,3,7,3,0
21May18Camera1-Card1-4754_116.png,21May18Camera1-Card1-4754,1,2,0,2,0,0
21May18Camera1-Card1-4754_118.png,21May18Camera1-Card1-4754,5,11,1,8,2,1
21May18Camera1-Card1-4754_123.png,21May18Camera1-Card1-4754,6,7,1,7,2,1
21May18Camera1-Card1-4754_124.png,21May18Camera1-Card1-4754,12,14,4,11,5,1
21May18Camera1-Card1-4754_125.png,21May18Camera1-Card1-4754,8,8,4,8,5,1
21May18Camera1-Card1-4754_127.png,21May18Camera1-Card1-4754,4,6,0,5,0,0
21May18Camera1-Card1-4754_128.png,21May18Camera1-Card1-4754,1,19,0,15,0,0
21May18Camera1-Card1-4754_134.png,21May18Camera1-Card1-4754,11,11,5,11,6,1
21May18Camera1-Card1-4754_135.png,21May18Camera1-Card1-4754,2,4,2,3,2,0
21May18Camera1-Card1-4754_136.png,21May18Camera1-Card1-4754,1,5,0,1,0,0
21May18Camera1-Card1-4754_137.png,21May18Camera1-Card1-4754,4,16,3,8,3,0
21May18Camera1-Card1-4754_14.png,21May18Camera1-Card1-4754,1,4,0,1,0,0
21May18Camera1-Card1-4754_144.png,21May18Camera1-Card1-4754,5,12,2,7,2,0
21May18Camera1-Card1-4754_145.png,21May18Camera1-Card1-4754,3,6,2,3,2,0
21May18Camera1-Card1-4754_15.png,21May18Camera1-Card1-4754,11,15,3,13,3,0
21May18Camera1-Card1-4754_154.png,21May18Camera1-Card1-4754,5,9,2,6,2,0
21May18Camera1-Card1-4754_155.png,21May18Camera1-Card1-4754,3,4,1,3,2,1
21May18Camera1-Card1-4754_16.png,21May18Camera1-Card1-4754,5,10,2,7,3,1
21May18Camera1-Card1-4754_17.png,21May18Camera1-Card1-4754,1,3,1,1,1,0
21May18Camera1-Card1-4754_22.png,21May18Camera1-Card1-4754,1,4,1,2,1,0
21May18Camera1-Card1-4754_23.png,21May18Camera1-Card1-4754,8,11,3,8,2,-1
21May18Camera1-Card1-4754_24.png,21May18Camera1-Card1-4754,10,13,7,11,6,-1
21May18Camera1-Card1-4754_25.png,21May18Camera1-Card1-4754,12,19,4,14,5,1
21May18Camera1-Card1-4754_26.png,21May18Camera1-Card1-4754,10,11,3,8,3,0
21May18Camera1-Card1-4754_32.png,21May18Camera1-Card1-4754,3,8,2,6,2,0
21May18Camera1-Card1-4754_33.png,21May18Camera1-Card1-4754,7,13,4,10,5,1
21May18Camera1-Card1-4754_34.png,21May18Camera1-Card1-4754,8,11,4,10,6,2
21May18Camera1-Card1-4754_35.png,21May18Camera1-Card1-4754,12,17,9,14,7,-2
21May18Camera1-Card1-4754_36.png,21May18Camera1-Card1-4754,8,10,4,9,4,0
21May18Camera1-Card1-4754_37.png,21May18Camera1-Card1-4754,1,4,0,1,0,0
21May18Camera1-Card1-4754_4.png,21May18Camera1-Card1-4754,2,2,0,0,0,0
21May18Camera1-Card1-4754_40.png,21May18Camera1-Card1-4754,2,2,0,0,0,0
21May18Camera1-Card1-4754_41.png,21May18Camera1-Card1-4754,2,7,0,4,1,1
21May18Camera1-Card1-4754_42.png,21May18Camera1-Card1-4754,8,13,5,10,4,-1
21May18Camera1-Card1-4754_43.png,21May18Camera1-Card1-4754,12,16,6,10,6,0
21May18Camera1-Card1-4754_44.png,21May18Camera1-Card1-4754,8,13,4,11,5,1
21May18Camera1-Card1-4754_45.png,21May18Camera1-Card1-4754,11,15,3,11,5,2
21May18Camera1-Card1-4754_46.png,21May18Camera1-Card1-4754,11,14,8,13,7,-1
21May18Camera1-Card1-4754_47.png,21May18Camera1-Card1-4754,2,10,1,4,2,1
21May18Camera1-Card1-4754_48.png,21May18Camera1-Card1-4754,1,2,0,2,0,0
21May18Camera1-Card1-4754_5.png,21May18Camera1-Card1-4754,10,7,2,4,4,2
21May18Camera1-Card1-4754_50.png,21May18Camera1-Card1-4754,12,10,3,6,4,1
21May18Camera1-Card1-4754_51.png,21May18Camera1-Card1-4754,7,13,5,5,5,0
21May18Camera1-Card1-4754_52.png,21May18Camera1-Card1-4754,7,10,3,6,3,0
21May18Camera1-Card1-4754_53.png,21May18Camera1-Card1-4754,9,13,3,10,3,0
21May18Camera1-Card1-4754_54.png,21May18Camera1-Card1-4754,7,16,4,9,4,0
21May18Camera1-Card1-4754_55.png,21May18Camera1-Card1-4754,7,12,2,9,3,1
21May18Camera1-Card1-4754_56.png,21May18Camera1-Card1-4754,6,9,3,9,2,-1
21May18Camera1-Card1-4754_57.png,21May18Camera1-Card1-4754,6,12,3,7,2,-1
21May18Camera1-Card1-4754_6.png,21May18Camera1-Card1-4754,6,13,2,6,5,3
21May18Camera1-Card1-4754_60.png,21May18Camera1-Card1-4754,6,12,3,6,3,0
21May18Camera1-Card1-4754_61.png,21May18Camera1-Card1-4754,5,8,2,3,2,0
21May18Camera1-Card1-4754_62.png,21May18Camera1-Card1-4754,3,10,1,3,2,1
21May18Camera1-Card1-4754_63.png,21May18Camera1-Card1-4754,4,9,2,6,1,-1
21May18Camera1-Card1-4754_64.png,21May18Camera1-Card1-4754,6,10,2,7,4,2
21May18Camera1-Card1-4754_65.png,21May18Camera1-Card1-4754,8,12,2,9,3,1
21May18Camera1-Card1-4754_66.png,21May18Camera1-Card1-4754,7,12,3,11,5,2
21May18Camera1-Card1-4754_67.png,21May18Camera1-Card1-4754,3,3,1,2,1,0
21May18Camera1-Card1-4754_7.png,21May18Camera1-Card1-4754,2,7,1,2,1,0
21May18Camera1-Card1-4754_70.png,21May18Camera1-Card1-4754,1,5,0,1,1,1
21May18Camera1-Card1-4754_71.png,21May18Camera1-Card1-4754,4,6,1,3,1,0
21May18Camera1-Card1-4754_72.png,21May18Camera1-Card1-4754,4,9,1,5,1,0
21May18Camera1-Card1-4754_73.png,21May18Camera1-Card1-4754,5,14,1,9,2,1
21May18Camera1-Card1-4754_74.png,21May18Camera1-Card1-4754,7,12,3,8,1,-2
21May18Camera1-Card1-4754_75.png,21May18Camera1-Card1-4754,6,12,2,10,3,1
21May18Camera1-Card1-4754_76.png,21May18Camera1-Card1-4754,3,3,2,3,1,-1
21May18Camera1-Card1-4754_78.png,21May18Camera1-Card1-4754,2,5,1,4,1,0
21May18Camera1-Card1-4754_8.png,21May18Camera1-Card1-4754,1,6,0,3,1,1
21May18Camera1-Card1-4754_81.png,21May18Camera1-Card1-4754,1,4,0,1,0,0
21May18Camera1-Card1-4754_82.png,21May18Camera1-Card1-4754,5,7,3,5,3,0
21May18Camera1-Card1-4754_83.png,21May18Camera1-Card1-4754,10,8,2,8,3,1
21May18Camera1-Card1-4754_84.png,21May18Camera1-Card1-4754,8,9,3,5,4,1
21May18Camera1-Card1-4754_85.png,21May18Camera1-Card1-4754,6,8,0,6,1,1
21May18Camera1-Card1-4754_86.png,21May18Camera1-Card1-4754,2,10,0,4,0,0
21May18Camera1-Card1-4754_87.png,21May18Camera1-Card1-4754,2,6,1,2,1,0
21May18Camera1-Card1-4754_88.png,21May18Camera1-Card1-4754,2,6,2,3,2,0
21May18Camera1-Card1-4754_91.png,21May18Camera1-Card1-4754,1,6,0,1,0,0
21May18Camera1-Card1-4754_93.png,21May18Camera1-Card1-4754,7,7,2,6,3,1
21May18Camera1-Card1-4754_94.png,21May18Camera1-Card1-4754,6,8,4,7,3,-1
21May18Camera1-Card1-4754_95.png,21May18Camera1-Card1-4754,4,8,2,6,2,0
21May18Camera1-Card1-4754_96.png,21May18Camera1-Card1-4754,3,7,1,4,1,0
21May18Camera1-Card1-4754_97.png,21May18Camera1-Card1-4754,2,9,1,3,1,0
21May18Camera1-Card1-4754_98.png,21May18Camera1-Card1-4754,1,6,1,2,0,-1
21May18Camera1-Card1-4754_99.png,21May18Camera1-Card1-4754,1,8,0,5,0,0
21May18Camera2-Card1-8100_101.png,21May18Camera2-Card1-8100,4,13,2,15,3,1
21May18Camera2-Card1-8100_102.png,21May18Camera2-Card1-8100,7,11,3,11,3,0
21May18Camera2-Card1-8100_103.png,21May18Camera2-Card1-8100,4,15,1,14,1,0
21May18Camera2-Card1-8100_105.png,21May18Camera2-Card1-8100,2,12,0,10,0,0
21May18Camera2-Card1-8100_106.png,21May18Camera2-Card1-8100,8,15,2,12,2,0
21May18Camera2-Card1-8100_107.png,21May18Camera2-Card1-8100,2,11,1,10,1,0
21May18Camera2-Card1-8100_109.png,21May18Camera2-Card1-8100,3,13,0,9,2,2
21May18Camera2-Card1-8100_111.png,21May18Camera2-Card1-8100,2,34,0,25,1,1
21May18Camera2-Card1-8100_112.png,21May18Camera2-Card1-8100,3,34,2,24,1,-1
21May18Camera2-Card1-8100_113.png,21May18Camera2-Card1-8100,1,31,1,22,1,0
21May18Camera2-Card1-8100_114.png,21May18Camera2-Card1-8100,2,32,1,19,1,0
21May18Camera2-Card1-8100_115.png,21May18Camera2-Card1-8100,2,33,1,15,0,-1
21May18Camera2-Card1-8100_116.png,21May18Camera2-Card1-8100,3,34,2,17,2,0
21May18Camera2-Card1-8100_117.png,21May18Camera2-Card1-8100,4,35,3,21,2,-1
21May18Camera2-Card1-8100_12.png,21May18Camera2-Card1-8100,1,2,0,4,1,1
21May18Camera2-Card1-8100_121.png,21May18Camera2-Card1-8100,4,29,2,21,2,0
21May18Camera2-Card1-8100_122.png,21May18Camera2-Card1-8100,3,31,2,20,2,0
21May18Camera2-Card1-8100_123.png,21May18Camera2-Card1-8100,4,25,3,18,3,0
21May18Camera2-Card1-8100_124.png,21May18Camera2-Card1-8100,10,29,5,27,5,0
21May18Camera2-Card1-8100_125.png,21May18Camera2-Card1-8100,9,30,7,28,6,-1
21May18Camera2-Card1-8100_126.png,21May18Camera2-Card1-8100,4,35,0,20,1,1
21May18Camera2-Card1-8100_127.png,21May18Camera2-Card1-8100,6,43,2,23,2,0
21May18Camera2-Card1-8100_128.png,21May18Camera2-Card1-8100,11,38,6,25,8,2
21May18Camera2-Card1-8100_129.png,21May18Camera2-Card1-8100,5,44,3,24,2,-1
21May18Camera2-Card1-8100_134.png,21May18Camera2-Card1-8100,2,18,1,16,1,0
21May18Camera2-Card1-8100_138.png,21May18Camera2-Card1-8100,4,19,4,15,4,0
21May18Camera2-Card1-8100_139.png,21May18Camera2-Card1-8100,6,22,4,23,5,1
21May18Camera2-Card1-8100_14.png,21May18Camera2-Card1-8100,1,4,1,2,1,0
21May18Camera2-Card1-8100_15.png,21May18Camera2-Card1-8100,1,6,1,3,1,0
21May18Camera2-Card1-8100_17.png,21May18Camera2-Card1-8100,1,3,1,3,1,0
21May18Camera2-Card1-8100_2.png,21May18Camera2-Card1-8100,2,9,2,6,2,0
21May18Camera2-Card1-8100_25.png,21May18Camera2-Card1-8100,2,5,1,1,1,0
21May18Camera2-Card1-8100_26.png,21May18Camera2-Card1-8100,2,4,1,3,1,0
21May18Camera2-Card1-8100_3.png,21May18Camera2-Card1-8100,1,7,1,2,1,0
21May18Camera2-Card1-8100_38.png,21May18Camera2-Card1-8100,1,3,1,3,1,0
21May18Camera2-Card1-8100_4.png,21May18Camera2-Card1-8100,1,5,1,2,1,0
21May18Camera2-Card1-8100_42.png,21May18Camera2-Card1-8100,3,5,2,4,2,0
21May18Camera2-Card1-8100_43.png,21May18Camera2-Card1-8100,2,8,1,3,1,0
21May18Camera2-Card1-8100_44.png,21May18Camera2-Card1-8100,1,9,0,5,0,0
21May18Camera2-Card1-8100_48.png,21May18Camera2-Card1-8100,4,5,2,4,2,0
21May18Camera2-Card1-8100_52.png,21May18Camera2-Card1-8100,3,6,2,4,2,0
21May18Camera2-Card1-8100_53.png,21May18Camera2-Card1-8100,1,7,0,4,0,0
21May18Camera2-Card1-8100_55.png,21May18Camera2-Card1-8100,3,6,1,3,1,0
21May18Camera2-Card1-8100_56.png,21May18Camera2-Card1-8100,1,7,1,4,1,0
21May18Camera2-Card1-8100_57.png,21May18Camera2-Card1-8100,2,4,2,3,2,0
21May18Camera2-Card1-8100_58.png,21May18Camera2-Card1-8100,1,6,0,1,0,0
21May18Camera2-Card1-8100_59.png,21May18Camera2-Card1-8100,3,8,0,8,1,1
21May18Camera2-Card1-8100_62.png,21May18Camera2-Card1-8100,1,8,1,6,1,0
21May18Camera2-Card1-8100_63.png,21May18Camera2-Card1-8100,4,11,2,7,3,1
21May18Camera2-Card1-8100_64.png,21May18Camera2-Card1-8100,3,5,1,4,2,1
21May18Camera2-Card1-8100_65.png,21May18Camera2-Card1-8100,2,7,2,6,2,0
21May18Camera2-Card1-8100_66.png,21May18Camera2-Card1-8100,3,10,2,6,2,0
21May18Camera2-Card1-8100_67.png,21May18Camera2-Card1-8100,5,8,3,8,4,1
21May18Camera2-Card1-8100_68.png,21May18Camera2-Card1-8100,6,7,4,7,4,0
21May18Camera2-Card1-8100_69.png,21May18Camera2-Card1-8100,2,8,1,7,1,0
21May18Camera2-Card1-8100_72.png,21May18Camera2-Card1-8100,1,9,1,9,1,0
21May18Camera2-Card1-8100_73.png,21May18Camera2-Card1-8100,2,14,1,15,2,1
21May18Camera2-Card1-8100_74.png,21May18Camera2-Card1-8100,1,8,1,7,0,-1
21May18Camera2-Card1-8100_75.png,21May18Camera2-Card1-8100,2,14,2,12,2,0
21May18Camera2-Card1-8100_76.png,21May18Camera2-Card1-8100,4,12,2,9,2,0
21May18Camera2-Card1-8100_77.png,21May18Camera2-Card1-8100,3,15,2,10,2,0
21May18Camera2-Card1-8100_78.png,21May18Camera2-Card1-8100,5,11,3,10,3,0
21May18Camera2-Card1-8100_79.png,21May18Camera2-Card1-8100,2,14,1,10,1,0
21May18Camera2-Card1-8100_8.png,21May18Camera2-Card1-8100,2,2,0,2,0,0
21May18Camera2-Card1-8100_81.png,21May18Camera2-Card1-8100,4,20,2,13,2,0
21May18Camera2-Card1-8100_82.png,21May18Camera2-Card1-8100,6,16,3,15,3,0
21May18Camera2-Card1-8100_83.png,21May18Camera2-Card1-8100,3,16,1,13,2,1
21May18Camera2-Card1-8100_86.png,21May18Camera2-Card1-8100,3,11,3,10,2,-1
21May18Camera2-Card1-8100_87.png,21May18Camera2-Card1-8100,1,16,0,13,0,0
21May18Camera2-Card1-8100_88.png,21May18Camera2-Card1-8100,3,19,2,16,2,0
21May18Camera2-Card1-8100_89.png,21May18Camera2-Card1-8100,1,16,1,15,1,0
21May18Camera2-Card1-8100_9.png,21May18Camera2-Card1-8100,1,1,0,2,0,0
21May18Camera2-Card1-8100_91.png,21May18Camera2-Card1-8100,4,12,2,8,2,0
21May18Camera2-Card1-8100_92.png,21May18Camera2-Card1-8100,3,14,0,14,2,2
21May18Camera2-Card1-8100_93.png,21May18Camera2-Card1-8100,1,8,0,9,1,1
21May18Camera2-Card1-8100_94.png,21May18Camera2-Card1-8100,1,16,1,12,1,0
21May18Camera2-Card1-8100_96.png,21May18Camera2-Card1-8100,3,13,1,10,1,0
21May18Camera2-Card1-8100_97.png,21May18Camera2-Card1-8100,2,13,1,14,1,0
21May18Camera2-Card1-8403_103.png,21May18Camera2-Card1-8403,4,11,2,5,2,0
21May18Camera2-Card1-8403_104.png,21May18Camera2-Card1-8403,15,17,2,11,2,0
21May18Camera2-Card1-8403_113.png,21May18Camera2-Card1-8403,2,6,1,6,1,0
21May18Camera2-Card1-8403_114.png,21May18Camera2-Card1-8403,16,16,5,11,5,0
21May18Camera2-Card1-8403_124.png,21May18Camera2-Card1-8403,2,20,0,17,0,0
21May18Camera2-Card1-8403_14.png,21May18Camera2-Card1-8403,2,12,0,12,0,0
21May18Camera2-Card1-8403_15.png,21May18Camera2-Card1-8403,3,8,0,13,1,1
21May18Camera2-Card1-8403_16.png,21May18Camera2-Card1-8403,9,21,3,21,4,1
21May18Camera2-Card1-8403_17.png,21May18Camera2-Card1-8403,6,15,2,15,3,1
21May18Camera2-Card1-8403_18.png,21May18Camera2-Card1-8403,19,26,10,25,10,0
21May18Camera2-Card1-8403_19.png,21May18Camera2-Card1-8403,8,13,1,17,3,2
21May18Camera2-Card1-8403_20.png,21May18Camera2-Card1-8403,10,9,3,15,5,2
21May18Camera2-Card1-8403_21.png,21May18Camera2-Card1-8403,8,18,2,13,2,0
21May18Camera2-Card1-8403_22.png,21May18Camera2-Card1-8403,2,12,1,9,1,0
21May18Camera2-Card1-8403_23.png,21May18Camera2-Card1-8403,4,16,1,16,1,0
21May18Camera2-Card1-8403_26.png,21May18Camera2-Card1-8403,14,21,3,23,7,4
21May18Camera2-Card1-8403_27.png,21May18Camera2-Card1-8403,24,15,6,18,10,4
21May18Camera2-Card1-8403_28.png,21May18Camera2-Card1-8403,25,22,10,23,13,3
21May18Camera2-Card1-8403_29.png,21May18Camera2-Card1-8403,18,17,7,17,8,1
21May18Camera2-Card1-8403_30.png,21May18Camera2-Card1-8403,10,18,2,16,5,3
21May18Camera2-Card1-8403_31.png,21May18Camera2-Card1-8403,19,23,3,16,3,0
21May18Camera2-Card1-8403_32.png,21May18Camera2-Card1-8403,3,14,2,11,1,-1
21May18Camera2-Card1-8403_33.png,21May18Camera2-Card1-8403,2,16,2,13,2,0
21May18Camera2-Card1-8403_34.png,21May18Camera2-Card1-8403,4,17,1,15,1,0
21May18Camera2-Card1-8403_35.png,21May18Camera2-Card1-8403,1,6,0,9,0,0
21May18Camera2-Card1-8403_36.png,21May18Camera2-Card1-8403,20,16,4,19,8,4
21May18Camera2-Card1-8403_37.png,21May18Camera2-Card1-8403,18,18,4,14,5,1
21May18Camera2-Card1-8403_38.png,21May18Camera2-Card1-8403,5,12,1,11,1,0
21May18Camera2-Card1-8403_39.png,21May18Camera2-Card1-8403,2,19,1,16,1,0
21May18Camera2-Card1-8403_40.png,21May18Camera2-Card1-8403,5,10,3,8,3,0
21May18Camera2-Card1-8403_41.png,21May18Camera2-Card1-8403,8,18,4,14,4,0
21May18Camera2-Card1-8403_42.png,21May18Camera2-Card1-8403,6,13,2,12,3,1
21May18Camera2-Card1-8403_43.png,21May18Camera2-Card1-8403,12,17,7,15,7,0
21May18Camera2-Card1-8403_44.png,21May18Camera2-Card1-8403,11,22,6,17,5,-1
21May18Camera2-Card1-8403_50.png,21May18Camera2-Card1-8403,16,19,8,17,10,2
21May18Camera2-Card1-8403_51.png,21May18Camera2-Card1-8403,6,16,0,10,0,0
21May18Camera2-Card1-8403_52.png,21May18Camera2-Card1-8403,5,16,0,11,0,0
21May18Camera2-Card1-8403_53.png,21May18Camera2-Card1-8403,4,12,3,9,3,0
21May18Camera2-Card1-8403_54.png,21May18Camera2-Card1-8403,4,17,3,10,2,-1
21May18Camera2-Card1-8403_60.png,21May18Camera2-Card1-8403,15,15,9,14,9,0
21May18Camera2-Card1-8403_61.png,21May18Camera2-Card1-8403,12,27,6,17,7,1
21May18Camera2-Card1-8403_62.png,21May18Camera2-Card1-8403,13,17,3,12,3,0
21May18Camera2-Card1-8403_63.png,21May18Camera2-Card1-8403,3,12,1,6,0,-1
21May18Camera2-Card1-8403_71.png,21May18Camera2-Card1-8403,16,30,9,24,9,0
21May18Camera2-Card1-8403_72.png,21May18Camera2-Card1-8403,24,18,7,20,10,3
21May18Camera2-Card1-8403_73.png,21May18Camera2-Card1-8403,5,11,1,9,2,1
21May18Camera2-Card1-8403_74.png,21May18Camera2-Card1-8403,3,9,1,10,1,0
21May18Camera2-Card1-8403_80.png,21May18Camera2-Card1-8403,1,19,0,8,0,0
21May18Camera2-Card1-8403_81.png,21May18Camera2-Card1-8403,1,16,0,9,0,0
21May18Camera2-Card1-8403_82.png,21May18Camera2-Card1-8403,12,20,3,19,3,0
21May18Camera2-Card1-8403_83.png,21May18Camera2-Card1-8403,16,25,6,21,7,1
21May18Camera2-Card1-8403_84.png,21May18Camera2-Card1-8403,20,17,3,17,4,1
21May18Camera2-Card1-8403_86.png,21May18Camera2-Card1-8403,1,15,0,14,1,1
21May18Camera2-Card1-8403_92.png,21May18Camera2-Card1-8403,2,17,1,13,1,0
21May18Camera2-Card1-8403_93.png,21May18Camera2-Card1-8403,8,25,3,13,2,-1
21May18Camera2-Card1-8403_94.png,21May18Camera2-Card1-8403,38,23,11,24,10,-1
21May18Camera2-Card1-8403_96.png,21May18Camera2-Card1-8403,2,18,0,16,0,0
23June10Camera1-Card2-0538_0.png,23June10Camera1-Card2-0538,23,5,0,9,0,0
23June10Camera1-Card2-0538_10.png,23June10Camera1-Card2-0538,16,9,1,7,1,0
23June10Camera1-Card2-0538_104.png,23June10Camera1-Card2-0538,2,13,0,13,0,0
23June10Camera1-Card2-0538_109.png,23June10Camera1-Card2-0538,2,11,1,9,1,0
23June10Camera1-Card2-0538_117.png,23June10Camera1-Card2-0538,1,11,1,18,1,0
23June10Camera1-Card2-0538_118.png,23June10Camera1-Card2-0538,2,16,0,15,0,0
23June10Camera1-Card2-0538_119.png,23June10Camera1-Card2-0538,2,13,0,14,0,0
23June10Camera1-Card2-0538_12.png,23June10Camera1-Card2-0538,1,6,1,17,1,0
23June10Camera1-Card2-0538_127.png,23June10Camera1-Card2-0538,5,6,0,12,0,0
23June10Camera1-Card2-0538_136.png,23June10Camera1-Card2-0538,3,10,0,14,1,1
23June10Camera1-Card2-0538_137.png,23June10Camera1-Card2-0538,3,8,0,13,0,0
23June10Camera1-Card2-0538_17.png,23June10Camera1-Card2-0538,7,8,1,8,1,0
23June10Camera1-Card2-0538_18.png,23June10Camera1-Card2-0538,3,9,1,5,1,0
23June10Camera1-Card2-0538_19.png,23June10Camera1-Card2-0538,2,8,1,5,1,0
23June10Camera1-Card2-0538_2.png,23June10Camera1-Card2-0538,3,10,2,11,2,0
23June10Camera1-Card2-0538_26.png,23June10Camera1-Card2-0538,1,11,1,10,1,0
23June10Camera1-Card2-0538_27.png,23June10Camera1-Card2-0538,3,12,0,5,0,0
23June10Camera1-Card2-0538_3.png,23June10Camera1-Card2-0538,2,7,1,11,1,0
23June10Camera1-Card2-0538_36.png,23June10Camera1-Card2-0538,1,12,1,10,1,0
23June10Camera1-Card2-0538_37.png,23June10Camera1-Card2-0538,2,12,1,8,1,0
23June10Camera1-Card2-0538_45.png,23June10Camera1-Card2-0538,1,4,0,10,0,0
23June10Camera1-Card2-0538_46.png,23June10Camera1-Card2-0538,2,11,1,9,1,0
23June10Camera1-Card2-0538_47.png,23June10Camera1-Card2-0538,3,10,1,15,1,0
23June10Camera1-Card2-0538_5.png,23June10Camera1-Card2-0538,1,6,1,16,1,0
23June10Camera1-Card2-0538_51.png,23June10Camera1-Card2-0538,2,12,0,11,0,0
23June10Camera1-Card2-0538_55.png,23June10Camera1-Card2-0538,4,9,1,8,1,0
23June10Camera1-Card2-0538_6.png,23June10Camera1-Card2-0538,1,7,1,9,1,0
23June10Camera1-Card2-0538_7.png,23June10Camera1-Card2-0538,1,7,1,11,1,0
23June10Camera1-Card2-0538_74.png,23June10Camera1-Card2-0538,3,10,0,13,0,0
23June10Camera1-Card2-0538_75.png,23June10Camera1-Card2-0538,1,7,1,9,1,0
23June10Camera1-Card2-0538_76.png,23June10Camera1-Card2-0538,2,12,0,13,0,0
23June10Camera1-Card2-0538_8.png,23June10Camera1-Card2-0538,1,8,1,7,1,0
23June10Camera1-Card2-0538_83.png,23June10Camera1-Card2-0538,2,9,0,13,0,0
23June10Camera1-Card2-0538_84.png,23June10Camera1-Card2-0538,5,15,0,11,1,1
23June10Camera1-Card2-0538_90.png,23June10Camera1-Card2-0538,2,8,1,12,1,0
23June10Camera1-Card2-0538_91.png,23June10Camera1-Card2-0538,5,10,2,11,2,0
23June10Camera1-Card2-0538_92.png,23June10Camera1-Card2-0538,3,11,0,13,0,0
23June18Camera1-Card1-07470_100.png,23June18Camera1-Card1-07470,4,10,0,3,0,0
23June18Camera1-Card1-07470_20.png,23June18Camera1-Card1-07470,2,1,0,0,0,0
23June18Camera1-Card1-07470_36.png,23June18Camera1-Card1-07470,1,2,0,2,1,1
23June18Camera1-Card1-07470_40.png,23June18Camera1-Card1-07470,1,3,1,3,1,0
23June18Camera1-Card1-07470_44.png,23June18Camera1-Card1-07470,4,5,1,5,2,1
23June18Camera1-Card1-07470_45.png,23June18Camera1-Card1-07470,4,13,0,10,3,3
23June18Camera1-Card1-07470_46.png,23June18Camera1-Card1-07470,9,11,4,9,5,1
23June18Camera1-Card1-07470_47.png,23June18Camera1-Card1-07470,8,7,2,7,5,3
23June18Camera1-Card1-07470_48.png,23June18Camera1-Card1-07470,4,6,1,6,2,1
23June18Camera1-Card1-07470_49.png,23June18Camera1-Card1-07470,1,3,1,2,1,0
23June18Camera1-Card1-07470_50.png,23June18Camera1-Card1-07470,3,5,2,4,2,0
23June18Camera1-Card1-07470_51.png,23June18Camera1-Card1-07470,6,8,1,6,3,2
23June18Camera1-Card1-07470_52.png,23June18Camera1-Card1-07470,4,11,2,7,3,1
23June18Camera1-Card1-07470_53.png,23June18Camera1-Card1-07470,13,11,3,11,8,5
23June18Camera1-Card1-07470_54.png,23June18Camera1-Card1-07470,11,14,3,13,5,2
23June18Camera1-Card1-07470_55.png,23June18Camera1-Card1-07470,13,16,4,13,7,3
23June18Camera1-Card1-07470_56.png,23June18Camera1-Card1-07470,9,11,4,7,5,1
23June18Camera1-Card1-07470_57.png,23June18Camera1-Card1-07470,8,8,1,5,4,3
23June18Camera1-Card1-07470_58.png,23June18Camera1-Card1-07470,9,10,5,7,6,1
23June18Camera1-Card1-07470_59.png,23June18Camera1-Card1-07470,14,13,4,10,7,3
23June18Camera1-Card1-07470_60.png,23June18Camera1-Card1-07470,5,6,3,6,5,2
23June18Camera1-Card1-07470_61.png,23June18Camera1-Card1-07470,11,14,3,9,6,3
23June18Camera1-Card1-07470_62.png,23June18Camera1-Card1-07470,15,12,6,9,8,2
23June18Camera1-Card1-07470_63.png,23June18Camera1-Card1-07470,9,11,1,9,2,1
23June18Camera1-Card1-07470_64.png,23June18Camera1-Card1-07470,7,6,1,7,3,2
23June18Camera1-Card1-07470_65.png,23June18Camera1-Card1-07470,4,7,1,4,3,2
23June18Camera1-Card1-07470_66.png,23June18Camera1-Card1-07470,1,8,1,3,1,0
23June18Camera1-Card1-07470_69.png,23June18Camera1-Card1-07470,4,11,1,9,2,1
23June18Camera1-Card1-07470_70.png,23June18Camera1-Card1-07470,2,5,0,3,0,0
23June18Camera1-Card1-07470_71.png,23June18Camera1-Card1-07470,3,5,0,4,3,3
23June18Camera1-Card1-07470_72.png,23June18Camera1-Card1-07470,3,5,0,4,1,1
23June18Camera1-Card1-07470_78.png,23June18Camera1-Card1-07470,2,12,0,6,0,0
23June18Camera1-Card1-07470_79.png,23June18Camera1-Card1-07470,6,9,0,5,0,0
23June18Camera1-Card1-07470_89.png,23June18Camera1-Card1-07470,3,9,0,2,0,0
23June18Camera1-Card1-07470_90.png,23June18Camera1-Card1-07470,2,7,0,4,0,0
23June18Camera1-Card1-07802_0.png,23June18Camera1-Card1-07802,10,16,4,9,3,-1
23June18Camera1-Card1-07802_1.png,23June18Camera1-Card1-07802,6,12,3,11,3,0
23June18Camera1-Card1-07802_10.png,23June18Camera1-Card1-07802,1,9,1,4,1,0
23June18Camera1-Card1-07802_103.png,23June18Camera1-Card1-07802,3,8,1,3,1,0
23June18Camera1-Card1-07802_107.png,23June18Camera1-Card1-07802,4,11,0,7,1,1
23June18Camera1-Card1-07802_11.png,23June18Camera1-Card1-07802,2,10,1,10,1,0
23June18Camera1-Card1-07802_115.png,23June18Camera1-Card1-07802,2,6,1,1,1,0
23June18Camera1-Card1-07802_116.png,23June18Camera1-Card1-07802,7,12,1,8,2,1
23June18Camera1-Card1-07802_117.png,23June18Camera1-Card1-07802,7,10,1,8,2,1
23June18Camera1-Card1-07802_12.png,23June18Camera1-Card1-07802,6,14,2,8,2,0
23June18Camera1-Card1-07802_125.png,23June18Camera1-Card1-07802,3,5,0,2,1,1
23June18Camera1-Card1-07802_128.png,23June18Camera1-Card1-07802,3,2,1,1,1,0
23June18Camera1-Card1-07802_13.png,23June18Camera1-Card1-07802,2,9,0,4,1,1
23June18Camera1-Card1-07802_2.png,23June18Camera1-Card1-07802,9,12,3,10,3,0
23June18Camera1-Card1-07802_21.png,23June18Camera1-Card1-07802,5,13,1,11,2,1
23June18Camera1-Card1-07802_22.png,23June18Camera1-Card1-07802,12,13,4,12,4,0
23June18Camera1-Card1-07802_23.png,23June18Camera1-Card1-07802,10,15,4,10,5,1
23June18Camera1-Card1-07802_32.png,23June18Camera1-Card1-07802,8,10,3,8,2,-1
23June18Camera1-Card1-07802_33.png,23June18Camera1-Card1-07802,2,11,0,8,1,1
23June18Camera1-Card1-07802_37.png,23June18Camera1-Card1-07802,7,15,0,2,0,0
23June18Camera1-Card1-07802_42.png,23June18Camera1-Card1-07802,10,12,2,6,5,3
23June18Camera1-Card1-07802_43.png,23June18Camera1-Card1-07802,2,13,1,9,1,0
23June18Camera1-Card1-07802_47.png,23June18Camera1-Card1-07802,18,13,0,2,0,0
23June18Camera1-Card1-07802_52.png,23June18Camera1-Card1-07802,9,14,2,8,4,2
23June18Camera1-Card1-07802_53.png,23June18Camera1-Card1-07802,2,19,0,5,1,1
23June18Camera1-Card1-07802_57.png,23June18Camera1-Card1-07802,8,7,0,0,0,0
23June18Camera1-Card1-07802_58.png,23June18Camera1-Card1-07802,10,7,0,1,0,0
23June18Camera1-Card1-07802_62.png,23June18Camera1-Card1-07802,2,6,1,4,1,0
23June18Camera1-Card1-07802_67.png,23June18Camera1-Card1-07802,1,5,0,0,0,0
23June18Camera1-Card1-07802_74.png,23June18Camera1-Card1-07802,2,23,0,9,1,1
23June18Camera1-Card1-07802_76.png,23June18Camera1-Card1-07802,2,7,1,2,1,0
23June18Camera1-Card1-07802_77.png,23June18Camera1-Card1-07802,2,5,1,3,1,0
23June18Camera1-Card1-07802_78.png,23June18Camera1-Card1-07802,2,11,1,5,1,0
23June18Camera1-Card1-07802_86.png,23June18Camera1-Card1-07802,5,16,1,11,3,2
23June18Camera1-Card1-07802_87.png,23June18Camera1-Card1-07802,3,14,1,10,2,1
23June18Camera1-Card1-07802_88.png,23June18Camera1-Card1-07802,4,7,2,4,2,0
23June18Camera1-Card1-07802_96.png,23June18Camera1-Card1-07802,7,15,2,13,3,1
23June18Camera1-Card1-07802_97.png,23June18Camera1-Card1-07802,4,9,1,7,1,0
23June18Camera1-Card1-07802_98.png,23June18Camera1-Card1-07802,4,6,1,4,1,0
23June18Camera1-Card1-07850_19.png,23June18Camera1-Card1-07850,3,3,0,4,0,0
23June18Camera1-Card1-07850_74.png,23June18Camera1-Card1-07850,1,7,0,5,1,1
23June18Camera1-Card1-07850_75.png,23June18Camera1-Card1-07850,2,6,1,5,1,0
23June18Camera1-Card1-07850_83.png,23June18Camera1-Card1-07850,2,3,1,3,1,0
23June18Camera1-Card1-07850_85.png,23June18Camera1-Card1-07850,1,6,1,4,1,0
23June18Camera1-Card1-07850_9.png,23June18Camera1-Card1-07850,4,1,0,3,0,0
23June18Camera1-Card1-08679_103.png,23June18Camera1-Card1-08679,1,7,1,5,1,0
23June18Camera1-Card1-08679_11.png,23June18Camera1-Card1-08679,1,4,1,4,1,0
23June18Camera1-Card1-08679_123.png,23June18Camera1-Card1-08679,1,3,1,4,1,0
23June18Camera1-Card1-08679_17.png,23June18Camera1-Card1-08679,4,12,1,8,1,0
23June18Camera1-Card1-08679_6.png,23June18Camera1-Card1-08679,1,9,0,9,0,0
23June18Camera1-Card1-08679_61.png,23June18Camera1-Card1-08679,1,2,1,2,1,0
23June18Camera1-Card1-08679_7.png,23June18Camera1-Card1-08679,3,10,0,6,2,2
23June18Camera1-Card1-08679_71.png,23June18Camera1-Card1-08679,1,6,1,5,1,0
23June18Camera1-Card1-08679_72.png,23June18Camera1-Card1-08679,1,9,0,8,0,0
23June18Camera1-Card1-08679_74.png,23June18Camera1-Card1-08679,2,5,1,3,1,0
23June18Camera1-Card1-08679_75.png,23June18Camera1-Card1-08679,2,4,1,2,1,0
23June18Camera1-Card1-08679_82.png,23June18Camera1-Card1-08679,3,16,1,15,1,0
23June18Camera1-Card1-08679_83.png,23June18Camera1-Card1-08679,1,13,0,11,0,0
23June18Camera1-Card1-08679_84.png,23June18Camera1-Card1-08679,1,13,1,12,1,0
23June18Camera1-Card1-08679_92.png,23June18Camera1-Card1-08679,5,18,3,15,3,0
23June18Camera1-Card1-08679_93.png,23June18Camera1-Card1-08679,1,20,1,17,1,0
23June18Camera1-Card1-08679_94.png,23June18Camera1-Card1-08679,2,14,2,13,2,0
23May13Camera2-Card1-0504_1.png,23May13Camera2-Card1-0504,2,7,1,7,1,0
23May13Camera2-Card1-0504_100.png,23May13Camera2-Card1-0504,16,16,7,12,7,0
23May13Camera2-Card1-0504_101.png,23May13Camera2-Card1-0504,8,11,3,9,4,1
23May13Camera2-Card1-0504_103.png,23May13Camera2-Card1-0504,4,8,1,8,1,0
23May13Camera2-Card1-0504_105.png,23May13Camera2-Card1-0504,5,9,2,7,3,1
23May13Camera2-Card1-0504_106.png,23May13Camera2-Card1-0504,8,9,4,9,4,0
23May13Camera2-Card1-0504_107.png,23May13Camera2-Card1-0504,3,7,1,9,1,0
23May13Camera2-Card1-0504_108.png,23May13Camera2-Card1-0504,2,5,0,11,1,1
23May13Camera2-Card1-0504_110.png,23May13Camera2-Card1-0504,11,11,5,13,5,0
23May13Camera2-Card1-0504_114.png,23May13Camera2-Card1-0504,3,3,0,6,1,1
23May13Camera2-Card1-0504_115.png,23May13Camera2-Card1-0504,6,7,3,5,3,0
23May13Camera2-Card1-0504_118.png,23May13Camera2-Card1-0504,5,7,1,10,2,1
23May13Camera2-Card1-0504_119.png,23May13Camera2-Card1-0504,1,8,0,12,1,1
23May13Camera2-Card1-0504_12.png,23May13Camera2-Card1-0504,2,5,1,7,1,0
23May13Camera2-Card1-0504_120.png,23May13Camera2-Card1-0504,2,5,1,9,1,0
23May13Camera2-Card1-0504_121.png,23May13Camera2-Card1-0504,27,5,0,10,2,2
23May13Camera2-Card1-0504_125.png,23May13Camera2-Card1-0504,2,8,0,5,1,1
23May13Camera2-Card1-0504_131.png,23May13Camera2-Card1-0504,32,3,0,2,0,0
23May13Camera2-Card1-0504_141.png,23May13Camera2-Card1-0504,5,6,0,2,0,0
23May13Camera2-Card1-0504_151.png,23May13Camera2-Card1-0504,2,4,0,3,0,0
23May13Camera2-Card1-0504_24.png,23May13Camera2-Card1-0504,2,11,0,11,2,2
23May13Camera2-Card1-0504_30.png,23May13Camera2-Card1-0504,3,3,1,3,2,1
23May13Camera2-Card1-0504_33.png,23May13Camera2-Card1-0504,1,10,1,8,1,0
23May13Camera2-Card1-0504_35.png,23May13Camera2-Card1-0504,4,15,1,13,3,2
23May13Camera2-Card1-0504_41.png,23May13Camera2-Card1-0504,4,3,2,5,2,0
23May13Camera2-Card1-0504_42.png,23May13Camera2-Card1-0504,8,12,3,12,3,0
23May13Camera2-Card1-0504_43.png,23May13Camera2-Card1-0504,8,13,4,11,3,-1
23May13Camera2-Card1-0504_44.png,23May13Camera2-Card1-0504,5,10,2,6,2,0
23May13Camera2-Card1-0504_45.png,23May13Camera2-Card1-0504,1,6,0,5,0,0
23May13Camera2-Card1-0504_49.png,23May13Camera2-Card1-0504,3,10,0,7,2,2
23May13Camera2-Card1-0504_5.png,23May13Camera2-Card1-0504,4,12,0,14,1,1
23May13Camera2-Card1-0504_51.png,23May13Camera2-Card1-0504,10,9,3,8,3,0
23May13Camera2-Card1-0504_52.png,23May13Camera2-Card1-0504,9,14,3,10,4,1
23May13Camera2-Card1-0504_53.png,23May13Camera2-Card1-0504,8,10,4,8,3,-1
23May13Camera2-Card1-0504_54.png,23May13Camera2-Card1-0504,11,12,3,8,3,0
23May13Camera2-Card1-0504_56.png,23May13Camera2-Card1-0504,2,8,0,3,0,0
23May13Camera2-Card1-0504_57.png,23May13Camera2-Card1-0504,4,11,1,6,1,0
23May13Camera2-Card1-0504_58.png,23May13Camera2-Card1-0504,3,8,2,9,2,0
23May13Camera2-Card1-0504_59.png,23May13Camera2-Card1-0504,2,11,1,12,2,1
23May13Camera2-Card1-0504_6.png,23May13Camera2-Card1-0504,4,8,0,12,1,1
23May13Camera2-Card1-0504_60.png,23May13Camera2-Card1-0504,3,7,1,5,1,0
23May13Camera2-Card1-0504_62.png,23May13Camera2-Card1-0504,3,8,1,7,2,1
23May13Camera2-Card1-0504_63.png,23May13Camera2-Card1-0504,12,12,4,10,4,0
23May13Camera2-Card1-0504_64.png,23May13Camera2-Card1-0504,4,8,2,5,3,1
23May13Camera2-Card1-0504_65.png,23May13Camera2-Card1-0504,5,4,1,4,1,0
23May13Camera2-Card1-0504_66.png,23May13Camera2-Card1-0504,6,9,2,6,2,0
23May13Camera2-Card1-0504_67.png,23May13Camera2-Card1-0504,4,6,1,6,2,1
23May13Camera2-Card1-0504_68.png,23May13Camera2-Card1-0504,3,10,2,10,2,0
23May13Camera2-Card1-0504_69.png,23May13Camera2-Card1-0504,5,11,2,9,2,0
23May13Camera2-Card1-0504_70.png,23May13Camera2-Card1-0504,8,14,4,8,3,-1
23May13Camera2-Card1-0504_71.png,23May13Camera2-Card1-0504,8,8,3,5,4,1
23May13Camera2-Card1-0504_72.png,23May13Camera2-Card1-0504,5,7,2,6,2,0
23May13Camera2-Card1-0504_73.png,23May13Camera2-Card1-0504,6,11,2,11,3,1
23May13Camera2-Card1-0504_74.png,23May13Camera2-Card1-0504,12,11,6,11,6,0
23May13Camera2-Card1-0504_75.png,23May13Camera2-Card1-0504,17,14,6,12,6,0
23May13Camera2-Card1-0504_76.png,23May13Camera2-Card1-0504,15,10,5,12,6,1
23May13Camera2-Card1-0504_77.png,23May13Camera2-Card1-0504,2,6,0,6,0,0
23May13Camera2-Card1-0504_78.png,23May13Camera2-Card1-0504,5,9,2,11,2,0
23May13Camera2-Card1-0504_79.png,23May13Camera2-Card1-0504,7,10,4,10,3,-1
23May13Camera2-Card1-0504_80.png,23May13Camera2-Card1-0504,1,10,1,9,1,0
23May13Camera2-Card1-0504_81.png,23May13Camera2-Card1-0504,6,9,3,8,3,0
23May13Camera2-Card1-0504_82.png,23May13Camera2-Card1-0504,2,10,1,8,1,0
23May13Camera2-Card1-0504_83.png,23May13Camera2-Card1-0504,9,12,4,10,4,0
23May13Camera2-Card1-0504_84.png,23May13Camera2-Card1-0504,6,9,3,4,3,0
23May13Camera2-Card1-0504_85.png,23May13Camera2-Card1-0504,4,11,2,6,2,0
23May13Camera2-Card1-0504_86.png,23May13Camera2-Card1-0504,12,10,6,11,6,0
23May13Camera2-Card1-0504_87.png,23May13Camera2-Card1-0504,10,8,4,12,4,0
23May13Camera2-Card1-0504_88.png,23May13Camera2-Card1-0504,6,14,3,11,3,0
23May13Camera2-Card1-0504_90.png,23May13Camera2-Card1-0504,4,8,3,7,3,0
23May13Camera2-Card1-0504_91.png,23May13Camera2-Card1-0504,13,12,4,11,6,2
23May13Camera2-Card1-0504_92.png,23May13Camera2-Card1-0504,2,8,1,6,1,0
23May13Camera2-Card1-0504_93.png,23May13Camera2-Card1-0504,3,12,2,11,2,0
23May13Camera2-Card1-0504_94.png,23May13Camera2-Card1-0504,2,8,1,5,1,0
23May13Camera2-Card1-0504_95.png,23May13Camera2-Card1-0504,5,10,2,7,2,0
23May13Camera2-Card1-0504_96.png,23May13Camera2-Card1-0504,6,8,2,5,2,0
23May13Camera2-Card1-0504_97.png,23May13Camera2-Card1-0504,3,5,1,3,1,0
23May13Camera2-Card1-0504_98.png,23May13Camera2-Card1-0504,5,7,1,9,1,0
23May13Camera2-Card1-0504_99.png,23May13Camera2-Card1-0504,2,12,1,12,2,1
23May13Camera2-Card1-0649_100.png,23May13Camera2-Card1-0649,4,15,1,15,2,1
23May13Camera2-Card1-0649_101.png,23May13Camera2-Card1-0649,10,10,3,15,4,1
23May13Camera2-Card1-0649_102.png,23May13Camera2-Card1-0649,3,12,1,11,1,0
23May13Camera2-Card1-0649_103.png,23May13Camera2-Card1-0649,4,8,2,5,1,-1
23May13Camera2-Card1-0649_104.png,23May13Camera2-Card1-0649,4,6,1,6,1,0
23May13Camera2-Card1-0649_106.png,23May13Camera2-Card1-0649,3,11,2,7,1,-1
23May13Camera2-Card1-0649_107.png,23May13Camera2-Card1-0649,4,9,1,11,0,-1
23May13Camera2-Card1-0649_108.png,23May13Camera2-Card1-0649,5,16,1,14,1,0
23May13Camera2-Card1-0649_109.png,23May13Camera2-Card1-0649,5,8,3,8,2,-1
23May13Camera2-Card1-0649_110.png,23May13Camera2-Card1-0649,5,15,1,13,1,0
23May13Camera2-Card1-0649_111.png,23May13Camera2-Card1-0649,6,14,1,13,0,-1
23May13Camera2-Card1-0649_112.png,23May13Camera2-Card1-0649,1,10,0,12,0,0
23May13Camera2-Card1-0649_113.png,23May13Camera2-Card1-0649,5,10,1,8,1,0
23May13Camera2-Card1-0649_114.png,23May13Camera2-Card1-0649,7,7,2,7,2,0
23May13Camera2-Card1-0649_115.png,23May13Camera2-Card1-0649,2,5,1,4,1,0
23May13Camera2-Card1-0649_116.png,23May13Camera2-Card1-0649,7,11,2,11,1,-1
23May13Camera2-Card1-0649_117.png,23May13Camera2-Card1-0649,15,20,7,20,3,-4
23May13Camera2-Card1-0649_118.png,23May13Camera2-Card1-0649,1,14,1,12,0,-1
23May13Camera2-Card1-0649_12.png,23May13Camera2-Card1-0649,2,1,0,0,0,0
23May13Camera2-Card1-0649_120.png,23May13Camera2-Card1-0649,4,8,0,15,0,0
23May13Camera2-Card1-0649_121.png,23May13Camera2-Card1-0649,7,16,1,15,0,-1
23May13Camera2-Card1-0649_122.png,23May13Camera2-Card1-0649,7,12,2,9,0,-2
23May13Camera2-Card1-0649_123.png,23May13Camera2-Card1-0649,4,7,2,9,3,1
23May13Camera2-Card1-0649_124.png,23May13Camera2-Card1-0649,6,9,2,9,2,0
23May13Camera2-Card1-0649_125.png,23May13Camera2-Card1-0649,5,7,3,8,1,-2
23May13Camera2-Card1-0649_126.png,23May13Camera2-Card1-0649,4,9,1,7,1,0
23May13Camera2-Card1-0649_127.png,23May13Camera2-Card1-0649,2,11,1,14,0,-1
23May13Camera2-Card1-0649_129.png,23May13Camera2-Card1-0649,1,5,0,4,0,0
23May13Camera2-Card1-0649_130.png,23May13Camera2-Card1-0649,3,9,2,17,2,0
23May13Camera2-Card1-0649_132.png,23May13Camera2-Card1-0649,7,12,3,11,1,-2
23May13Camera2-Card1-0649_133.png,23May13Camera2-Card1-0649,14,13,6,15,6,0
23May13Camera2-Card1-0649_134.png,23May13Camera2-Card1-0649,8,15,4,16,2,-2
23May13Camera2-Card1-0649_135.png,23May13Camera2-Card1-0649,2,5,2,6,2,0
23May13Camera2-Card1-0649_136.png,23May13Camera2-Card1-0649,5,3,2,4,2,0
23May13Camera2-Card1-0649_137.png,23May13Camera2-Card1-0649,4,5,1,3,0,-1
23May13Camera2-Card1-0649_141.png,23May13Camera2-Card1-0649,2,14,0,14,1,1
23May13Camera2-Card1-0649_142.png,23May13Camera2-Card1-0649,9,15,3,14,2,-1
23May13Camera2-Card1-0649_143.png,23May13Camera2-Card1-0649,11,14,6,12,6,0
23May13Camera2-Card1-0649_144.png,23May13Camera2-Card1-0649,4,6,3,6,3,0
23May13Camera2-Card1-0649_145.png,23May13Camera2-Card1-0649,3,5,2,6,2,0
23May13Camera2-Card1-0649_146.png,23May13Camera2-Card1-0649,2,6,1,6,1,0
23May13Camera2-Card1-0649_147.png,23May13Camera2-Card1-0649,1,13,1,8,0,-1
23May13Camera2-Card1-0649_148.png,23May13Camera2-Card1-0649,1,7,0,7,0,0
23May13Camera2-Card1-0649_149.png,23May13Camera2-Card1-0649,5,11,1,9,0,-1
23May13Camera2-Card1-0649_151.png,23May13Camera2-Card1-0649,2,13,0,15,1,1
23May13Camera2-Card1-0649_152.png,23May13Camera2-Card1-0649,9,13,2,14,3,1
23May13Camera2-Card1-0649_153.png,23May13Camera2-Card1-0649,12,14,7,13,6,-1
23May13Camera2-Card1-0649_154.png,23May13Camera2-Card1-0649,4,6,3,7,3,0
23May13Camera2-Card1-0649_155.png,23May13Camera2-Card1-0649,3,6,2,6,2,0
23May13Camera2-Card1-0649_156.png,23May13Camera2-Card1-0649,2,6,1,6,1,0
23May13Camera2-Card1-0649_157.png,23May13Camera2-Card1-0649,1,12,1,9,0,-1
23May13Camera2-Card1-0649_158.png,23May13Camera2-Card1-0649,1,7,0,7,0,0
23May13Camera2-Card1-0649_159.png,23May13Camera2-Card1-0649,5,8,2,9,0,-2
23May13Camera2-Card1-0649_33.png,23May13Camera2-Card1-0649,1,1,0,0,0,0
23May13Camera2-Card1-0649_46.png,23May13Camera2-Card1-0649,1,5,1,5,0,-1
23May13Camera2-Card1-0649_47.png,23May13Camera2-Card1-0649,3,9,0,10,0,0
23May13Camera2-Card1-0649_57.png,23May13Camera2-Card1-0649,1,12,1,10,1,0
23May13Camera2-Card1-0649_58.png,23May13Camera2-Card1-0649,6,15,3,12,0,-3
23May13Camera2-Card1-0649_68.png,23May13Camera2-Card1-0649,2,6,0,10,0,0
23May13Camera2-Card1-0649_70.png,23May13Camera2-Card1-0649,2,3,2,2,2,0
23May13Camera2-Card1-0649_71.png,23May13Camera2-Card1-0649,1,4,1,4,1,0
23May13Camera2-Card1-0649_78.png,23May13Camera2-Card1-0649,1,7,0,12,0,0
23May13Camera2-Card1-0649_79.png,23May13Camera2-Card1-0649,6,10,0,10,2,2
23May13Camera2-Card1-0649_80.png,23May13Camera2-Card1-0649,9,11,3,13,4,1
23May13Camera2-Card1-0649_89.png,23May13Camera2-Card1-0649,3,12,1,12,1,0
23May13Camera2-Card1-0649_90.png,23May13Camera2-Card1-0649,9,19,4,25,4,0
23May13Camera2-Card1-0649_91.png,23May13Camera2-Card1-0649,9,11,3,14,2,-1
23May13Camera2-Card1-0649_92.png,23May13Camera2-Card1-0649,6,8,1,11,1,0
23May13Camera2-Card1-0649_93.png,23May13Camera2-Card1-0649,5,11,0,10,0,0
23May13Camera2-Card1-0649_95.png,23May13Camera2-Card1-0649,1,9,1,4,1,0
23May13Camera2-Card1-0649_96.png,23May13Camera2-Card1-0649,2,14,1,13,0,-1
23May13Camera2-Card1-0649_97.png,23May13Camera2-Card1-0649,4,20,0,16,0,0
23May13Camera2-Card1-0649_98.png,23May13Camera2-Card1-0649,7,16,2,16,0,-2
23May13Camera2-Card1-0649_99.png,23May13Camera2-Card1-0649,3,10,2,12,0,-2
23May13Camera2-Card1-0730_1.png,23May13Camera2-Card1-0730,1,6,1,11,1,0
23May13Camera2-Card1-0730_10.png,23May13Camera2-Card1-0730,9,11,2,13,3,1
23May13Camera2-Card1-0730_100.png,23May13Camera2-Card1-0730,1,4,1,4,1,0
23May13Camera2-Card1-0730_101.png,23May13Camera2-Card1-0730,5,7,4,12,4,0
23May13Camera2-Card1-0730_102.png,23May13Camera2-Card1-0730,1,4,0,8,1,1
23May13Camera2-Card1-0730_11.png,23May13Camera2-Card1-0730,9,18,4,21,7,3
23May13Camera2-Card1-0730_110.png,23May13Camera2-Card1-0730,1,11,1,10,1,0
23May13Camera2-Card1-0730_111.png,23May13Camera2-Card1-0730,7,11,1,15,4,3
23May13Camera2-Card1-0730_112.png,23May13Camera2-Card1-0730,1,2,0,3,1,1
23May13Camera2-Card1-0730_116.png,23May13Camera2-Card1-0730,16,4,0,4,0,0
23May13Camera2-Card1-0730_12.png,23May13Camera2-Card1-0730,10,10,3,14,5,2
23May13Camera2-Card1-0730_120.png,23May13Camera2-Card1-0730,4,5,2,8,3,1
23May13Camera2-Card1-0730_121.png,23May13Camera2-Card1-0730,1,4,1,5,1,0
23May13Camera2-Card1-0730_126.png,23May13Camera2-Card1-0730,35,5,1,5,1,0
23May13Camera2-Card1-0730_127.png,23May13Camera2-Card1-0730,2,20,0,18,0,0
23May13Camera2-Card1-0730_13.png,23May13Camera2-Card1-0730,6,7,1,10,3,2
23May13Camera2-Card1-0730_135.png,23May13Camera2-Card1-0730,18,2,1,2,1,0
23May13Camera2-Card1-0730_136.png,23May13Camera2-Card1-0730,20,2,0,2,0,0
23May13Camera2-Card1-0730_138.png,23May13Camera2-Card1-0730,4,13,0,15,0,0
23May13Camera2-Card1-0730_139.png,23May13Camera2-Card1-0730,10,4,0,1,0,0
23May13Camera2-Card1-0730_14.png,23May13Camera2-Card1-0730,1,5,0,6,0,0
23May13Camera2-Card1-0730_145.png,23May13Camera2-Card1-0730,21,1,0,4,0,0
23May13Camera2-Card1-0730_146.png,23May13Camera2-Card1-0730,1,4,0,5,0,0
23May13Camera2-Card1-0730_148.png,23May13Camera2-Card1-0730,16,11,0,11,0,0
23May13Camera2-Card1-0730_149.png,23May13Camera2-Card1-0730,16,4,0,1,0,0
23May13Camera2-Card1-0730_155.png,23May13Camera2-Card1-0730,20,6,0,4,0,0
23May13Camera2-Card1-0730_158.png,23May13Camera2-Card1-0730,17,9,0,12,0,0
23May13Camera2-Card1-0730_159.png,23May13Camera2-Card1-0730,15,3,0,0,0,0
23May13Camera2-Card1-0730_16.png,23May13Camera2-Card1-0730,2,5,0,6,1,1
23May13Camera2-Card1-0730_2.png,23May13Camera2-Card1-0730,1,1,0,8,1,1
23May13Camera2-Card1-0730_20.png,23May13Camera2-Card1-0730,11,10,3,15,5,2
23May13Camera2-Card1-0730_21.png,23May13Camera2-Card1-0730,5,6,2,7,3,1
23May13Camera2-Card1-0730_22.png,23May13Camera2-Card1-0730,9,9,4,10,7,3
23May13Camera2-Card1-0730_23.png,23May13Camera2-Card1-0730,12,4,1,13,7,6
23May13Camera2-Card1-0730_24.png,23May13Camera2-Card1-0730,4,5,1,6,1,0
23May13Camera2-Card1-0730_25.png,23May13Camera2-Card1-0730,3,3,0,7,3,3
23May13Camera2-Card1-0730_27.png,23May13Camera2-Card1-0730,1,3,0,3,0,0
23May13Camera2-Card1-0730_29.png,23May13Camera2-Card1-0730,4,4,0,9,1,1
23May13Camera2-Card1-0730_3.png,23May13Camera2-Card1-0730,6,6,2,9,5,3
23May13Camera2-Card1-0730_30.png,23May13Camera2-Card1-0730,9,17,3,22,6,3
23May13Camera2-Card1-0730_31.png,23May13Camera2-Card1-0730,11,12,2,14,8,6
23May13Camera2-Card1-0730_32.png,23May13Camera2-Card1-0730,1,3,0,5,0,0
23May13Camera2-Card1-0730_33.png,23May13Camera2-Card1-0730,2,4,1,6,1,0
23May13Camera2-Card1-0730_34.png,23May13Camera2-Card1-0730,5,6,3,6,3,0
23May13Camera2-Card1-0730_35.png,23May13Camera2-Card1-0730,4,3,1,9,2,1
23May13Camera2-Card1-0730_38.png,23May13Camera2-Card1-0730,14,6,0,12,1,1
23May13Camera2-Card1-0730_39.png,23May13Camera2-Card1-0730,7,11,0,14,0,0
23May13Camera2-Card1-0730_4.png,23May13Camera2-Card1-0730,3,15,1,15,2,1
23May13Camera2-Card1-0730_40.png,23May13Camera2-Card1-0730,19,14,6,23,14,8
23May13Camera2-Card1-0730_41.png,23May13Camera2-Card1-0730,17,19,3,29,10,7
23May13Camera2-Card1-0730_42.png,23May13Camera2-Card1-0730,6,11,0,13,0,0
23May13Camera2-Card1-0730_44.png,23May13Camera2-Card1-0730,1,3,0,3,0,0
23May13Camera2-Card1-0730_45.png,23May13Camera2-Card1-0730,1,5,1,5,1,0
23May13Camera2-Card1-0730_48.png,23May13Camera2-Card1-0730,11,9,0,15,1,1
23May13Camera2-Card1-0730_50.png,23May13Camera2-Card1-0730,8,16,3,18,5,2
23May13Camera2-Card1-0730_51.png,23May13Camera2-Card1-0730,12,8,3,11,5,2
23May13Camera2-Card1-0730_52.png,23May13Camera2-Card1-0730,2,5,1,8,1,0
23May13Camera2-Card1-0730_53.png,23May13Camera2-Card1-0730,3,2,0,4,2,2
23May13Camera2-Card1-0730_54.png,23May13Camera2-Card1-0730,3,6,0,8,2,2
23May13Camera2-Card1-0730_55.png,23May13Camera2-Card1-0730,4,5,2,8,2,0
23May13Camera2-Card1-0730_56.png,23May13Camera2-Card1-0730,1,4,0,6,1,1
23May13Camera2-Card1-0730_58.png,23May13Camera2-Card1-0730,13,5,0,7,0,0
23May13Camera2-Card1-0730_6.png,23May13Camera2-Card1-0730,1,2,0,4,1,1
23May13Camera2-Card1-0730_60.png,23May13Camera2-Card1-0730,5,10,2,12,3,1
23May13Camera2-Card1-0730_61.png,23May13Camera2-Card1-0730,8,12,1,14,4,3
23May13Camera2-Card1-0730_62.png,23May13Camera2-Card1-0730,1,1,0,3,1,1
23May13Camera2-Card1-0730_63.png,23May13Camera2-Card1-0730,2,4,1,3,1,0
23May13Camera2-Card1-0730_64.png,23May13Camera2-Card1-0730,1,3,0,4,1,1
23May13Camera2-Card1-0730_68.png,23May13Camera2-Card1-0730,13,4,1,8,1,0
23May13Camera2-Card1-0730_7.png,23May13Camera2-Card1-0730,1,2,0,2,0,0
23May13Camera2-Card1-0730_70.png,23May13Camera2-Card1-0730,4,8,3,7,3,0
23May13Camera2-Card1-0730_71.png,23May13Camera2-Card1-0730,14,8,2,17,10,8
23May13Camera2-Card1-0730_72.png,23May13Camera2-Card1-0730,6,4,3,8,6,3
23May13Camera2-Card1-0730_73.png,23May13Camera2-Card1-0730,1,2,1,2,1,0
23May13Camera2-Card1-0730_78.png,23May13Camera2-Card1-0730,19,6,0,9,0,0
23May13Camera2-Card1-0730_79.png,23May13Camera2-Card1-0730,20,25,0,23,0,0
23May13Camera2-Card1-0730_80.png,23May13Camera2-Card1-0730,7,8,1,11,4,3
23May13Camera2-Card1-0730_81.png,23May13Camera2-Card1-0730,4,3,0,6,2,2
23May13Camera2-Card1-0730_82.png,23May13Camera2-Card1-0730,1,4,0,4,0,0
23May13Camera2-Card1-0730_83.png,23May13Camera2-Card1-0730,1,1,0,1,0,0
23May13Camera2-Card1-0730_9.png,23May13Camera2-Card1-0730,1,8,0,17,0,0
23May13Camera2-Card1-0730_90.png,23May13Camera2-Card1-0730,1,4,1,5,1,0
23May13Camera2-Card1-0730_91.png,23May13Camera2-Card1-0730,7,8,4,10,3,-1
23May13Camera2-Card1-0730_92.png,23May13Camera2-Card1-0730,2,8,1,8,2,1
23May13Camera2-Card1-0730_93.png,23May13Camera2-Card1-0730,1,2,1,1,1,0
23May13Camera2-Card1-0730_94.png,23May13Camera2-Card1-0730,1,1,0,5,1,1
24June18Camera1-Card1-09999_103.png,24June18Camera1-Card1-09999,2,6,1,4,1,0
24June18Camera1-Card1-09999_104.png,24June18Camera1-Card1-09999,1,4,1,3,1,0
24June18Camera1-Card1-09999_50.png,24June18Camera1-Card1-09999,1,2,1,1,1,0
24June18Camera1-Card1-09999_60.png,24June18Camera1-Card1-09999,1,2,1,2,1,0
24June18Camera1-Card1-09999_61.png,24June18Camera1-Card1-09999,1,2,1,2,1,0
24June18Camera1-Card1-09999_62.png,24June18Camera1-Card1-09999,1,3,0,2,0,0
24June18Camera1-Card1-09999_63.png,24June18Camera1-Card1-09999,2,4,1,3,1,0
24June18Camera1-Card1-09999_70.png,24June18Camera1-Card1-09999,1,2,1,2,1,0
24June18Camera1-Card1-09999_72.png,24June18Camera1-Card1-09999,3,4,2,3,2,0
24June18Camera1-Card1-09999_73.png,24June18Camera1-Card1-09999,1,4,1,4,1,0
24June18Camera1-Card1-09999_82.png,24June18Camera1-Card1-09999,2,2,2,2,2,0
24June18Camera1-Card1-09999_83.png,24June18Camera1-Card1-09999,1,6,1,5,1,0
24June18Camera1-Card1-09999_84.png,24June18Camera1-Card1-09999,2,2,2,2,2,0
24June18Camera1-Card1-09999_85.png,24June18Camera1-Card1-09999,3,3,2,2,2,0
24June18Camera1-Card1-09999_87.png,24June18Camera1-Card1-09999,2,3,1,2,1,0
24June18Camera1-Card1-09999_90.png,24June18Camera1-Card1-09999,2,1,1,1,1,0
24June18Camera1-Card1-09999_92.png,24June18Camera1-Card1-09999,2,4,2,2,2,0
24June18Camera1-Card1-09999_93.png,24June18Camera1-Card1-09999,4,6,2,5,3,1
24June18Camera1-Card1-09999_94.png,24June18Camera1-Card1-09999,3,6,3,5,2,-1
24May13Camera1-Card2-0033_107.png,24May13Camera1-Card2-0033,1,6,0,5,0,0
24May13Camera1-Card2-0033_108.png,24May13Camera1-Card2-0033,2,8,0,5,0,0
24May13Camera1-Card2-0033_88.png,24May13Camera1-Card2-0033,1,4,0,3,0,0
24May13Camera1-Card2-0033_95.png,24May13Camera1-Card2-0033,2,14,1,10,0,-1
24May13Camera1-Card2-1565_109.png,24May13Camera1-Card2-1565,7,1,0,0,0,0
24May13Camera1-Card2-1565_119.png,24May13Camera1-Card2-1565,7,9,0,3,0,0
24May13Camera1-Card2-1565_36.png,24May13Camera1-Card2-1565,12,0,0,0,0,0
24May13Camera1-Card2-1565_39.png,24May13Camera1-Card2-1565,2,1,0,0,0,0
24May13Camera1-Card2-1565_42.png,24May13Camera1-Card2-1565,5,14,0,9,0,0
24May13Camera1-Card2-1565_43.png,24May13Camera1-Card2-1565,12,19,0,14,0,0
24May13Camera1-Card2-1565_44.png,24May13Camera1-Card2-1565,21,23,2,23,1,-1
24May13Camera1-Card2-1565_45.png,24May13Camera1-Card2-1565,14,19,1,16,0,-1
24May13Camera1-Card2-1565_46.png,24May13Camera1-Card2-1565,2,4,0,2,0,0
24May13Camera1-Card2-1565_52.png,24May13Camera1-Card2-1565,45,33,3,39,1,-2
24May13Camera1-Card2-1565_53.png,24May13Camera1-Card2-1565,84,65,1,74,2,1
24May13Camera1-Card2-1565_54.png,24May13Camera1-Card2-1565,84,71,2,76,0,-2
24May13Camera1-Card2-1565_55.png,24May13Camera1-Card2-1565,82,71,4,76,1,-3
24May13Camera1-Card2-1565_56.png,24May13Camera1-Card2-1565,53,52,0,51,0,0
24May13Camera1-Card2-1565_57.png,24May13Camera1-Card2-1565,18,27,4,23,0,-4
24May13Camera1-Card2-1565_62.png,24May13Camera1-Card2-1565,4,9,0,7,1,1
24May13Camera1-Card2-1565_63.png,24May13Camera1-Card2-1565,22,20,1,20,0,-1
24May13Camera1-Card2-1565_64.png,24May13Camera1-Card2-1565,28,29,0,30,1,1
24May13Camera1-Card2-1565_65.png,24May13Camera1-Card2-1565,50,50,4,47,0,-4
24May13Camera1-Card2-1565_66.png,24May13Camera1-Card2-1565,75,74,9,76,0,-9
24May13Camera1-Card2-1565_67.png,24May13Camera1-Card2-1565,78,72,4,79,1,-3
24May13Camera1-Card2-1565_68.png,24May13Camera1-Card2-1565,17,58,0,59,0,0
24May13Camera1-Card2-1565_76.png,24May13Camera1-Card2-1565,10,15,1,15,0,-1
24May13Camera1-Card2-1565_77.png,24May13Camera1-Card2-1565,31,36,0,37,0,0
24May13Camera1-Card2-1565_78.png,24May13Camera1-Card2-1565,30,42,1,43,1,0
24May13Camera1-Card2-1565_81.png,24May13Camera1-Card2-1565,1,1,0,1,0,0
24May13Camera1-Card2-1565_82.png,24May13Camera1-Card2-1565,1,1,0,2,0,0
24May13Camera1-Card2-1565_99.png,24May13Camera1-Card2-1565,3,0,0,0,0,0
25June10Camera2-Card1-0188_10.png,25June10Camera2-Card1-0188,7,15,3,16,4,1
25June10Camera2-Card1-0188_11.png,25June10Camera2-Card1-0188,1,7,1,10,0,-1
25June10Camera2-Card1-0188_12.png,25June10Camera2-Card1-0188,2,3,0,6,1,1
25June10Camera2-Card1-0188_13.png,25June10Camera2-Card1-0188,1,5,1,6,1,0
25June10Camera2-Card1-0188_15.png,25June10Camera2-Card1-0188,3,10,0,10,1,1
25June10Camera2-Card1-0188_16.png,25June10Camera2-Card1-0188,5,13,0,14,0,0
25June10Camera2-Card1-0188_17.png,25June10Camera2-Card1-0188,6,11,2,10,3,1
25June10Camera2-Card1-0188_18.png,25June10Camera2-Card1-0188,4,6,0,6,0,0
25June10Camera2-Card1-0188_2.png,25June10Camera2-Card1-0188,1,4,0,8,0,0
25June10Camera2-Card1-0188_20.png,25June10Camera2-Card1-0188,9,6,3,9,4,1
25June10Camera2-Card1-0188_21.png,25June10Camera2-Card1-0188,3,16,0,15,0,0
25June10Camera2-Card1-0188_22.png,25June10Camera2-Card1-0188,3,15,1,16,1,0
25June10Camera2-Card1-0188_23.png,25June10Camera2-Card1-0188,5,14,2,16,1,-1
25June10Camera2-Card1-0188_24.png,25June10Camera2-Card1-0188,7,11,4,12,5,1
25June10Camera2-Card1-0188_25.png,25June10Camera2-Card1-0188,1,3,0,6,0,0
25June10Camera2-Card1-0188_26.png,25June10Camera2-Card1-0188,12,8,2,13,4,2
25June10Camera2-Card1-0188_27.png,25June10Camera2-Card1-0188,8,10,4,13,3,-1
25June10Camera2-Card1-0188_28.png,25June10Camera2-Card1-0188,2,10,0,17,0,0
25June10Camera2-Card1-0188_29.png,25June10Camera2-Card1-0188,3,15,1,13,1,0
25June10Camera2-Card1-0188_3.png,25June10Camera2-Card1-0188,3,13,1,19,1,0
25June10Camera2-Card1-0188_30.png,25June10Camera2-Card1-0188,8,13,3,16,3,0
25June10Camera2-Card1-0188_31.png,25June10Camera2-Card1-0188,13,17,4,22,6,2
25June10Camera2-Card1-0188_32.png,25June10Camera2-Card1-0188,11,8,1,10,3,2
25June10Camera2-Card1-0188_33.png,25June10Camera2-Card1-0188,7,9,2,9,0,-2
25June10Camera2-Card1-0188_34.png,25June10Camera2-Card1-0188,1,5,0,8,0,0
25June10Camera2-Card1-0188_35.png,25June10Camera2-Card1-0188,4,6,2,9,1,-1
25June10Camera2-Card1-0188_36.png,25June10Camera2-Card1-0188,3,8,2,8,2,0
25June10Camera2-Card1-0188_37.png,25June10Camera2-Card1-0188,4,12,2,8,1,-1
25June10Camera2-Card1-0188_38.png,25June10Camera2-Card1-0188,8,21,4,19,5,1
25June10Camera2-Card1-0188_39.png,25June10Camera2-Card1-0188,7,15,1,12,1,0
25June10Camera2-Card1-0188_4.png,25June10Camera2-Card1-0188,8,14,1,26,3,2
25June10Camera2-Card1-0188_40.png,25June10Camera2-Card1-0188,6,8,0,12,1,1
25June10Camera2-Card1-0188_43.png,25June10Camera2-Card1-0188,2,3,1,4,1,0
25June10Camera2-Card1-0188_44.png,25June10Camera2-Card1-0188,8,10,4,10,3,-1
25June10Camera2-Card1-0188_45.png,25June10Camera2-Card1-0188,3,16,2,15,2,0
25June10Camera2-Card1-0188_46.png,25June10Camera2-Card1-0188,1,7,0,16,0,0
25June10Camera2-Card1-0188_49.png,25June10Camera2-Card1-0188,6,6,2,7,3,1
25June10Camera2-Card1-0188_5.png,25June10Camera2-Card1-0188,6,11,1,15,2,1
25June10Camera2-Card1-0188_51.png,25June10Camera2-Card1-0188,5,5,0,10,1,1
25June10Camera2-Card1-0188_52.png,25June10Camera2-Card1-0188,3,4,1,7,1,0
25June10Camera2-Card1-0188_6.png,25June10Camera2-Card1-0188,8,7,4,9,3,-1
25June10Camera2-Card1-0188_61.png,25June10Camera2-Card1-0188,11,9,4,9,5,1
25June10Camera2-Card1-0188_62.png,25June10Camera2-Card1-0188,16,10,3,12,6,3
25June10Camera2-Card1-0188_67.png,25June10Camera2-Card1-0188,6,8,1,8,1,0
25June10Camera2-Card1-0188_68.png,25June10Camera2-Card1-0188,24,14,6,17,9,3
25June10Camera2-Card1-0188_69.png,25June10Camera2-Card1-0188,13,10,4,11,5,1
25June10Camera2-Card1-0188_74.png,25June10Camera2-Card1-0188,9,12,3,10,4,1
25June10Camera2-Card1-0188_75.png,25June10Camera2-Card1-0188,17,14,4,12,6,2
25June10Camera2-Card1-0188_76.png,25June10Camera2-Card1-0188,6,10,2,11,2,0
25June10Camera2-Card1-0188_8.png,25June10Camera2-Card1-0188,1,6,0,7,0,0
25June10Camera2-Card1-0188_9.png,25June10Camera2-Card1-0188,8,13,2,12,1,-1
25May13Camera2-Card4-1442_100.png,25May13Camera2-Card4-1442,1,3,0,3,0,0
25May13Camera2-Card4-1442_110.png,25May13Camera2-Card4-1442,4,8,2,7,2,0
25May13Camera2-Card4-1442_120.png,25May13Camera2-Card4-1442,2,4,1,4,1,0
25May13Camera2-Card4-1442_121.png,25May13Camera2-Card4-1442,2,2,1,2,1,0
25May13Camera2-Card4-1442_122.png,25May13Camera2-Card4-1442,2,1,1,2,1,0
25May13Camera2-Card4-1442_15.png,25May13Camera2-Card4-1442,1,7,0,4,0,0
25May13Camera2-Card4-1442_152.png,25May13Camera2-Card4-1442,1,4,1,3,1,0
25May13Camera2-Card4-1442_153.png,25May13Camera2-Card4-1442,1,11,1,3,1,0
25May13Camera2-Card4-1442_16.png,25May13Camera2-Card4-1442,1,4,0,1,0,0
25May13Camera2-Card4-1442_43.png,25May13Camera2-Card4-1442,9,9,6,8,7,1
25May13Camera2-Card4-1442_44.png,25May13Camera2-Card4-1442,2,7,1,5,1,0
25May13Camera2-Card4-1442_50.png,25May13Camera2-Card4-1442,6,6,0,6,3,3
25May13Camera2-Card4-1442_51.png,25May13Camera2-Card4-1442,20,22,8,21,11,3
25May13Camera2-Card4-1442_52.png,25May13Camera2-Card4-1442,27,33,14,34,17,3
25May13Camera2-Card4-1442_53.png,25May13Camera2-Card4-1442,39,46,25,49,29,4
25May13Camera2-Card4-1442_54.png,25May13Camera2-Card4-1442,30,39,14,42,19,5
25May13Camera2-Card4-1442_55.png,25May13Camera2-Card4-1442,19,22,13,23,14,1
25May13Camera2-Card4-1442_56.png,25May13Camera2-Card4-1442,3,7,1,6,1,0
25May13Camera2-Card4-1442_60.png,25May13Camera2-Card4-1442,8,7,4,6,3,-1
25May13Camera2-Card4-1442_61.png,25May13Camera2-Card4-1442,43,31,15,33,20,5
25May13Camera2-Card4-1442_62.png,25May13Camera2-Card4-1442,64,51,29,55,39,10
25May13Camera2-Card4-1442_63.png,25May13Camera2-Card4-1442,70,61,25,63,40,15
25May13Camera2-Card4-1442_64.png,25May13Camera2-Card4-1442,54,48,25,52,32,7
25May13Camera2-Card4-1442_65.png,25May13Camera2-Card4-1442,46,45,25,47,32,7
25May13Camera2-Card4-1442_66.png,25May13Camera2-Card4-1442,18,43,9,48,11,2
25May13Camera2-Card4-1442_71.png,25May13Camera2-Card4-1442,4,5,1,5,1,0
25May13Camera2-Card4-1442_72.png,25May13Camera2-Card4-1442,30,28,13,29,21,8
25May13Camera2-Card4-1442_73.png,25May13Camera2-Card4-1442,47,39,19,42,32,13
25May13Camera2-Card4-1442_74.png,25May13Camera2-Card4-1442,42,38,20,39,29,9
25May13Camera2-Card4-1442_75.png,25May13Camera2-Card4-1442,55,44,23,44,37,14
25May13Camera2-Card4-1442_76.png,25May13Camera2-Card4-1442,26,53,8,52,16,8
25May13Camera2-Card4-1464_114.png,25May13Camera2-Card4-1464,2,2,1,3,1,0
25May13Camera2-Card4-1464_142.png,25May13Camera2-Card4-1464,2,5,1,9,1,0
25May13Camera2-Card4-1464_152.png,25May13Camera2-Card4-1464,2,3,1,8,1,0
25May13Camera2-Card4-1464_33.png,25May13Camera2-Card4-1464,2,10,0,9,0,0
25May13Camera2-Card4-1464_43.png,25May13Camera2-Card4-1464,2,10,0,8,1,1
25May13Camera2-Card4-1464_61.png,25May13Camera2-Card4-1464,1,18,1,9,1,0
25May13Camera2-Card4-1464_62.png,25May13Camera2-Card4-1464,4,9,2,5,2,0
25May13Camera2-Card4-1464_63.png,25May13Camera2-Card4-1464,3,6,1,6,1,0
25May13Camera2-Card4-1464_72.png,25May13Camera2-Card4-1464,3,8,1,7,2,1
25May13Camera2-Card4-1464_73.png,25May13Camera2-Card4-1464,4,8,2,8,2,0
25May13Camera2-Card4-1464_74.png,25May13Camera2-Card4-1464,3,6,1,5,1,0
25May13Camera2-Card4-1464_76.png,25May13Camera2-Card4-1464,2,5,0,5,1,1
25May13Camera2-Card4-1464_86.png,25May13Camera2-Card4-1464,2,9,1,9,1,0
25May21Camera1-Card3-9587_102.png,25May21Camera1-Card3-9587,2,28,1,23,1,0
25May21Camera1-Card3-9587_103.png,25May21Camera1-Card3-9587,5,15,0,13,2,2
25May21Camera1-Card3-9587_104.png,25May21Camera1-Card3-9587,6,11,0,8,2,2
25May21Camera1-Card3-9587_105.png,25May21Camera1-Card3-9587,6,17,1,11,3,2
25May21Camera1-Card3-9587_106.png,25May21Camera1-Card3-9587,8,16,0,15,3,3
25May21Camera1-Card3-9587_107.png,25May21Camera1-Card3-9587,2,17,0,11,1,1
25May21Camera1-Card3-9587_114.png,25May21Camera1-Card3-9587,4,25,1,21,2,1
25May21Camera1-Card3-9587_115.png,25May21Camera1-Card3-9587,7,30,0,18,2,2
25May21Camera1-Card3-9587_116.png,25May21Camera1-Card3-9587,5,16,1,12,3,2
25May21Camera1-Card3-9587_117.png,25May21Camera1-Card3-9587,4,12,1,11,2,1
25May21Camera1-Card3-9587_118.png,25May21Camera1-Card3-9587,4,11,0,8,2,2
25May21Camera1-Card3-9587_119.png,25May21Camera1-Card3-9587,8,14,0,11,1,1
25May21Camera1-Card3-9587_120.png,25May21Camera1-Card3-9587,3,17,0,11,0,0
25May21Camera1-Card3-9587_126.png,25May21Camera1-Card3-9587,3,24,0,20,1,1
25May21Camera1-Card3-9587_127.png,25May21Camera1-Card3-9587,5,11,1,9,2,1
25May21Camera1-Card3-9587_129.png,25May21Camera1-Card3-9587,6,12,0,11,4,4
25May21Camera1-Card3-9587_130.png,25May21Camera1-Card3-9587,12,16,3,11,5,2
25May21Camera1-Card3-9587_131.png,25May21Camera1-Card3-9587,6,16,2,11,2,0
25May21Camera1-Card3-9587_139.png,25May21Camera1-Card3-9587,4,16,1,16,2,1
25May21Camera1-Card3-9587_140.png,25May21Camera1-Card3-9587,3,11,1,9,2,1
25May21Camera1-Card3-9587_141.png,25May21Camera1-Card3-9587,15,16,3,11,7,4
25May21Camera1-Card3-9587_142.png,25May21Camera1-Card3-9587,12,19,3,14,4,1
25May21Camera1-Card3-9587_151.png,25May21Camera1-Card3-9587,8,25,1,27,4,3
25May21Camera1-Card3-9587_152.png,25May21Camera1-Card3-9587,3,13,0,17,3,3
25May21Camera1-Card3-9587_153.png,25May21Camera1-Card3-9587,1,11,0,14,1,1
25May21Camera1-Card3-9587_155.png,25May21Camera1-Card3-9587,2,15,0,14,0,0
25May21Camera1-Card3-9587_163.png,25May21Camera1-Card3-9587,4,16,0,20,2,2
25May21Camera1-Card3-9587_164.png,25May21Camera1-Card3-9587,2,19,0,18,1,1
25May21Camera1-Card3-9587_55.png,25May21Camera1-Card3-9587,2,12,1,9,1,0
25May21Camera1-Card3-9587_56.png,25May21Camera1-Card3-9587,2,11,1,10,1,0
25May21Camera1-Card3-9587_66.png,25May21Camera1-Card3-9587,3,14,0,9,1,1
25May21Camera1-Card3-9587_68.png,25May21Camera1-Card3-9587,3,7,0,4,1,1
25May21Camera1-Card3-9587_79.png,25May21Camera1-Card3-9587,3,9,0,5,1,1
25May21Camera1-Card3-9587_94.png,25May21Camera1-Card3-9587,2,25,1,25,1,0
25May21Camera1-Card3-9587_95.png,25May21Camera1-Card3-9587,2,23,0,22,1,1
25May21Camera1-Card3-9587_96.png,25May21Camera1-Card3-9587,3,15,0,12,1,1
27June10Camera1-Card1-0636_129.png,27June10Camera1-Card1-0636,2,2,0,0,0,0
27June10Camera1-Card1-0636_139.png,27June10Camera1-Card1-0636,3,2,0,0,0,0
27June10Camera1-Card1-0636_70.png,27June10Camera1-Card1-0636,1,1,0,4,0,0
27June10Camera1-Card1-0636_91.png,27June10Camera1-Card1-0636,1,1,0,1,0,0
27June10Camera2-Card1-0241_20.png,27June10Camera2-Card1-0241,10,1,0,1,0,0
27June10Camera2-Card1-0241_21.png,27June10Camera2-Card1-0241,2,2,0,1,0,0
27June10Camera2-Card1-0241_22.png,27June10Camera2-Card1-0241,1,5,0,3,0,0
27June10Camera2-Card1-0241_23.png,27June10Camera2-Card1-0241,5,8,1,5,1,0
27June10Camera2-Card1-0241_25.png,27June10Camera2-Card1-0241,3,5,1,6,1,0
27June10Camera2-Card1-0241_28.png,27June10Camera2-Card1-0241,4,7,0,6,0,0
27June10Camera2-Card1-0241_29.png,27June10Camera2-Card1-0241,7,7,2,9,1,-1
27June10Camera2-Card1-0241_30.png,27June10Camera2-Card1-0241,3,7,1,5,1,0
27June10Camera2-Card1-0241_31.png,27June10Camera2-Card1-0241,1,4,0,2,0,0
27June10Camera2-Card1-0241_32.png,27June10Camera2-Card1-0241,7,6,1,6,1,0
27June10Camera2-Card1-0241_33.png,27June10Camera2-Card1-0241,4,2,2,4,0,-2
27June10Camera2-Card1-0241_34.png,27June10Camera2-Card1-0241,2,2,1,2,0,-1
27June10Camera2-Card1-0241_35.png,27June10Camera2-Card1-0241,4,10,0,11,0,0
27June10Camera2-Card1-0241_36.png,27June10Camera2-Card1-0241,2,8,1,8,0,-1
27June10Camera2-Card1-0241_42.png,27June10Camera2-Card1-0241,1,11,0,15,0,0
27June10Camera2-Card1-0241_43.png,27June10Camera2-Card1-0241,1,13,0,20,0,0
27May12Camera2-Card2-0030_18.png,27May12Camera2-Card2-0030,4,12,1,9,0,-1
27May12Camera2-Card2-0030_20.png,27May12Camera2-Card2-0030,1,16,0,12,0,0
27May12Camera2-Card2-0030_25.png,27May12Camera2-Card2-0030,4,14,0,5,1,1
27May12Camera2-Card2-0030_27.png,27May12Camera2-Card2-0030,1,14,0,16,0,0
27May12Camera2-Card2-0030_37.png,27May12Camera2-Card2-0030,4,22,0,11,0,0
27May12Camera2-Card2-0030_38.png,27May12Camera2-Card2-0030,1,14,0,3,0,0
27May12Camera2-Card2-0030_39.png,27May12Camera2-Card2-0030,2,14,1,10,2,1
27May12Camera2-Card2-0030_44.png,27May12Camera2-Card2-0030,1,11,1,7,0,-1
27May12Camera2-Card2-0030_51.png,27May12Camera2-Card2-0030,1,4,1,2,0,-1
28May12Camera1-Card1-0082_0.png,28May12Camera1-Card1-0082,1,3,0,1,1,1
28May12Camera1-Card1-0082_1.png,28May12Camera1-Card1-0082,2,3,2,2,2,0
28May12Camera1-Card1-0082_10.png,28May12Camera1-Card1-0082,1,3,1,1,1,0
28May12Camera1-Card1-0082_101.png,28May12Camera1-Card1-0082,13,11,5,12,5,0
28May12Camera1-Card1-0082_102.png,28May12Camera1-Card1-0082,11,10,3,12,6,3
28May12Camera1-Card1-0082_103.png,28May12Camera1-Card1-0082,9,7,5,9,6,1
28May12Camera1-Card1-0082_104.png,28May12Camera1-Card1-0082,11,13,3,10,3,0
28May12Camera1-Card1-0082_105.png,28May12Camera1-Card1-0082,6,6,1,2,1,0
28May12Camera1-Card1-0082_106.png,28May12Camera1-Card1-0082,3,7,1,4,1,0
28May12Camera1-Card1-0082_11.png,28May12Camera1-Card1-0082,1,3,1,1,1,0
28May12Camera1-Card1-0082_110.png,28May12Camera1-Card1-0082,3,5,1,7,1,0
28May12Camera1-Card1-0082_111.png,28May12Camera1-Card1-0082,4,4,1,2,1,0
28May12Camera1-Card1-0082_112.png,28May12Camera1-Card1-0082,7,10,3,7,3,0
28May12Camera1-Card1-0082_113.png,28May12Camera1-Card1-0082,10,14,5,13,6,1
28May12Camera1-Card1-0082_114.png,28May12Camera1-Card1-0082,2,6,0,3,0,0
28May12Camera1-Card1-0082_12.png,28May12Camera1-Card1-0082,1,2,1,1,1,0
28May12Camera1-Card1-0082_120.png,28May12Camera1-Card1-0082,16,20,9,18,10,1
28May12Camera1-Card1-0082_121.png,28May12Camera1-Card1-0082,4,5,2,4,3,1
28May12Camera1-Card1-0082_122.png,28May12Camera1-Card1-0082,1,4,1,2,1,0
28May12Camera1-Card1-0082_123.png,28May12Camera1-Card1-0082,1,2,0,3,1,1
28May12Camera1-Card1-0082_124.png,28May12Camera1-Card1-0082,1,3,1,1,1,0
28May12Camera1-Card1-0082_130.png,28May12Camera1-Card1-0082,11,12,6,10,6,0
28May12Camera1-Card1-0082_131.png,28May12Camera1-Card1-0082,8,11,2,7,3,1
28May12Camera1-Card1-0082_132.png,28May12Camera1-Card1-0082,1,2,0,3,1,1
28May12Camera1-Card1-0082_133.png,28May12Camera1-Card1-0082,1,1,0,1,0,0
28May12Camera1-Card1-0082_134.png,28May12Camera1-Card1-0082,1,2,1,1,1,0
28May12Camera1-Card1-0082_14.png,28May12Camera1-Card1-0082,1,2,1,1,1,0
28May12Camera1-Card1-0082_15.png,28May12Camera1-Card1-0082,3,4,2,3,2,0
28May12Camera1-Card1-0082_18.png,28May12Camera1-Card1-0082,2,6,1,4,2,1
28May12Camera1-Card1-0082_19.png,28May12Camera1-Card1-0082,2,5,1,4,2,1
28May12Camera1-Card1-0082_2.png,28May12Camera1-Card1-0082,2,3,2,2,2,0
28May12Camera1-Card1-0082_21.png,28May12Camera1-Card1-0082,1,1,1,1,1,0
28May12Camera1-Card1-0082_23.png,28May12Camera1-Card1-0082,2,3,2,2,2,0
28May12Camera1-Card1-0082_24.png,28May12Camera1-Card1-0082,1,5,1,3,1,0
28May12Camera1-Card1-0082_28.png,28May12Camera1-Card1-0082,3,3,1,2,1,0
28May12Camera1-Card1-0082_29.png,28May12Camera1-Card1-0082,3,3,2,2,1,-1
28May12Camera1-Card1-0082_3.png,28May12Camera1-Card1-0082,6,8,5,7,5,0
28May12Camera1-Card1-0082_30.png,28May12Camera1-Card1-0082,2,3,1,2,1,0
28May12Camera1-Card1-0082_31.png,28May12Camera1-Card1-0082,2,2,1,1,1,0
28May12Camera1-Card1-0082_32.png,28May12Camera1-Card1-0082,2,2,1,1,1,0
28May12Camera1-Card1-0082_34.png,28May12Camera1-Card1-0082,1,2,1,1,1,0
28May12Camera1-Card1-0082_36.png,28May12Camera1-Card1-0082,2,5,1,5,1,0
28May12Camera1-Card1-0082_4.png,28May12Camera1-Card1-0082,1,2,1,2,1,0
28May12Camera1-Card1-0082_40.png,28May12Camera1-Card1-0082,7,9,3,7,3,0
28May12Camera1-Card1-0082_41.png,28May12Camera1-Card1-0082,16,11,8,10,8,0
28May12Camera1-Card1-0082_42.png,28May12Camera1-Card1-0082,5,3,3,3,3,0
28May12Camera1-Card1-0082_5.png,28May12Camera1-Card1-0082,4,6,2,3,2,0
28May12Camera1-Card1-0082_50.png,28May12Camera1-Card1-0082,5,8,2,6,2,0
28May12Camera1-Card1-0082_51.png,28May12Camera1-Card1-0082,12,16,5,14,5,0
28May12Camera1-Card1-0082_52.png,28May12Camera1-Card1-0082,11,8,4,8,4,0
28May12Camera1-Card1-0082_56.png,28May12Camera1-Card1-0082,1,6,0,0,0,0
28May12Camera1-Card1-0082_6.png,28May12Camera1-Card1-0082,9,8,7,7,7,0
28May12Camera1-Card1-0082_60.png,28May12Camera1-Card1-0082,8,11,2,10,3,1
28May12Camera1-Card1-0082_61.png,28May12Camera1-Card1-0082,12,12,4,12,4,0
28May12Camera1-Card1-0082_62.png,28May12Camera1-Card1-0082,3,3,1,3,1,0
28May12Camera1-Card1-0082_64.png,28May12Camera1-Card1-0082,1,1,1,1,1,0
28May12Camera1-Card1-0082_7.png,28May12Camera1-Card1-0082,2,2,1,1,1,0
28May12Camera1-Card1-0082_70.png,28May12Camera1-Card1-0082,11,13,5,12,7,2
28May12Camera1-Card1-0082_71.png,28May12Camera1-Card1-0082,4,5,3,3,3,0
28May12Camera1-Card1-0082_74.png,28May12Camera1-Card1-0082,4,2,2,2,2,0
28May12Camera1-Card1-0082_78.png,28May12Camera1-Card1-0082,1,2,0,0,0,0
28May12Camera1-Card1-0082_79.png,28May12Camera1-Card1-0082,1,2,0,0,0,0
28May12Camera1-Card1-0082_8.png,28May12Camera1-Card1-0082,1,2,0,2,1,1
28May12Camera1-Card1-0082_80.png,28May12Camera1-Card1-0082,21,12,6,14,7,1
28May12Camera1-Card1-0082_81.png,28May12Camera1-Card1-0082,4,5,1,3,1,0
28May12Camera1-Card1-0082_85.png,28May12Camera1-Card1-0082,3,6,0,1,0,0
28May12Camera1-Card1-0082_86.png,28May12Camera1-Card1-0082,2,11,0,2,1,1
28May12Camera1-Card1-0082_90.png,28May12Camera1-Card1-0082,4,4,2,7,3,1
28May12Camera1-Card1-0082_91.png,28May12Camera1-Card1-0082,12,13,7,10,7,0
28May12Camera1-Card1-0082_92.png,28May12Camera1-Card1-0082,2,7,1,6,2,1
28May12Camera1-Card1-0082_93.png,28May12Camera1-Card1-0082,3,4,0,3,1,1
28May12Camera1-Card1-0082_94.png,28May12Camera1-Card1-0082,3,6,2,5,2,0
28May12Camera1-Card1-0082_95.png,28May12Camera1-Card1-0082,8,5,3,5,2,-1
28May12Camera1-Card1-0082_96.png,28May12Camera1-Card1-0082,3,12,2,7,2,0
28May12Camera2-Card1-0333_10.png,28May12Camera2-Card1-0333,6,3,0,4,0,0
28May12Camera2-Card1-0333_11.png,28May12Camera2-Card1-0333,9,9,0,14,0,0
28May12Camera2-Card1-0333_12.png,28May12Camera2-Card1-0333,4,4,0,6,3,3
28May12Camera2-Card1-0333_13.png,28May12Camera2-Card1-0333,6,1,0,0,0,0
28May12Camera2-Card1-0333_14.png,28May12Camera2-Card1-0333,8,3,0,0,0,0
28May12Camera2-Card1-0333_17.png,28May12Camera2-Card1-0333,3,4,0,2,0,0
28May12Camera2-Card1-0333_18.png,28May12Camera2-Card1-0333,6,7,1,10,4,3
28May12Camera2-Card1-0333_19.png,28May12Camera2-Card1-0333,7,7,0,9,3,3
28May12Camera2-Card1-0333_20.png,28May12Camera2-Card1-0333,5,7,0,8,2,2
28May12Camera2-Card1-0333_24.png,28May12Camera2-Card1-0333,12,5,0,9,5,5
28May12Camera2-Card1-0333_25.png,28May12Camera2-Card1-0333,17,5,2,18,8,6
28May12Camera2-Card1-0333_26.png,28May12Camera2-Card1-0333,11,11,4,12,5,1
28May12Camera2-Card1-0333_27.png,28May12Camera2-Card1-0333,7,10,2,11,3,1
28May12Camera2-Card1-0333_30.png,28May12Camera2-Card1-0333,3,3,0,2,2,2
28May12Camera2-Card1-0333_31.png,28May12Camera2-Card1-0333,10,4,1,9,6,5
28May12Camera2-Card1-0333_32.png,28May12Camera2-Card1-0333,8,1,1,8,4,3
28May12Camera2-Card1-0333_33.png,28May12Camera2-Card1-0333,3,4,2,3,3,1
28May12Camera2-Card1-0333_34.png,28May12Camera2-Card1-0333,7,3,1,3,1,0
28May12Camera2-Card1-0333_38.png,28May12Camera2-Card1-0333,1,5,0,4,0,0
28May12Camera2-Card1-0333_39.png,28May12Camera2-Card1-0333,3,5,1,6,2,1
28May12Camera2-Card1-0333_40.png,28May12Camera2-Card1-0333,12,3,2,2,2,0
28May12Camera2-Card1-0333_41.png,28May12Camera2-Card1-0333,15,1,1,1,1,0
28May12Camera2-Card1-0333_45.png,28May12Camera2-Card1-0333,6,1,1,4,2,1
28May12Camera2-Card1-0333_46.png,28May12Camera2-Card1-0333,23,3,1,9,4,3
28May12Camera2-Card1-0333_47.png,28May12Camera2-Card1-0333,15,4,0,4,0,0
28May12Camera2-Card1-0333_48.png,28May12Camera2-Card1-0333,3,4,0,3,0,0
28May12Camera2-Card1-0333_51.png,28May12Camera2-Card1-0333,2,3,0,2,0,0
28May12Camera2-Card1-0333_52.png,28May12Camera2-Card1-0333,31,12,5,18,10,5
28May12Camera2-Card1-0333_53.png,28May12Camera2-Card1-0333,66,17,12,23,15,3
28May12Camera2-Card1-0333_54.png,28May12Camera2-Card1-0333,19,17,0,21,1,1
28May12Camera2-Card1-0333_57.png,28May12Camera2-Card1-0333,4,3,2,4,2,0
28May12Camera2-Card1-0333_58.png,28May12Camera2-Card1-0333,13,8,3,16,8,5
28May12Camera2-Card1-0333_59.png,28May12Camera2-Card1-0333,43,20,10,33,18,8
28May12Camera2-Card1-0333_60.png,28May12Camera2-Card1-0333,36,21,10,30,16,6
28May12Camera2-Card1-0333_61.png,28May12Camera2-Card1-0333,57,13,4,12,4,0
28May12Camera2-Card1-0333_62.png,28May12Camera2-Card1-0333,18,13,0,14,0,0
28May12Camera2-Card1-0333_63.png,28May12Camera2-Card1-0333,2,1,0,3,1,1
28May12Camera2-Card1-0333_64.png,28May12Camera2-Card1-0333,20,12,3,23,10,7
28May12Camera2-Card1-0333_65.png,28May12Camera2-Card1-0333,27,12,8,20,16,8
28May12Camera2-Card1-0333_66.png,28May12Camera2-Card1-0333,43,22,16,35,22,6
28May12Camera2-Card1-0333_67.png,28May12Camera2-Card1-0333,45,12,6,17,12,6
28May12Camera2-Card1-0333_68.png,28May12Camera2-Card1-0333,37,3,0,2,0,0
28May12Camera2-Card1-0333_7.png,28May12Camera2-Card1-0333,27,3,0,0,0,0
28May12Camera2-Card1-0333_70.png,28May12Camera2-Card1-0333,5,1,0,2,1,1
28May12Camera2-Card1-0333_71.png,28May12Camera2-Card1-0333,23,14,5,25,10,5
28May12Camera2-Card1-0333_72.png,28May12Camera2-Card1-0333,24,10,7,18,14,7
28May12Camera2-Card1-0333_73.png,28May12Camera2-Card1-0333,37,20,14,32,23,9
28May12Camera2-Card1-0333_74.png,28May12Camera2-Card1-0333,39,11,6,12,11,5
28May12Camera2-Card1-0333_75.png,28May12Camera2-Card1-0333,32,2,0,2,0,0
28May12Camera2-Card2-0242_1.png,28May12Camera2-Card2-0242,1,1,0,1,0,0
28May12Camera2-Card2-0242_11.png,28May12Camera2-Card2-0242,6,0,0,0,0,0
28May12Camera2-Card2-0242_12.png,28May12Camera2-Card2-0242,3,0,0,0,0,0
28May12Camera2-Card2-0242_14.png,28May12Camera2-Card2-0242,1,0,0,0,0,0
28May12Camera2-Card2-0242_15.png,28May12Camera2-Card2-0242,1,0,0,2,0,0
28May12Camera2-Card2-0242_18.png,28May12Camera2-Card2-0242,11,2,0,3,0,0
28May12Camera2-Card2-0242_19.png,28May12Camera2-Card2-0242,2,2,0,2,0,0
28May12Camera2-Card2-0242_20.png,28May12Camera2-Card2-0242,6,3,0,3,0,0
28May12Camera2-Card2-0242_22.png,28May12Camera2-Card2-0242,1,0,0,2,0,0
28May12Camera2-Card2-0242_25.png,28May12Camera2-Card2-0242,1,1,0,2,0,0
28May12Camera2-Card2-0242_32.png,28May12Camera2-Card2-0242,2,2,0,7,0,0
28May12Camera2-Card2-0242_33.png,28May12Camera2-Card2-0242,1,1,0,6,0,0
28May12Camera2-Card2-0242_35.png,28May12Camera2-Card2-0242,1,2,0,4,1,1
28May12Camera2-Card2-0242_36.png,28May12Camera2-Card2-0242,1,0,0,4,1,1
28May12Camera2-Card2-0242_37.png,28May12Camera2-Card2-0242,1,2,0,7,1,1
28May12Camera2-Card2-0242_38.png,28May12Camera2-Card2-0242,1,2,0,6,1,1
28May12Camera2-Card2-0242_39.png,28May12Camera2-Card2-0242,1,7,1,9,1,0
28May12Camera2-Card2-0242_4.png,28May12Camera2-Card2-0242,8,0,0,0,0,0
28May12Camera2-Card2-0242_40.png,28May12Camera2-Card2-0242,1,8,0,12,0,0
28May12Camera2-Card2-0242_41.png,28May12Camera2-Card2-0242,3,4,0,5,0,0
28May12Camera2-Card2-0242_42.png,28May12Camera2-Card2-0242,1,2,0,3,0,0
28May12Camera2-Card2-0242_43.png,28May12Camera2-Card2-0242,2,3,0,6,0,0
28May12Camera2-Card2-0242_44.png,28May12Camera2-Card2-0242,1,3,0,7,1,1
28May12Camera2-Card2-0242_45.png,28May12Camera2-Card2-0242,1,2,0,3,0,0
28May12Camera2-Card2-0242_48.png,28May12Camera2-Card2-0242,5,4,0,9,0,0
28May12Camera2-Card2-0242_49.png,28May12Camera2-Card2-0242,1,2,0,3,0,0
28May12Camera2-Card2-0242_5.png,28May12Camera2-Card2-0242,1,0,0,0,0,0
29May12Camera1-Card2-0022_0.png,29May12Camera1-Card2-0022,3,15,3,9,3,0
29May12Camera1-Card2-0022_1.png,29May12Camera1-Card2-0022,1,8,1,5,1,0
29May12Camera1-Card2-0022_10.png,29May12Camera1-Card2-0022,3,8,2,10,2,0
29May12Camera1-Card2-0022_101.png,29May12Camera1-Card2-0022,9,15,4,9,4,0
29May12Camera1-Card2-0022_102.png,29May12Camera1-Card2-0022,8,10,4,8,4,0
29May12Camera1-Card2-0022_103.png,29May12Camera1-Card2-0022,8,9,3,7,3,0
29May12Camera1-Card2-0022_104.png,29May12Camera1-Card2-0022,6,9,2,7,4,2
29May12Camera1-Card2-0022_105.png,29May12Camera1-Card2-0022,4,10,2,5,2,0
29May12Camera1-Card2-0022_106.png,29May12Camera1-Card2-0022,8,11,3,8,3,0
29May12Camera1-Card2-0022_11.png,29May12Camera1-Card2-0022,3,4,1,7,1,0
29May12Camera1-Card2-0022_111.png,29May12Camera1-Card2-0022,8,11,3,10,3,0
29May12Camera1-Card2-0022_112.png,29May12Camera1-Card2-0022,9,10,4,11,6,2
29May12Camera1-Card2-0022_113.png,29May12Camera1-Card2-0022,9,13,3,11,4,1
29May12Camera1-Card2-0022_114.png,29May12Camera1-Card2-0022,10,11,2,8,3,1
29May12Camera1-Card2-0022_115.png,29May12Camera1-Card2-0022,4,9,2,7,2,0
29May12Camera1-Card2-0022_116.png,29May12Camera1-Card2-0022,4,10,2,7,2,0
29May12Camera1-Card2-0022_12.png,29May12Camera1-Card2-0022,2,12,2,6,2,0
29May12Camera1-Card2-0022_121.png,29May12Camera1-Card2-0022,2,10,2,5,2,0
29May12Camera1-Card2-0022_122.png,29May12Camera1-Card2-0022,1,10,0,6,0,0
29May12Camera1-Card2-0022_123.png,29May12Camera1-Card2-0022,8,14,2,11,2,0
29May12Camera1-Card2-0022_124.png,29May12Camera1-Card2-0022,7,11,3,12,3,0
29May12Camera1-Card2-0022_125.png,29May12Camera1-Card2-0022,10,14,4,9,3,-1
29May12Camera1-Card2-0022_126.png,29May12Camera1-Card2-0022,3,8,1,7,1,0
29May12Camera1-Card2-0022_13.png,29May12Camera1-Card2-0022,1,8,1,9,1,0
29May12Camera1-Card2-0022_135.png,29May12Camera1-Card2-0022,5,13,3,10,3,0
29May12Camera1-Card2-0022_136.png,29May12Camera1-Card2-0022,3,16,1,7,1,0
29May12Camera1-Card2-0022_14.png,29May12Camera1-Card2-0022,2,9,2,8,2,0
29May12Camera1-Card2-0022_15.png,29May12Camera1-Card2-0022,1,10,0,3,0,0
29May12Camera1-Card2-0022_16.png,29May12Camera1-Card2-0022,3,12,1,8,1,0
29May12Camera1-Card2-0022_2.png,29May12Camera1-Card2-0022,3,8,2,5,2,0
29May12Camera1-Card2-0022_20.png,29May12Camera1-Card2-0022,3,9,1,9,1,0
29May12Camera1-Card2-0022_21.png,29May12Camera1-Card2-0022,12,12,4,8,4,0
29May12Camera1-Card2-0022_22.png,29May12Camera1-Card2-0022,6,13,3,8,3,0
29May12Camera1-Card2-0022_24.png,29May12Camera1-Card2-0022,5,9,2,5,2,0
29May12Camera1-Card2-0022_25.png,29May12Camera1-Card2-0022,3,6,1,3,1,0
29May12Camera1-Card2-0022_3.png,29May12Camera1-Card2-0022,9,14,2,7,2,0
29May12Camera1-Card2-0022_31.png,29May12Camera1-Card2-0022,5,11,2,6,2,0
29May12Camera1-Card2-0022_32.png,29May12Camera1-Card2-0022,2,2,1,4,0,-1
29May12Camera1-Card2-0022_34.png,29May12Camera1-Card2-0022,2,7,2,4,2,0
29May12Camera1-Card2-0022_35.png,29May12Camera1-Card2-0022,10,11,4,10,4,0
29May12Camera1-Card2-0022_4.png,29May12Camera1-Card2-0022,2,12,0,6,1,1
29May12Camera1-Card2-0022_40.png,29May12Camera1-Card2-0022,8,12,4,12,6,2
29May12Camera1-Card2-0022_41.png,29May12Camera1-Card2-0022,10,10,5,11,6,1
29May12Camera1-Card2-0022_42.png,29May12Camera1-Card2-0022,8,7,1,6,2,1
29May12Camera1-Card2-0022_43.png,29May12Camera1-Card2-0022,2,7,2,6,2,0
29May12Camera1-Card2-0022_44.png,29May12Camera1-Card2-0022,4,10,1,7,1,0
29May12Camera1-Card2-0022_45.png,29May12Camera1-Card2-0022,7,12,3,7,4,1
29May12Camera1-Card2-0022_50.png,29May12Camera1-Card2-0022,3,11,2,10,3,1
29May12Camera1-Card2-0022_51.png,29May12Camera1-Card2-0022,9,7,1,6,3,2
29May12Camera1-Card2-0022_52.png,29May12Camera1-Card2-0022,7,10,3,7,3,0
29May12Camera1-Card2-0022_53.png,29May12Camera1-Card2-0022,9,12,2,12,4,2
29May12Camera1-Card2-0022_54.png,29May12Camera1-Card2-0022,1,8,1,7,1,0
29May12Camera1-Card2-0022_55.png,29May12Camera1-Card2-0022,1,8,1,7,1,0
29May12Camera1-Card2-0022_6.png,29May12Camera1-Card2-0022,1,7,0,5,0,0
29May12Camera1-Card2-0022_60.png,29May12Camera1-Card2-0022,14,13,6,11,8,2
29May12Camera1-Card2-0022_61.png,29May12Camera1-Card2-0022,8,8,2,7,3,1
29May12Camera1-Card2-0022_62.png,29May12Camera1-Card2-0022,6,10,4,6,5,1
29May12Camera1-Card2-0022_63.png,29May12Camera1-Card2-0022,8,15,2,6,3,1
29May12Camera1-Card2-0022_64.png,29May12Camera1-Card2-0022,12,15,5,10,6,1
29May12Camera1-Card2-0022_70.png,29May12Camera1-Card2-0022,1,14,1,5,1,0
29May12Camera1-Card2-0022_71.png,29May12Camera1-Card2-0022,9,14,4,14,5,1
29May12Camera1-Card2-0022_72.png,29May12Camera1-Card2-0022,6,7,1,6,2,1
29May12Camera1-Card2-0022_73.png,29May12Camera1-Card2-0022,3,8,1,3,1,0
29May12Camera1-Card2-0022_74.png,29May12Camera1-Card2-0022,11,10,3,8,5,2
29May12Camera1-Card2-0022_75.png,29May12Camera1-Card2-0022,1,4,1,4,1,0
29May12Camera1-Card2-0022_76.png,29May12Camera1-Card2-0022,2,12,0,6,0,0
29May12Camera1-Card2-0022_81.png,29May12Camera1-Card2-0022,12,14,6,17,9,3
29May12Camera1-Card2-0022_82.png,29May12Camera1-Card2-0022,5,14,3,7,3,0
29May12Camera1-Card2-0022_83.png,29May12Camera1-Card2-0022,3,5,1,7,1,0
29May12Camera1-Card2-0022_84.png,29May12Camera1-Card2-0022,4,9,1,4,1,0
29May12Camera1-Card2-0022_85.png,29May12Camera1-Card2-0022,12,10,4,11,5,1
29May12Camera1-Card2-0022_86.png,29May12Camera1-Card2-0022,6,12,2,10,2,0
29May12Camera1-Card2-0022_91.png,29May12Camera1-Card2-0022,9,16,4,11,4,0
29May12Camera1-Card2-0022_92.png,29May12Camera1-Card2-0022,3,12,2,8,2,0
29May12Camera1-Card2-0022_93.png,29May12Camera1-Card2-0022,6,7,2,12,3,1
29May12Camera1-Card2-0022_94.png,29May12Camera1-Card2-0022,4,12,0,8,1,1
29May12Camera1-Card2-0022_96.png,29May12Camera1-Card2-0022,1,5,0,4,1,1
